[2025-10-25 12:12:59,423][__main__][INFO] - ----------- RL Fine-tuning Configuration -----------
[2025-10-25 12:12:59,426][__main__][INFO] - seed: 42
device: cpu
pretrained_policy_path: C:/Users/Hellx/Documents/Programming/python/Project/dgpo/outputs/diffusion_pretrain/v1/2025-10-25/00-16-18/checkpoints/backup/backup_epoch_19.pth
dataset:
  path: C:/Users/Hellx/Documents/Programming/python/Project/dgpo/data/validation/sota_dataset/expert_validation_run_99914b93.lmdb
  num_workers: 2
environment:
  xml_path: envs/panda_pick_place.xml
  n_envs: 2
  max_episode_steps: 500
model:
  observation_horizon: 2
  action_horizon: 8
  action_dim: 8
  image_feat_dim: 128
  d_model: 128
  denoiser_layers: 4
  denoiser_heads: 4
scheduler:
  schedule: cosine
  timesteps: 100
  beta_start: 0.0001
  beta_end: 0.02
training:
  total_timesteps: 200000
  curriculum_total_episodes: 2000
rl_algorithm:
  buffer_size: 5000
  learning_starts: 5000
  batch_size: 128
  gamma: 0.98
  tau: 0.005
  policy_delay: 2
  policy_noise: 0.2
  noise_clip: 0.5
  exploration_noise: 0.1
  guidance_scale: 1.5
  sampling_steps: 4
optimizer:
  actor_lr: 0.0001
  critic_lr: 0.0003
logging:
  use_wandb: false
  wandb_project: dgpo_rl_finetune_v1
  wandb_run_name: null
  log_interval_steps: 800
  eval_freq: 5000
  n_eval_episodes: 3
  video_log_freq: 1

[2025-10-25 12:12:59,427][__main__][INFO] - --------------------------------------------------
[2025-10-25 12:12:59,431][__main__][INFO] - Global seed set to 42
[2025-10-25 12:12:59,431][__main__][INFO] - Output directory: C:\Users\Hellx\Documents\Programming\python\Project\dgpo\outputs\rl_finetune\2025-10-25\12-12-59
[2025-10-25 12:12:59,435][__main__][INFO] - Initializing 2 vectorized environments...
[2025-10-25 12:12:59,436][__main__][WARNING] - [SAFEGUARD] Detected Windows OS. SubprocVecEnv uses 'spawn' multiprocessing which often breaks with PyTorch/CuDNN/MuJoCo. Falling back to DummyVecEnv.
[2025-10-25 12:13:02,166][__main__][INFO] - [ENV INIT] rank=0 is_eval=False seed=42
[2025-10-25 12:13:02,932][__main__][INFO] - [ENV INIT] rank=1 is_eval=False seed=43
[2025-10-25 12:13:02,933][__main__][INFO] - [ENV BUILDER] Created 2 env(s) using DummyVecEnv in 3.497s on Windows | CUDA=OFF
[2025-10-25 12:13:03,682][__main__][INFO] - [ENV INIT] rank=0 is_eval=True seed=1042
[2025-10-25 12:13:03,682][__main__][INFO] - [ENV BUILDER] Created 1 env(s) using DummyVecEnv in 0.748s on Windows | CUDA=OFF
[2025-10-25 12:13:03,683][__main__][INFO] - Initialized evaluation environment.
[2025-10-25 12:13:03,695][__main__][INFO] - Initializing Replay Buffer...
[2025-10-25 12:13:03,698][__main__][INFO] - Using sb3_contrib.common.buffers.DictReplayBuffer.
[2025-10-25 12:13:03,699][utils.expert_dataset][INFO] - Loading index from C:\Users\Hellx\Documents\Programming\python\Project\dgpo\data\validation\sota_dataset\expert_validation_run_99914b93_index.json...
[2025-10-25 12:13:03,700][utils.expert_dataset][INFO] - Loaded 12 episodes, 2945 total valid chunks (Virtually Indexed).
[2025-10-25 12:13:03,861][__main__][INFO] - Building RL models and loading pre-trained actor...
[2025-10-25 12:13:03,861][__main__][INFO] - Inferred proprioception dimension from expert dataset: 22
[2025-10-25 12:13:04,527][models.diffusion_policy][INFO] - State-of-the-art DiffusionPolicy initialized on device: cpu
[2025-10-25 12:13:04,528][models.diffusion_policy][INFO] - Loading model checkpoint from C:\Users\Hellx\Documents\Programming\python\Project\dgpo\outputs\diffusion_pretrain\v1\2025-10-25\00-16-18\checkpoints\backup\backup_epoch_19.pth
[2025-10-25 12:13:04,801][__main__][INFO] - Successfully loaded pre-trained diffusion policy from C:\Users\Hellx\Documents\Programming\python\Project\dgpo\outputs\diffusion_pretrain\v1\2025-10-25\00-16-18\checkpoints\backup\backup_epoch_19.pth
[2025-10-25 12:13:04,802][__main__][INFO] - DiffusionActor initialized with guidance_scale=1.5, sampling_steps=4
[2025-10-25 12:13:04,881][__main__][INFO] - DiffusionActor initialized with guidance_scale=1.5, sampling_steps=4
[2025-10-25 12:13:04,923][__main__][INFO] - Actor and Target Actor created.
[2025-10-25 12:13:04,981][__main__][INFO] - Critic and Target Critic created.
[2025-10-25 12:13:04,985][__main__][INFO] - Optimizers created.
[2025-10-25 12:13:04,986][__main__][INFO] - No checkpoint found at specified path. Starting training from scratch.
[2025-10-25 12:13:04,986][__main__][INFO] - Starting RL fine-tuning...
[2025-10-25 12:13:06,394][__main__][ERROR] - Error processing step for env 0: cannot reshape array of size 8 into shape (2,8)
Traceback (most recent call last):
  File "C:\Users\Hellx\Documents\Programming\python\Project\dgpo\scripts\train_rl.py", line 1072, in run
    self.replay_buffer.add(
  File "C:\Users\Hellx\Documents\Programming\python\Project\dgpo_project\venv\lib\site-packages\stable_baselines3\common\buffers.py", line 634, in add
    action = action.reshape((self.n_envs, self.action_dim))
ValueError: cannot reshape array of size 8 into shape (2,8)
[2025-10-25 12:13:06,397][__main__][ERROR] - Error processing step for env 1: cannot reshape array of size 8 into shape (2,8)
Traceback (most recent call last):
  File "C:\Users\Hellx\Documents\Programming\python\Project\dgpo\scripts\train_rl.py", line 1072, in run
    self.replay_buffer.add(
  File "C:\Users\Hellx\Documents\Programming\python\Project\dgpo_project\venv\lib\site-packages\stable_baselines3\common\buffers.py", line 634, in add
    action = action.reshape((self.n_envs, self.action_dim))
ValueError: cannot reshape array of size 8 into shape (2,8)
[2025-10-25 12:13:07,059][__main__][ERROR] - Error processing step for env 0: cannot reshape array of size 8 into shape (2,8)
Traceback (most recent call last):
  File "C:\Users\Hellx\Documents\Programming\python\Project\dgpo\scripts\train_rl.py", line 1072, in run
    self.replay_buffer.add(
  File "C:\Users\Hellx\Documents\Programming\python\Project\dgpo_project\venv\lib\site-packages\stable_baselines3\common\buffers.py", line 634, in add
    action = action.reshape((self.n_envs, self.action_dim))
ValueError: cannot reshape array of size 8 into shape (2,8)
[2025-10-25 12:13:07,061][__main__][ERROR] - Error processing step for env 1: cannot reshape array of size 8 into shape (2,8)
Traceback (most recent call last):
  File "C:\Users\Hellx\Documents\Programming\python\Project\dgpo\scripts\train_rl.py", line 1072, in run
    self.replay_buffer.add(
  File "C:\Users\Hellx\Documents\Programming\python\Project\dgpo_project\venv\lib\site-packages\stable_baselines3\common\buffers.py", line 634, in add
    action = action.reshape((self.n_envs, self.action_dim))
ValueError: cannot reshape array of size 8 into shape (2,8)
[2025-10-25 12:13:07,737][__main__][ERROR] - Error processing step for env 0: cannot reshape array of size 8 into shape (2,8)
Traceback (most recent call last):
  File "C:\Users\Hellx\Documents\Programming\python\Project\dgpo\scripts\train_rl.py", line 1072, in run
    self.replay_buffer.add(
  File "C:\Users\Hellx\Documents\Programming\python\Project\dgpo_project\venv\lib\site-packages\stable_baselines3\common\buffers.py", line 634, in add
    action = action.reshape((self.n_envs, self.action_dim))
ValueError: cannot reshape array of size 8 into shape (2,8)
[2025-10-25 12:13:07,740][__main__][ERROR] - Error processing step for env 1: cannot reshape array of size 8 into shape (2,8)
Traceback (most recent call last):
  File "C:\Users\Hellx\Documents\Programming\python\Project\dgpo\scripts\train_rl.py", line 1072, in run
    self.replay_buffer.add(
  File "C:\Users\Hellx\Documents\Programming\python\Project\dgpo_project\venv\lib\site-packages\stable_baselines3\common\buffers.py", line 634, in add
    action = action.reshape((self.n_envs, self.action_dim))
ValueError: cannot reshape array of size 8 into shape (2,8)
[2025-10-25 12:13:08,403][__main__][ERROR] - Error processing step for env 0: cannot reshape array of size 8 into shape (2,8)
Traceback (most recent call last):
  File "C:\Users\Hellx\Documents\Programming\python\Project\dgpo\scripts\train_rl.py", line 1072, in run
    self.replay_buffer.add(
  File "C:\Users\Hellx\Documents\Programming\python\Project\dgpo_project\venv\lib\site-packages\stable_baselines3\common\buffers.py", line 634, in add
    action = action.reshape((self.n_envs, self.action_dim))
ValueError: cannot reshape array of size 8 into shape (2,8)
[2025-10-25 12:13:08,406][__main__][ERROR] - Error processing step for env 1: cannot reshape array of size 8 into shape (2,8)
Traceback (most recent call last):
  File "C:\Users\Hellx\Documents\Programming\python\Project\dgpo\scripts\train_rl.py", line 1072, in run
    self.replay_buffer.add(
  File "C:\Users\Hellx\Documents\Programming\python\Project\dgpo_project\venv\lib\site-packages\stable_baselines3\common\buffers.py", line 634, in add
    action = action.reshape((self.n_envs, self.action_dim))
ValueError: cannot reshape array of size 8 into shape (2,8)
[2025-10-25 12:13:09,093][__main__][ERROR] - Error processing step for env 0: cannot reshape array of size 8 into shape (2,8)
Traceback (most recent call last):
  File "C:\Users\Hellx\Documents\Programming\python\Project\dgpo\scripts\train_rl.py", line 1072, in run
    self.replay_buffer.add(
  File "C:\Users\Hellx\Documents\Programming\python\Project\dgpo_project\venv\lib\site-packages\stable_baselines3\common\buffers.py", line 634, in add
    action = action.reshape((self.n_envs, self.action_dim))
ValueError: cannot reshape array of size 8 into shape (2,8)
[2025-10-25 12:13:09,095][__main__][ERROR] - Error processing step for env 1: cannot reshape array of size 8 into shape (2,8)
Traceback (most recent call last):
  File "C:\Users\Hellx\Documents\Programming\python\Project\dgpo\scripts\train_rl.py", line 1072, in run
    self.replay_buffer.add(
  File "C:\Users\Hellx\Documents\Programming\python\Project\dgpo_project\venv\lib\site-packages\stable_baselines3\common\buffers.py", line 634, in add
    action = action.reshape((self.n_envs, self.action_dim))
ValueError: cannot reshape array of size 8 into shape (2,8)
[2025-10-25 12:13:09,793][__main__][ERROR] - Error processing step for env 0: cannot reshape array of size 8 into shape (2,8)
Traceback (most recent call last):
  File "C:\Users\Hellx\Documents\Programming\python\Project\dgpo\scripts\train_rl.py", line 1072, in run
    self.replay_buffer.add(
  File "C:\Users\Hellx\Documents\Programming\python\Project\dgpo_project\venv\lib\site-packages\stable_baselines3\common\buffers.py", line 634, in add
    action = action.reshape((self.n_envs, self.action_dim))
ValueError: cannot reshape array of size 8 into shape (2,8)
[2025-10-25 12:13:09,795][__main__][ERROR] - Error processing step for env 1: cannot reshape array of size 8 into shape (2,8)
Traceback (most recent call last):
  File "C:\Users\Hellx\Documents\Programming\python\Project\dgpo\scripts\train_rl.py", line 1072, in run
    self.replay_buffer.add(
  File "C:\Users\Hellx\Documents\Programming\python\Project\dgpo_project\venv\lib\site-packages\stable_baselines3\common\buffers.py", line 634, in add
    action = action.reshape((self.n_envs, self.action_dim))
ValueError: cannot reshape array of size 8 into shape (2,8)
[2025-10-25 12:13:10,486][__main__][ERROR] - Error processing step for env 0: cannot reshape array of size 8 into shape (2,8)
Traceback (most recent call last):
  File "C:\Users\Hellx\Documents\Programming\python\Project\dgpo\scripts\train_rl.py", line 1072, in run
    self.replay_buffer.add(
  File "C:\Users\Hellx\Documents\Programming\python\Project\dgpo_project\venv\lib\site-packages\stable_baselines3\common\buffers.py", line 634, in add
    action = action.reshape((self.n_envs, self.action_dim))
ValueError: cannot reshape array of size 8 into shape (2,8)
[2025-10-25 12:13:10,489][__main__][ERROR] - Error processing step for env 1: cannot reshape array of size 8 into shape (2,8)
Traceback (most recent call last):
  File "C:\Users\Hellx\Documents\Programming\python\Project\dgpo\scripts\train_rl.py", line 1072, in run
    self.replay_buffer.add(
  File "C:\Users\Hellx\Documents\Programming\python\Project\dgpo_project\venv\lib\site-packages\stable_baselines3\common\buffers.py", line 634, in add
    action = action.reshape((self.n_envs, self.action_dim))
ValueError: cannot reshape array of size 8 into shape (2,8)
[2025-10-25 12:13:11,135][__main__][ERROR] - Error processing step for env 0: cannot reshape array of size 8 into shape (2,8)
Traceback (most recent call last):
  File "C:\Users\Hellx\Documents\Programming\python\Project\dgpo\scripts\train_rl.py", line 1072, in run
    self.replay_buffer.add(
  File "C:\Users\Hellx\Documents\Programming\python\Project\dgpo_project\venv\lib\site-packages\stable_baselines3\common\buffers.py", line 634, in add
    action = action.reshape((self.n_envs, self.action_dim))
ValueError: cannot reshape array of size 8 into shape (2,8)
[2025-10-25 12:13:11,137][__main__][ERROR] - Error processing step for env 1: cannot reshape array of size 8 into shape (2,8)
Traceback (most recent call last):
  File "C:\Users\Hellx\Documents\Programming\python\Project\dgpo\scripts\train_rl.py", line 1072, in run
    self.replay_buffer.add(
  File "C:\Users\Hellx\Documents\Programming\python\Project\dgpo_project\venv\lib\site-packages\stable_baselines3\common\buffers.py", line 634, in add
    action = action.reshape((self.n_envs, self.action_dim))
ValueError: cannot reshape array of size 8 into shape (2,8)
[2025-10-25 12:13:11,874][__main__][ERROR] - Error processing step for env 0: cannot reshape array of size 8 into shape (2,8)
Traceback (most recent call last):
  File "C:\Users\Hellx\Documents\Programming\python\Project\dgpo\scripts\train_rl.py", line 1072, in run
    self.replay_buffer.add(
  File "C:\Users\Hellx\Documents\Programming\python\Project\dgpo_project\venv\lib\site-packages\stable_baselines3\common\buffers.py", line 634, in add
    action = action.reshape((self.n_envs, self.action_dim))
ValueError: cannot reshape array of size 8 into shape (2,8)
[2025-10-25 12:13:11,876][__main__][ERROR] - Error processing step for env 1: cannot reshape array of size 8 into shape (2,8)
Traceback (most recent call last):
  File "C:\Users\Hellx\Documents\Programming\python\Project\dgpo\scripts\train_rl.py", line 1072, in run
    self.replay_buffer.add(
  File "C:\Users\Hellx\Documents\Programming\python\Project\dgpo_project\venv\lib\site-packages\stable_baselines3\common\buffers.py", line 634, in add
    action = action.reshape((self.n_envs, self.action_dim))
ValueError: cannot reshape array of size 8 into shape (2,8)
[2025-10-25 12:13:12,580][__main__][ERROR] - Error processing step for env 0: cannot reshape array of size 8 into shape (2,8)
Traceback (most recent call last):
  File "C:\Users\Hellx\Documents\Programming\python\Project\dgpo\scripts\train_rl.py", line 1072, in run
    self.replay_buffer.add(
  File "C:\Users\Hellx\Documents\Programming\python\Project\dgpo_project\venv\lib\site-packages\stable_baselines3\common\buffers.py", line 634, in add
    action = action.reshape((self.n_envs, self.action_dim))
ValueError: cannot reshape array of size 8 into shape (2,8)
[2025-10-25 12:13:12,583][__main__][ERROR] - Error processing step for env 1: cannot reshape array of size 8 into shape (2,8)
Traceback (most recent call last):
  File "C:\Users\Hellx\Documents\Programming\python\Project\dgpo\scripts\train_rl.py", line 1072, in run
    self.replay_buffer.add(
  File "C:\Users\Hellx\Documents\Programming\python\Project\dgpo_project\venv\lib\site-packages\stable_baselines3\common\buffers.py", line 634, in add
    action = action.reshape((self.n_envs, self.action_dim))
ValueError: cannot reshape array of size 8 into shape (2,8)
[2025-10-25 12:13:13,218][__main__][ERROR] - Error processing step for env 0: cannot reshape array of size 8 into shape (2,8)
Traceback (most recent call last):
  File "C:\Users\Hellx\Documents\Programming\python\Project\dgpo\scripts\train_rl.py", line 1072, in run
    self.replay_buffer.add(
  File "C:\Users\Hellx\Documents\Programming\python\Project\dgpo_project\venv\lib\site-packages\stable_baselines3\common\buffers.py", line 634, in add
    action = action.reshape((self.n_envs, self.action_dim))
ValueError: cannot reshape array of size 8 into shape (2,8)
[2025-10-25 12:13:13,220][__main__][ERROR] - Error processing step for env 1: cannot reshape array of size 8 into shape (2,8)
Traceback (most recent call last):
  File "C:\Users\Hellx\Documents\Programming\python\Project\dgpo\scripts\train_rl.py", line 1072, in run
    self.replay_buffer.add(
  File "C:\Users\Hellx\Documents\Programming\python\Project\dgpo_project\venv\lib\site-packages\stable_baselines3\common\buffers.py", line 634, in add
    action = action.reshape((self.n_envs, self.action_dim))
ValueError: cannot reshape array of size 8 into shape (2,8)
[2025-10-25 12:13:13,875][__main__][ERROR] - Error processing step for env 0: cannot reshape array of size 8 into shape (2,8)
Traceback (most recent call last):
  File "C:\Users\Hellx\Documents\Programming\python\Project\dgpo\scripts\train_rl.py", line 1072, in run
    self.replay_buffer.add(
  File "C:\Users\Hellx\Documents\Programming\python\Project\dgpo_project\venv\lib\site-packages\stable_baselines3\common\buffers.py", line 634, in add
    action = action.reshape((self.n_envs, self.action_dim))
ValueError: cannot reshape array of size 8 into shape (2,8)
[2025-10-25 12:13:13,877][__main__][ERROR] - Error processing step for env 1: cannot reshape array of size 8 into shape (2,8)
Traceback (most recent call last):
  File "C:\Users\Hellx\Documents\Programming\python\Project\dgpo\scripts\train_rl.py", line 1072, in run
    self.replay_buffer.add(
  File "C:\Users\Hellx\Documents\Programming\python\Project\dgpo_project\venv\lib\site-packages\stable_baselines3\common\buffers.py", line 634, in add
    action = action.reshape((self.n_envs, self.action_dim))
ValueError: cannot reshape array of size 8 into shape (2,8)
[2025-10-25 12:13:14,498][__main__][ERROR] - Error processing step for env 0: cannot reshape array of size 8 into shape (2,8)
Traceback (most recent call last):
  File "C:\Users\Hellx\Documents\Programming\python\Project\dgpo\scripts\train_rl.py", line 1072, in run
    self.replay_buffer.add(
  File "C:\Users\Hellx\Documents\Programming\python\Project\dgpo_project\venv\lib\site-packages\stable_baselines3\common\buffers.py", line 634, in add
    action = action.reshape((self.n_envs, self.action_dim))
ValueError: cannot reshape array of size 8 into shape (2,8)
[2025-10-25 12:13:14,500][__main__][ERROR] - Error processing step for env 1: cannot reshape array of size 8 into shape (2,8)
Traceback (most recent call last):
  File "C:\Users\Hellx\Documents\Programming\python\Project\dgpo\scripts\train_rl.py", line 1072, in run
    self.replay_buffer.add(
  File "C:\Users\Hellx\Documents\Programming\python\Project\dgpo_project\venv\lib\site-packages\stable_baselines3\common\buffers.py", line 634, in add
    action = action.reshape((self.n_envs, self.action_dim))
ValueError: cannot reshape array of size 8 into shape (2,8)
[2025-10-25 12:13:15,103][__main__][ERROR] - Error processing step for env 0: cannot reshape array of size 8 into shape (2,8)
Traceback (most recent call last):
  File "C:\Users\Hellx\Documents\Programming\python\Project\dgpo\scripts\train_rl.py", line 1072, in run
    self.replay_buffer.add(
  File "C:\Users\Hellx\Documents\Programming\python\Project\dgpo_project\venv\lib\site-packages\stable_baselines3\common\buffers.py", line 634, in add
    action = action.reshape((self.n_envs, self.action_dim))
ValueError: cannot reshape array of size 8 into shape (2,8)
[2025-10-25 12:13:15,106][__main__][ERROR] - Error processing step for env 1: cannot reshape array of size 8 into shape (2,8)
Traceback (most recent call last):
  File "C:\Users\Hellx\Documents\Programming\python\Project\dgpo\scripts\train_rl.py", line 1072, in run
    self.replay_buffer.add(
  File "C:\Users\Hellx\Documents\Programming\python\Project\dgpo_project\venv\lib\site-packages\stable_baselines3\common\buffers.py", line 634, in add
    action = action.reshape((self.n_envs, self.action_dim))
ValueError: cannot reshape array of size 8 into shape (2,8)
[2025-10-25 12:13:15,700][__main__][ERROR] - Error processing step for env 0: cannot reshape array of size 8 into shape (2,8)
Traceback (most recent call last):
  File "C:\Users\Hellx\Documents\Programming\python\Project\dgpo\scripts\train_rl.py", line 1072, in run
    self.replay_buffer.add(
  File "C:\Users\Hellx\Documents\Programming\python\Project\dgpo_project\venv\lib\site-packages\stable_baselines3\common\buffers.py", line 634, in add
    action = action.reshape((self.n_envs, self.action_dim))
ValueError: cannot reshape array of size 8 into shape (2,8)
[2025-10-25 12:13:15,702][__main__][ERROR] - Error processing step for env 1: cannot reshape array of size 8 into shape (2,8)
Traceback (most recent call last):
  File "C:\Users\Hellx\Documents\Programming\python\Project\dgpo\scripts\train_rl.py", line 1072, in run
    self.replay_buffer.add(
  File "C:\Users\Hellx\Documents\Programming\python\Project\dgpo_project\venv\lib\site-packages\stable_baselines3\common\buffers.py", line 634, in add
    action = action.reshape((self.n_envs, self.action_dim))
ValueError: cannot reshape array of size 8 into shape (2,8)
[2025-10-25 12:13:16,359][__main__][ERROR] - Error processing step for env 0: cannot reshape array of size 8 into shape (2,8)
Traceback (most recent call last):
  File "C:\Users\Hellx\Documents\Programming\python\Project\dgpo\scripts\train_rl.py", line 1072, in run
    self.replay_buffer.add(
  File "C:\Users\Hellx\Documents\Programming\python\Project\dgpo_project\venv\lib\site-packages\stable_baselines3\common\buffers.py", line 634, in add
    action = action.reshape((self.n_envs, self.action_dim))
ValueError: cannot reshape array of size 8 into shape (2,8)
[2025-10-25 12:13:16,360][__main__][ERROR] - Error processing step for env 1: cannot reshape array of size 8 into shape (2,8)
Traceback (most recent call last):
  File "C:\Users\Hellx\Documents\Programming\python\Project\dgpo\scripts\train_rl.py", line 1072, in run
    self.replay_buffer.add(
  File "C:\Users\Hellx\Documents\Programming\python\Project\dgpo_project\venv\lib\site-packages\stable_baselines3\common\buffers.py", line 634, in add
    action = action.reshape((self.n_envs, self.action_dim))
ValueError: cannot reshape array of size 8 into shape (2,8)
[2025-10-25 12:13:17,056][__main__][ERROR] - Error processing step for env 0: cannot reshape array of size 8 into shape (2,8)
Traceback (most recent call last):
  File "C:\Users\Hellx\Documents\Programming\python\Project\dgpo\scripts\train_rl.py", line 1072, in run
    self.replay_buffer.add(
  File "C:\Users\Hellx\Documents\Programming\python\Project\dgpo_project\venv\lib\site-packages\stable_baselines3\common\buffers.py", line 634, in add
    action = action.reshape((self.n_envs, self.action_dim))
ValueError: cannot reshape array of size 8 into shape (2,8)
[2025-10-25 12:13:17,058][__main__][ERROR] - Error processing step for env 1: cannot reshape array of size 8 into shape (2,8)
Traceback (most recent call last):
  File "C:\Users\Hellx\Documents\Programming\python\Project\dgpo\scripts\train_rl.py", line 1072, in run
    self.replay_buffer.add(
  File "C:\Users\Hellx\Documents\Programming\python\Project\dgpo_project\venv\lib\site-packages\stable_baselines3\common\buffers.py", line 634, in add
    action = action.reshape((self.n_envs, self.action_dim))
ValueError: cannot reshape array of size 8 into shape (2,8)
[2025-10-25 12:13:17,767][__main__][ERROR] - Error processing step for env 0: cannot reshape array of size 8 into shape (2,8)
Traceback (most recent call last):
  File "C:\Users\Hellx\Documents\Programming\python\Project\dgpo\scripts\train_rl.py", line 1072, in run
    self.replay_buffer.add(
  File "C:\Users\Hellx\Documents\Programming\python\Project\dgpo_project\venv\lib\site-packages\stable_baselines3\common\buffers.py", line 634, in add
    action = action.reshape((self.n_envs, self.action_dim))
ValueError: cannot reshape array of size 8 into shape (2,8)
[2025-10-25 12:13:17,769][__main__][ERROR] - Error processing step for env 1: cannot reshape array of size 8 into shape (2,8)
Traceback (most recent call last):
  File "C:\Users\Hellx\Documents\Programming\python\Project\dgpo\scripts\train_rl.py", line 1072, in run
    self.replay_buffer.add(
  File "C:\Users\Hellx\Documents\Programming\python\Project\dgpo_project\venv\lib\site-packages\stable_baselines3\common\buffers.py", line 634, in add
    action = action.reshape((self.n_envs, self.action_dim))
ValueError: cannot reshape array of size 8 into shape (2,8)
[2025-10-25 12:13:18,452][__main__][ERROR] - Error processing step for env 0: cannot reshape array of size 8 into shape (2,8)
Traceback (most recent call last):
  File "C:\Users\Hellx\Documents\Programming\python\Project\dgpo\scripts\train_rl.py", line 1072, in run
    self.replay_buffer.add(
  File "C:\Users\Hellx\Documents\Programming\python\Project\dgpo_project\venv\lib\site-packages\stable_baselines3\common\buffers.py", line 634, in add
    action = action.reshape((self.n_envs, self.action_dim))
ValueError: cannot reshape array of size 8 into shape (2,8)
[2025-10-25 12:13:18,454][__main__][ERROR] - Error processing step for env 1: cannot reshape array of size 8 into shape (2,8)
Traceback (most recent call last):
  File "C:\Users\Hellx\Documents\Programming\python\Project\dgpo\scripts\train_rl.py", line 1072, in run
    self.replay_buffer.add(
  File "C:\Users\Hellx\Documents\Programming\python\Project\dgpo_project\venv\lib\site-packages\stable_baselines3\common\buffers.py", line 634, in add
    action = action.reshape((self.n_envs, self.action_dim))
ValueError: cannot reshape array of size 8 into shape (2,8)
[2025-10-25 12:13:19,191][__main__][ERROR] - Error processing step for env 0: cannot reshape array of size 8 into shape (2,8)
Traceback (most recent call last):
  File "C:\Users\Hellx\Documents\Programming\python\Project\dgpo\scripts\train_rl.py", line 1072, in run
    self.replay_buffer.add(
  File "C:\Users\Hellx\Documents\Programming\python\Project\dgpo_project\venv\lib\site-packages\stable_baselines3\common\buffers.py", line 634, in add
    action = action.reshape((self.n_envs, self.action_dim))
ValueError: cannot reshape array of size 8 into shape (2,8)
[2025-10-25 12:13:19,193][__main__][ERROR] - Error processing step for env 1: cannot reshape array of size 8 into shape (2,8)
Traceback (most recent call last):
  File "C:\Users\Hellx\Documents\Programming\python\Project\dgpo\scripts\train_rl.py", line 1072, in run
    self.replay_buffer.add(
  File "C:\Users\Hellx\Documents\Programming\python\Project\dgpo_project\venv\lib\site-packages\stable_baselines3\common\buffers.py", line 634, in add
    action = action.reshape((self.n_envs, self.action_dim))
ValueError: cannot reshape array of size 8 into shape (2,8)
[2025-10-25 12:13:19,894][__main__][ERROR] - Error processing step for env 0: cannot reshape array of size 8 into shape (2,8)
Traceback (most recent call last):
  File "C:\Users\Hellx\Documents\Programming\python\Project\dgpo\scripts\train_rl.py", line 1072, in run
    self.replay_buffer.add(
  File "C:\Users\Hellx\Documents\Programming\python\Project\dgpo_project\venv\lib\site-packages\stable_baselines3\common\buffers.py", line 634, in add
    action = action.reshape((self.n_envs, self.action_dim))
ValueError: cannot reshape array of size 8 into shape (2,8)
[2025-10-25 12:13:19,896][__main__][ERROR] - Error processing step for env 1: cannot reshape array of size 8 into shape (2,8)
Traceback (most recent call last):
  File "C:\Users\Hellx\Documents\Programming\python\Project\dgpo\scripts\train_rl.py", line 1072, in run
    self.replay_buffer.add(
  File "C:\Users\Hellx\Documents\Programming\python\Project\dgpo_project\venv\lib\site-packages\stable_baselines3\common\buffers.py", line 634, in add
    action = action.reshape((self.n_envs, self.action_dim))
ValueError: cannot reshape array of size 8 into shape (2,8)
[2025-10-25 12:13:20,584][__main__][ERROR] - Error processing step for env 0: cannot reshape array of size 8 into shape (2,8)
Traceback (most recent call last):
  File "C:\Users\Hellx\Documents\Programming\python\Project\dgpo\scripts\train_rl.py", line 1072, in run
    self.replay_buffer.add(
  File "C:\Users\Hellx\Documents\Programming\python\Project\dgpo_project\venv\lib\site-packages\stable_baselines3\common\buffers.py", line 634, in add
    action = action.reshape((self.n_envs, self.action_dim))
ValueError: cannot reshape array of size 8 into shape (2,8)
[2025-10-25 12:13:20,588][__main__][ERROR] - Error processing step for env 1: cannot reshape array of size 8 into shape (2,8)
Traceback (most recent call last):
  File "C:\Users\Hellx\Documents\Programming\python\Project\dgpo\scripts\train_rl.py", line 1072, in run
    self.replay_buffer.add(
  File "C:\Users\Hellx\Documents\Programming\python\Project\dgpo_project\venv\lib\site-packages\stable_baselines3\common\buffers.py", line 634, in add
    action = action.reshape((self.n_envs, self.action_dim))
ValueError: cannot reshape array of size 8 into shape (2,8)
[2025-10-25 12:13:21,256][__main__][ERROR] - Error processing step for env 0: cannot reshape array of size 8 into shape (2,8)
Traceback (most recent call last):
  File "C:\Users\Hellx\Documents\Programming\python\Project\dgpo\scripts\train_rl.py", line 1072, in run
    self.replay_buffer.add(
  File "C:\Users\Hellx\Documents\Programming\python\Project\dgpo_project\venv\lib\site-packages\stable_baselines3\common\buffers.py", line 634, in add
    action = action.reshape((self.n_envs, self.action_dim))
ValueError: cannot reshape array of size 8 into shape (2,8)
[2025-10-25 12:13:21,258][__main__][ERROR] - Error processing step for env 1: cannot reshape array of size 8 into shape (2,8)
Traceback (most recent call last):
  File "C:\Users\Hellx\Documents\Programming\python\Project\dgpo\scripts\train_rl.py", line 1072, in run
    self.replay_buffer.add(
  File "C:\Users\Hellx\Documents\Programming\python\Project\dgpo_project\venv\lib\site-packages\stable_baselines3\common\buffers.py", line 634, in add
    action = action.reshape((self.n_envs, self.action_dim))
ValueError: cannot reshape array of size 8 into shape (2,8)
[2025-10-25 12:13:21,979][__main__][ERROR] - Error processing step for env 0: cannot reshape array of size 8 into shape (2,8)
Traceback (most recent call last):
  File "C:\Users\Hellx\Documents\Programming\python\Project\dgpo\scripts\train_rl.py", line 1072, in run
    self.replay_buffer.add(
  File "C:\Users\Hellx\Documents\Programming\python\Project\dgpo_project\venv\lib\site-packages\stable_baselines3\common\buffers.py", line 634, in add
    action = action.reshape((self.n_envs, self.action_dim))
ValueError: cannot reshape array of size 8 into shape (2,8)
[2025-10-25 12:13:21,981][__main__][ERROR] - Error processing step for env 1: cannot reshape array of size 8 into shape (2,8)
Traceback (most recent call last):
  File "C:\Users\Hellx\Documents\Programming\python\Project\dgpo\scripts\train_rl.py", line 1072, in run
    self.replay_buffer.add(
  File "C:\Users\Hellx\Documents\Programming\python\Project\dgpo_project\venv\lib\site-packages\stable_baselines3\common\buffers.py", line 634, in add
    action = action.reshape((self.n_envs, self.action_dim))
ValueError: cannot reshape array of size 8 into shape (2,8)
[2025-10-25 12:13:22,661][__main__][ERROR] - Error processing step for env 0: cannot reshape array of size 8 into shape (2,8)
Traceback (most recent call last):
  File "C:\Users\Hellx\Documents\Programming\python\Project\dgpo\scripts\train_rl.py", line 1072, in run
    self.replay_buffer.add(
  File "C:\Users\Hellx\Documents\Programming\python\Project\dgpo_project\venv\lib\site-packages\stable_baselines3\common\buffers.py", line 634, in add
    action = action.reshape((self.n_envs, self.action_dim))
ValueError: cannot reshape array of size 8 into shape (2,8)
[2025-10-25 12:13:22,665][__main__][ERROR] - Error processing step for env 1: cannot reshape array of size 8 into shape (2,8)
Traceback (most recent call last):
  File "C:\Users\Hellx\Documents\Programming\python\Project\dgpo\scripts\train_rl.py", line 1072, in run
    self.replay_buffer.add(
  File "C:\Users\Hellx\Documents\Programming\python\Project\dgpo_project\venv\lib\site-packages\stable_baselines3\common\buffers.py", line 634, in add
    action = action.reshape((self.n_envs, self.action_dim))
ValueError: cannot reshape array of size 8 into shape (2,8)
[2025-10-25 12:13:23,303][__main__][ERROR] - Error processing step for env 0: cannot reshape array of size 8 into shape (2,8)
Traceback (most recent call last):
  File "C:\Users\Hellx\Documents\Programming\python\Project\dgpo\scripts\train_rl.py", line 1072, in run
    self.replay_buffer.add(
  File "C:\Users\Hellx\Documents\Programming\python\Project\dgpo_project\venv\lib\site-packages\stable_baselines3\common\buffers.py", line 634, in add
    action = action.reshape((self.n_envs, self.action_dim))
ValueError: cannot reshape array of size 8 into shape (2,8)
[2025-10-25 12:13:23,306][__main__][ERROR] - Error processing step for env 1: cannot reshape array of size 8 into shape (2,8)
Traceback (most recent call last):
  File "C:\Users\Hellx\Documents\Programming\python\Project\dgpo\scripts\train_rl.py", line 1072, in run
    self.replay_buffer.add(
  File "C:\Users\Hellx\Documents\Programming\python\Project\dgpo_project\venv\lib\site-packages\stable_baselines3\common\buffers.py", line 634, in add
    action = action.reshape((self.n_envs, self.action_dim))
ValueError: cannot reshape array of size 8 into shape (2,8)
[2025-10-25 12:13:23,944][__main__][ERROR] - Error processing step for env 0: cannot reshape array of size 8 into shape (2,8)
Traceback (most recent call last):
  File "C:\Users\Hellx\Documents\Programming\python\Project\dgpo\scripts\train_rl.py", line 1072, in run
    self.replay_buffer.add(
  File "C:\Users\Hellx\Documents\Programming\python\Project\dgpo_project\venv\lib\site-packages\stable_baselines3\common\buffers.py", line 634, in add
    action = action.reshape((self.n_envs, self.action_dim))
ValueError: cannot reshape array of size 8 into shape (2,8)
[2025-10-25 12:13:23,946][__main__][ERROR] - Error processing step for env 1: cannot reshape array of size 8 into shape (2,8)
Traceback (most recent call last):
  File "C:\Users\Hellx\Documents\Programming\python\Project\dgpo\scripts\train_rl.py", line 1072, in run
    self.replay_buffer.add(
  File "C:\Users\Hellx\Documents\Programming\python\Project\dgpo_project\venv\lib\site-packages\stable_baselines3\common\buffers.py", line 634, in add
    action = action.reshape((self.n_envs, self.action_dim))
ValueError: cannot reshape array of size 8 into shape (2,8)
[2025-10-25 12:13:24,616][__main__][ERROR] - Error processing step for env 0: cannot reshape array of size 8 into shape (2,8)
Traceback (most recent call last):
  File "C:\Users\Hellx\Documents\Programming\python\Project\dgpo\scripts\train_rl.py", line 1072, in run
    self.replay_buffer.add(
  File "C:\Users\Hellx\Documents\Programming\python\Project\dgpo_project\venv\lib\site-packages\stable_baselines3\common\buffers.py", line 634, in add
    action = action.reshape((self.n_envs, self.action_dim))
ValueError: cannot reshape array of size 8 into shape (2,8)
[2025-10-25 12:13:24,618][__main__][ERROR] - Error processing step for env 1: cannot reshape array of size 8 into shape (2,8)
Traceback (most recent call last):
  File "C:\Users\Hellx\Documents\Programming\python\Project\dgpo\scripts\train_rl.py", line 1072, in run
    self.replay_buffer.add(
  File "C:\Users\Hellx\Documents\Programming\python\Project\dgpo_project\venv\lib\site-packages\stable_baselines3\common\buffers.py", line 634, in add
    action = action.reshape((self.n_envs, self.action_dim))
ValueError: cannot reshape array of size 8 into shape (2,8)
[2025-10-25 12:13:25,346][__main__][ERROR] - Error processing step for env 0: cannot reshape array of size 8 into shape (2,8)
Traceback (most recent call last):
  File "C:\Users\Hellx\Documents\Programming\python\Project\dgpo\scripts\train_rl.py", line 1072, in run
    self.replay_buffer.add(
  File "C:\Users\Hellx\Documents\Programming\python\Project\dgpo_project\venv\lib\site-packages\stable_baselines3\common\buffers.py", line 634, in add
    action = action.reshape((self.n_envs, self.action_dim))
ValueError: cannot reshape array of size 8 into shape (2,8)
[2025-10-25 12:13:25,348][__main__][ERROR] - Error processing step for env 1: cannot reshape array of size 8 into shape (2,8)
Traceback (most recent call last):
  File "C:\Users\Hellx\Documents\Programming\python\Project\dgpo\scripts\train_rl.py", line 1072, in run
    self.replay_buffer.add(
  File "C:\Users\Hellx\Documents\Programming\python\Project\dgpo_project\venv\lib\site-packages\stable_baselines3\common\buffers.py", line 634, in add
    action = action.reshape((self.n_envs, self.action_dim))
ValueError: cannot reshape array of size 8 into shape (2,8)
[2025-10-25 12:13:26,101][__main__][ERROR] - Error processing step for env 0: cannot reshape array of size 8 into shape (2,8)
Traceback (most recent call last):
  File "C:\Users\Hellx\Documents\Programming\python\Project\dgpo\scripts\train_rl.py", line 1072, in run
    self.replay_buffer.add(
  File "C:\Users\Hellx\Documents\Programming\python\Project\dgpo_project\venv\lib\site-packages\stable_baselines3\common\buffers.py", line 634, in add
    action = action.reshape((self.n_envs, self.action_dim))
ValueError: cannot reshape array of size 8 into shape (2,8)
[2025-10-25 12:13:26,103][__main__][ERROR] - Error processing step for env 1: cannot reshape array of size 8 into shape (2,8)
Traceback (most recent call last):
  File "C:\Users\Hellx\Documents\Programming\python\Project\dgpo\scripts\train_rl.py", line 1072, in run
    self.replay_buffer.add(
  File "C:\Users\Hellx\Documents\Programming\python\Project\dgpo_project\venv\lib\site-packages\stable_baselines3\common\buffers.py", line 634, in add
    action = action.reshape((self.n_envs, self.action_dim))
ValueError: cannot reshape array of size 8 into shape (2,8)
[2025-10-25 12:13:26,878][__main__][ERROR] - Error processing step for env 0: cannot reshape array of size 8 into shape (2,8)
Traceback (most recent call last):
  File "C:\Users\Hellx\Documents\Programming\python\Project\dgpo\scripts\train_rl.py", line 1072, in run
    self.replay_buffer.add(
  File "C:\Users\Hellx\Documents\Programming\python\Project\dgpo_project\venv\lib\site-packages\stable_baselines3\common\buffers.py", line 634, in add
    action = action.reshape((self.n_envs, self.action_dim))
ValueError: cannot reshape array of size 8 into shape (2,8)
[2025-10-25 12:13:26,880][__main__][ERROR] - Error processing step for env 1: cannot reshape array of size 8 into shape (2,8)
Traceback (most recent call last):
  File "C:\Users\Hellx\Documents\Programming\python\Project\dgpo\scripts\train_rl.py", line 1072, in run
    self.replay_buffer.add(
  File "C:\Users\Hellx\Documents\Programming\python\Project\dgpo_project\venv\lib\site-packages\stable_baselines3\common\buffers.py", line 634, in add
    action = action.reshape((self.n_envs, self.action_dim))
ValueError: cannot reshape array of size 8 into shape (2,8)
[2025-10-25 12:13:27,604][__main__][ERROR] - Error processing step for env 0: cannot reshape array of size 8 into shape (2,8)
Traceback (most recent call last):
  File "C:\Users\Hellx\Documents\Programming\python\Project\dgpo\scripts\train_rl.py", line 1072, in run
    self.replay_buffer.add(
  File "C:\Users\Hellx\Documents\Programming\python\Project\dgpo_project\venv\lib\site-packages\stable_baselines3\common\buffers.py", line 634, in add
    action = action.reshape((self.n_envs, self.action_dim))
ValueError: cannot reshape array of size 8 into shape (2,8)
[2025-10-25 12:13:27,606][__main__][ERROR] - Error processing step for env 1: cannot reshape array of size 8 into shape (2,8)
Traceback (most recent call last):
  File "C:\Users\Hellx\Documents\Programming\python\Project\dgpo\scripts\train_rl.py", line 1072, in run
    self.replay_buffer.add(
  File "C:\Users\Hellx\Documents\Programming\python\Project\dgpo_project\venv\lib\site-packages\stable_baselines3\common\buffers.py", line 634, in add
    action = action.reshape((self.n_envs, self.action_dim))
ValueError: cannot reshape array of size 8 into shape (2,8)
[2025-10-25 12:13:28,280][__main__][ERROR] - Error processing step for env 0: cannot reshape array of size 8 into shape (2,8)
Traceback (most recent call last):
  File "C:\Users\Hellx\Documents\Programming\python\Project\dgpo\scripts\train_rl.py", line 1072, in run
    self.replay_buffer.add(
  File "C:\Users\Hellx\Documents\Programming\python\Project\dgpo_project\venv\lib\site-packages\stable_baselines3\common\buffers.py", line 634, in add
    action = action.reshape((self.n_envs, self.action_dim))
ValueError: cannot reshape array of size 8 into shape (2,8)
[2025-10-25 12:13:28,282][__main__][ERROR] - Error processing step for env 1: cannot reshape array of size 8 into shape (2,8)
Traceback (most recent call last):
  File "C:\Users\Hellx\Documents\Programming\python\Project\dgpo\scripts\train_rl.py", line 1072, in run
    self.replay_buffer.add(
  File "C:\Users\Hellx\Documents\Programming\python\Project\dgpo_project\venv\lib\site-packages\stable_baselines3\common\buffers.py", line 634, in add
    action = action.reshape((self.n_envs, self.action_dim))
ValueError: cannot reshape array of size 8 into shape (2,8)
[2025-10-25 12:13:28,877][__main__][ERROR] - Error processing step for env 0: cannot reshape array of size 8 into shape (2,8)
Traceback (most recent call last):
  File "C:\Users\Hellx\Documents\Programming\python\Project\dgpo\scripts\train_rl.py", line 1072, in run
    self.replay_buffer.add(
  File "C:\Users\Hellx\Documents\Programming\python\Project\dgpo_project\venv\lib\site-packages\stable_baselines3\common\buffers.py", line 634, in add
    action = action.reshape((self.n_envs, self.action_dim))
ValueError: cannot reshape array of size 8 into shape (2,8)
[2025-10-25 12:13:28,878][__main__][ERROR] - Error processing step for env 1: cannot reshape array of size 8 into shape (2,8)
Traceback (most recent call last):
  File "C:\Users\Hellx\Documents\Programming\python\Project\dgpo\scripts\train_rl.py", line 1072, in run
    self.replay_buffer.add(
  File "C:\Users\Hellx\Documents\Programming\python\Project\dgpo_project\venv\lib\site-packages\stable_baselines3\common\buffers.py", line 634, in add
    action = action.reshape((self.n_envs, self.action_dim))
ValueError: cannot reshape array of size 8 into shape (2,8)
[2025-10-25 12:13:29,476][__main__][ERROR] - Error processing step for env 0: cannot reshape array of size 8 into shape (2,8)
Traceback (most recent call last):
  File "C:\Users\Hellx\Documents\Programming\python\Project\dgpo\scripts\train_rl.py", line 1072, in run
    self.replay_buffer.add(
  File "C:\Users\Hellx\Documents\Programming\python\Project\dgpo_project\venv\lib\site-packages\stable_baselines3\common\buffers.py", line 634, in add
    action = action.reshape((self.n_envs, self.action_dim))
ValueError: cannot reshape array of size 8 into shape (2,8)
[2025-10-25 12:13:29,478][__main__][ERROR] - Error processing step for env 1: cannot reshape array of size 8 into shape (2,8)
Traceback (most recent call last):
  File "C:\Users\Hellx\Documents\Programming\python\Project\dgpo\scripts\train_rl.py", line 1072, in run
    self.replay_buffer.add(
  File "C:\Users\Hellx\Documents\Programming\python\Project\dgpo_project\venv\lib\site-packages\stable_baselines3\common\buffers.py", line 634, in add
    action = action.reshape((self.n_envs, self.action_dim))
ValueError: cannot reshape array of size 8 into shape (2,8)
[2025-10-25 12:13:30,074][__main__][ERROR] - Error processing step for env 0: cannot reshape array of size 8 into shape (2,8)
Traceback (most recent call last):
  File "C:\Users\Hellx\Documents\Programming\python\Project\dgpo\scripts\train_rl.py", line 1072, in run
    self.replay_buffer.add(
  File "C:\Users\Hellx\Documents\Programming\python\Project\dgpo_project\venv\lib\site-packages\stable_baselines3\common\buffers.py", line 634, in add
    action = action.reshape((self.n_envs, self.action_dim))
ValueError: cannot reshape array of size 8 into shape (2,8)
[2025-10-25 12:13:30,076][__main__][ERROR] - Error processing step for env 1: cannot reshape array of size 8 into shape (2,8)
Traceback (most recent call last):
  File "C:\Users\Hellx\Documents\Programming\python\Project\dgpo\scripts\train_rl.py", line 1072, in run
    self.replay_buffer.add(
  File "C:\Users\Hellx\Documents\Programming\python\Project\dgpo_project\venv\lib\site-packages\stable_baselines3\common\buffers.py", line 634, in add
    action = action.reshape((self.n_envs, self.action_dim))
ValueError: cannot reshape array of size 8 into shape (2,8)
[2025-10-25 12:13:30,677][__main__][ERROR] - Error processing step for env 0: cannot reshape array of size 8 into shape (2,8)
Traceback (most recent call last):
  File "C:\Users\Hellx\Documents\Programming\python\Project\dgpo\scripts\train_rl.py", line 1072, in run
    self.replay_buffer.add(
  File "C:\Users\Hellx\Documents\Programming\python\Project\dgpo_project\venv\lib\site-packages\stable_baselines3\common\buffers.py", line 634, in add
    action = action.reshape((self.n_envs, self.action_dim))
ValueError: cannot reshape array of size 8 into shape (2,8)
[2025-10-25 12:13:30,679][__main__][ERROR] - Error processing step for env 1: cannot reshape array of size 8 into shape (2,8)
Traceback (most recent call last):
  File "C:\Users\Hellx\Documents\Programming\python\Project\dgpo\scripts\train_rl.py", line 1072, in run
    self.replay_buffer.add(
  File "C:\Users\Hellx\Documents\Programming\python\Project\dgpo_project\venv\lib\site-packages\stable_baselines3\common\buffers.py", line 634, in add
    action = action.reshape((self.n_envs, self.action_dim))
ValueError: cannot reshape array of size 8 into shape (2,8)
[2025-10-25 12:13:31,275][__main__][ERROR] - Error processing step for env 0: cannot reshape array of size 8 into shape (2,8)
Traceback (most recent call last):
  File "C:\Users\Hellx\Documents\Programming\python\Project\dgpo\scripts\train_rl.py", line 1072, in run
    self.replay_buffer.add(
  File "C:\Users\Hellx\Documents\Programming\python\Project\dgpo_project\venv\lib\site-packages\stable_baselines3\common\buffers.py", line 634, in add
    action = action.reshape((self.n_envs, self.action_dim))
ValueError: cannot reshape array of size 8 into shape (2,8)
[2025-10-25 12:13:31,277][__main__][ERROR] - Error processing step for env 1: cannot reshape array of size 8 into shape (2,8)
Traceback (most recent call last):
  File "C:\Users\Hellx\Documents\Programming\python\Project\dgpo\scripts\train_rl.py", line 1072, in run
    self.replay_buffer.add(
  File "C:\Users\Hellx\Documents\Programming\python\Project\dgpo_project\venv\lib\site-packages\stable_baselines3\common\buffers.py", line 634, in add
    action = action.reshape((self.n_envs, self.action_dim))
ValueError: cannot reshape array of size 8 into shape (2,8)
[2025-10-25 12:13:31,877][__main__][ERROR] - Error processing step for env 0: cannot reshape array of size 8 into shape (2,8)
Traceback (most recent call last):
  File "C:\Users\Hellx\Documents\Programming\python\Project\dgpo\scripts\train_rl.py", line 1072, in run
    self.replay_buffer.add(
  File "C:\Users\Hellx\Documents\Programming\python\Project\dgpo_project\venv\lib\site-packages\stable_baselines3\common\buffers.py", line 634, in add
    action = action.reshape((self.n_envs, self.action_dim))
ValueError: cannot reshape array of size 8 into shape (2,8)
[2025-10-25 12:13:31,879][__main__][ERROR] - Error processing step for env 1: cannot reshape array of size 8 into shape (2,8)
Traceback (most recent call last):
  File "C:\Users\Hellx\Documents\Programming\python\Project\dgpo\scripts\train_rl.py", line 1072, in run
    self.replay_buffer.add(
  File "C:\Users\Hellx\Documents\Programming\python\Project\dgpo_project\venv\lib\site-packages\stable_baselines3\common\buffers.py", line 634, in add
    action = action.reshape((self.n_envs, self.action_dim))
ValueError: cannot reshape array of size 8 into shape (2,8)
[2025-10-25 12:13:32,488][__main__][ERROR] - Error processing step for env 0: cannot reshape array of size 8 into shape (2,8)
Traceback (most recent call last):
  File "C:\Users\Hellx\Documents\Programming\python\Project\dgpo\scripts\train_rl.py", line 1072, in run
    self.replay_buffer.add(
  File "C:\Users\Hellx\Documents\Programming\python\Project\dgpo_project\venv\lib\site-packages\stable_baselines3\common\buffers.py", line 634, in add
    action = action.reshape((self.n_envs, self.action_dim))
ValueError: cannot reshape array of size 8 into shape (2,8)
[2025-10-25 12:13:32,490][__main__][ERROR] - Error processing step for env 1: cannot reshape array of size 8 into shape (2,8)
Traceback (most recent call last):
  File "C:\Users\Hellx\Documents\Programming\python\Project\dgpo\scripts\train_rl.py", line 1072, in run
    self.replay_buffer.add(
  File "C:\Users\Hellx\Documents\Programming\python\Project\dgpo_project\venv\lib\site-packages\stable_baselines3\common\buffers.py", line 634, in add
    action = action.reshape((self.n_envs, self.action_dim))
ValueError: cannot reshape array of size 8 into shape (2,8)
[2025-10-25 12:13:33,094][__main__][ERROR] - Error processing step for env 0: cannot reshape array of size 8 into shape (2,8)
Traceback (most recent call last):
  File "C:\Users\Hellx\Documents\Programming\python\Project\dgpo\scripts\train_rl.py", line 1072, in run
    self.replay_buffer.add(
  File "C:\Users\Hellx\Documents\Programming\python\Project\dgpo_project\venv\lib\site-packages\stable_baselines3\common\buffers.py", line 634, in add
    action = action.reshape((self.n_envs, self.action_dim))
ValueError: cannot reshape array of size 8 into shape (2,8)
[2025-10-25 12:13:33,096][__main__][ERROR] - Error processing step for env 1: cannot reshape array of size 8 into shape (2,8)
Traceback (most recent call last):
  File "C:\Users\Hellx\Documents\Programming\python\Project\dgpo\scripts\train_rl.py", line 1072, in run
    self.replay_buffer.add(
  File "C:\Users\Hellx\Documents\Programming\python\Project\dgpo_project\venv\lib\site-packages\stable_baselines3\common\buffers.py", line 634, in add
    action = action.reshape((self.n_envs, self.action_dim))
ValueError: cannot reshape array of size 8 into shape (2,8)
[2025-10-25 12:13:33,704][__main__][ERROR] - Error processing step for env 0: cannot reshape array of size 8 into shape (2,8)
Traceback (most recent call last):
  File "C:\Users\Hellx\Documents\Programming\python\Project\dgpo\scripts\train_rl.py", line 1072, in run
    self.replay_buffer.add(
  File "C:\Users\Hellx\Documents\Programming\python\Project\dgpo_project\venv\lib\site-packages\stable_baselines3\common\buffers.py", line 634, in add
    action = action.reshape((self.n_envs, self.action_dim))
ValueError: cannot reshape array of size 8 into shape (2,8)
[2025-10-25 12:13:33,706][__main__][ERROR] - Error processing step for env 1: cannot reshape array of size 8 into shape (2,8)
Traceback (most recent call last):
  File "C:\Users\Hellx\Documents\Programming\python\Project\dgpo\scripts\train_rl.py", line 1072, in run
    self.replay_buffer.add(
  File "C:\Users\Hellx\Documents\Programming\python\Project\dgpo_project\venv\lib\site-packages\stable_baselines3\common\buffers.py", line 634, in add
    action = action.reshape((self.n_envs, self.action_dim))
ValueError: cannot reshape array of size 8 into shape (2,8)
[2025-10-25 12:13:34,298][__main__][ERROR] - Error processing step for env 0: cannot reshape array of size 8 into shape (2,8)
Traceback (most recent call last):
  File "C:\Users\Hellx\Documents\Programming\python\Project\dgpo\scripts\train_rl.py", line 1072, in run
    self.replay_buffer.add(
  File "C:\Users\Hellx\Documents\Programming\python\Project\dgpo_project\venv\lib\site-packages\stable_baselines3\common\buffers.py", line 634, in add
    action = action.reshape((self.n_envs, self.action_dim))
ValueError: cannot reshape array of size 8 into shape (2,8)
[2025-10-25 12:13:34,300][__main__][ERROR] - Error processing step for env 1: cannot reshape array of size 8 into shape (2,8)
Traceback (most recent call last):
  File "C:\Users\Hellx\Documents\Programming\python\Project\dgpo\scripts\train_rl.py", line 1072, in run
    self.replay_buffer.add(
  File "C:\Users\Hellx\Documents\Programming\python\Project\dgpo_project\venv\lib\site-packages\stable_baselines3\common\buffers.py", line 634, in add
    action = action.reshape((self.n_envs, self.action_dim))
ValueError: cannot reshape array of size 8 into shape (2,8)
[2025-10-25 12:13:34,898][__main__][ERROR] - Error processing step for env 0: cannot reshape array of size 8 into shape (2,8)
Traceback (most recent call last):
  File "C:\Users\Hellx\Documents\Programming\python\Project\dgpo\scripts\train_rl.py", line 1072, in run
    self.replay_buffer.add(
  File "C:\Users\Hellx\Documents\Programming\python\Project\dgpo_project\venv\lib\site-packages\stable_baselines3\common\buffers.py", line 634, in add
    action = action.reshape((self.n_envs, self.action_dim))
ValueError: cannot reshape array of size 8 into shape (2,8)
[2025-10-25 12:13:34,900][__main__][ERROR] - Error processing step for env 1: cannot reshape array of size 8 into shape (2,8)
Traceback (most recent call last):
  File "C:\Users\Hellx\Documents\Programming\python\Project\dgpo\scripts\train_rl.py", line 1072, in run
    self.replay_buffer.add(
  File "C:\Users\Hellx\Documents\Programming\python\Project\dgpo_project\venv\lib\site-packages\stable_baselines3\common\buffers.py", line 634, in add
    action = action.reshape((self.n_envs, self.action_dim))
ValueError: cannot reshape array of size 8 into shape (2,8)
[2025-10-25 12:13:35,492][__main__][ERROR] - Error processing step for env 0: cannot reshape array of size 8 into shape (2,8)
Traceback (most recent call last):
  File "C:\Users\Hellx\Documents\Programming\python\Project\dgpo\scripts\train_rl.py", line 1072, in run
    self.replay_buffer.add(
  File "C:\Users\Hellx\Documents\Programming\python\Project\dgpo_project\venv\lib\site-packages\stable_baselines3\common\buffers.py", line 634, in add
    action = action.reshape((self.n_envs, self.action_dim))
ValueError: cannot reshape array of size 8 into shape (2,8)
[2025-10-25 12:13:35,494][__main__][ERROR] - Error processing step for env 1: cannot reshape array of size 8 into shape (2,8)
Traceback (most recent call last):
  File "C:\Users\Hellx\Documents\Programming\python\Project\dgpo\scripts\train_rl.py", line 1072, in run
    self.replay_buffer.add(
  File "C:\Users\Hellx\Documents\Programming\python\Project\dgpo_project\venv\lib\site-packages\stable_baselines3\common\buffers.py", line 634, in add
    action = action.reshape((self.n_envs, self.action_dim))
ValueError: cannot reshape array of size 8 into shape (2,8)
[2025-10-25 12:13:36,091][__main__][ERROR] - Error processing step for env 0: cannot reshape array of size 8 into shape (2,8)
Traceback (most recent call last):
  File "C:\Users\Hellx\Documents\Programming\python\Project\dgpo\scripts\train_rl.py", line 1072, in run
    self.replay_buffer.add(
  File "C:\Users\Hellx\Documents\Programming\python\Project\dgpo_project\venv\lib\site-packages\stable_baselines3\common\buffers.py", line 634, in add
    action = action.reshape((self.n_envs, self.action_dim))
ValueError: cannot reshape array of size 8 into shape (2,8)
[2025-10-25 12:13:36,092][__main__][ERROR] - Error processing step for env 1: cannot reshape array of size 8 into shape (2,8)
Traceback (most recent call last):
  File "C:\Users\Hellx\Documents\Programming\python\Project\dgpo\scripts\train_rl.py", line 1072, in run
    self.replay_buffer.add(
  File "C:\Users\Hellx\Documents\Programming\python\Project\dgpo_project\venv\lib\site-packages\stable_baselines3\common\buffers.py", line 634, in add
    action = action.reshape((self.n_envs, self.action_dim))
ValueError: cannot reshape array of size 8 into shape (2,8)
[2025-10-25 12:13:36,688][__main__][ERROR] - Error processing step for env 0: cannot reshape array of size 8 into shape (2,8)
Traceback (most recent call last):
  File "C:\Users\Hellx\Documents\Programming\python\Project\dgpo\scripts\train_rl.py", line 1072, in run
    self.replay_buffer.add(
  File "C:\Users\Hellx\Documents\Programming\python\Project\dgpo_project\venv\lib\site-packages\stable_baselines3\common\buffers.py", line 634, in add
    action = action.reshape((self.n_envs, self.action_dim))
ValueError: cannot reshape array of size 8 into shape (2,8)
[2025-10-25 12:13:36,690][__main__][ERROR] - Error processing step for env 1: cannot reshape array of size 8 into shape (2,8)
Traceback (most recent call last):
  File "C:\Users\Hellx\Documents\Programming\python\Project\dgpo\scripts\train_rl.py", line 1072, in run
    self.replay_buffer.add(
  File "C:\Users\Hellx\Documents\Programming\python\Project\dgpo_project\venv\lib\site-packages\stable_baselines3\common\buffers.py", line 634, in add
    action = action.reshape((self.n_envs, self.action_dim))
ValueError: cannot reshape array of size 8 into shape (2,8)
[2025-10-25 12:13:37,287][__main__][ERROR] - Error processing step for env 0: cannot reshape array of size 8 into shape (2,8)
Traceback (most recent call last):
  File "C:\Users\Hellx\Documents\Programming\python\Project\dgpo\scripts\train_rl.py", line 1072, in run
    self.replay_buffer.add(
  File "C:\Users\Hellx\Documents\Programming\python\Project\dgpo_project\venv\lib\site-packages\stable_baselines3\common\buffers.py", line 634, in add
    action = action.reshape((self.n_envs, self.action_dim))
ValueError: cannot reshape array of size 8 into shape (2,8)
[2025-10-25 12:13:37,290][__main__][ERROR] - Error processing step for env 1: cannot reshape array of size 8 into shape (2,8)
Traceback (most recent call last):
  File "C:\Users\Hellx\Documents\Programming\python\Project\dgpo\scripts\train_rl.py", line 1072, in run
    self.replay_buffer.add(
  File "C:\Users\Hellx\Documents\Programming\python\Project\dgpo_project\venv\lib\site-packages\stable_baselines3\common\buffers.py", line 634, in add
    action = action.reshape((self.n_envs, self.action_dim))
ValueError: cannot reshape array of size 8 into shape (2,8)
[2025-10-25 12:13:37,879][__main__][ERROR] - Error processing step for env 0: cannot reshape array of size 8 into shape (2,8)
Traceback (most recent call last):
  File "C:\Users\Hellx\Documents\Programming\python\Project\dgpo\scripts\train_rl.py", line 1072, in run
    self.replay_buffer.add(
  File "C:\Users\Hellx\Documents\Programming\python\Project\dgpo_project\venv\lib\site-packages\stable_baselines3\common\buffers.py", line 634, in add
    action = action.reshape((self.n_envs, self.action_dim))
ValueError: cannot reshape array of size 8 into shape (2,8)
[2025-10-25 12:13:37,881][__main__][ERROR] - Error processing step for env 1: cannot reshape array of size 8 into shape (2,8)
Traceback (most recent call last):
  File "C:\Users\Hellx\Documents\Programming\python\Project\dgpo\scripts\train_rl.py", line 1072, in run
    self.replay_buffer.add(
  File "C:\Users\Hellx\Documents\Programming\python\Project\dgpo_project\venv\lib\site-packages\stable_baselines3\common\buffers.py", line 634, in add
    action = action.reshape((self.n_envs, self.action_dim))
ValueError: cannot reshape array of size 8 into shape (2,8)
[2025-10-25 12:13:38,431][__main__][ERROR] - Error processing step for env 0: cannot reshape array of size 8 into shape (2,8)
Traceback (most recent call last):
  File "C:\Users\Hellx\Documents\Programming\python\Project\dgpo\scripts\train_rl.py", line 1072, in run
    self.replay_buffer.add(
  File "C:\Users\Hellx\Documents\Programming\python\Project\dgpo_project\venv\lib\site-packages\stable_baselines3\common\buffers.py", line 634, in add
    action = action.reshape((self.n_envs, self.action_dim))
ValueError: cannot reshape array of size 8 into shape (2,8)
[2025-10-25 12:13:38,433][__main__][ERROR] - Error processing step for env 1: cannot reshape array of size 8 into shape (2,8)
Traceback (most recent call last):
  File "C:\Users\Hellx\Documents\Programming\python\Project\dgpo\scripts\train_rl.py", line 1072, in run
    self.replay_buffer.add(
  File "C:\Users\Hellx\Documents\Programming\python\Project\dgpo_project\venv\lib\site-packages\stable_baselines3\common\buffers.py", line 634, in add
    action = action.reshape((self.n_envs, self.action_dim))
ValueError: cannot reshape array of size 8 into shape (2,8)
[2025-10-25 12:13:38,988][__main__][ERROR] - Error processing step for env 0: cannot reshape array of size 8 into shape (2,8)
Traceback (most recent call last):
  File "C:\Users\Hellx\Documents\Programming\python\Project\dgpo\scripts\train_rl.py", line 1072, in run
    self.replay_buffer.add(
  File "C:\Users\Hellx\Documents\Programming\python\Project\dgpo_project\venv\lib\site-packages\stable_baselines3\common\buffers.py", line 634, in add
    action = action.reshape((self.n_envs, self.action_dim))
ValueError: cannot reshape array of size 8 into shape (2,8)
[2025-10-25 12:13:38,990][__main__][ERROR] - Error processing step for env 1: cannot reshape array of size 8 into shape (2,8)
Traceback (most recent call last):
  File "C:\Users\Hellx\Documents\Programming\python\Project\dgpo\scripts\train_rl.py", line 1072, in run
    self.replay_buffer.add(
  File "C:\Users\Hellx\Documents\Programming\python\Project\dgpo_project\venv\lib\site-packages\stable_baselines3\common\buffers.py", line 634, in add
    action = action.reshape((self.n_envs, self.action_dim))
ValueError: cannot reshape array of size 8 into shape (2,8)
[2025-10-25 12:13:39,564][__main__][ERROR] - Error processing step for env 0: cannot reshape array of size 8 into shape (2,8)
Traceback (most recent call last):
  File "C:\Users\Hellx\Documents\Programming\python\Project\dgpo\scripts\train_rl.py", line 1072, in run
    self.replay_buffer.add(
  File "C:\Users\Hellx\Documents\Programming\python\Project\dgpo_project\venv\lib\site-packages\stable_baselines3\common\buffers.py", line 634, in add
    action = action.reshape((self.n_envs, self.action_dim))
ValueError: cannot reshape array of size 8 into shape (2,8)
[2025-10-25 12:13:39,565][__main__][ERROR] - Error processing step for env 1: cannot reshape array of size 8 into shape (2,8)
Traceback (most recent call last):
  File "C:\Users\Hellx\Documents\Programming\python\Project\dgpo\scripts\train_rl.py", line 1072, in run
    self.replay_buffer.add(
  File "C:\Users\Hellx\Documents\Programming\python\Project\dgpo_project\venv\lib\site-packages\stable_baselines3\common\buffers.py", line 634, in add
    action = action.reshape((self.n_envs, self.action_dim))
ValueError: cannot reshape array of size 8 into shape (2,8)
[2025-10-25 12:13:40,122][__main__][ERROR] - Error processing step for env 0: cannot reshape array of size 8 into shape (2,8)
Traceback (most recent call last):
  File "C:\Users\Hellx\Documents\Programming\python\Project\dgpo\scripts\train_rl.py", line 1072, in run
    self.replay_buffer.add(
  File "C:\Users\Hellx\Documents\Programming\python\Project\dgpo_project\venv\lib\site-packages\stable_baselines3\common\buffers.py", line 634, in add
    action = action.reshape((self.n_envs, self.action_dim))
ValueError: cannot reshape array of size 8 into shape (2,8)
[2025-10-25 12:13:40,124][__main__][ERROR] - Error processing step for env 1: cannot reshape array of size 8 into shape (2,8)
Traceback (most recent call last):
  File "C:\Users\Hellx\Documents\Programming\python\Project\dgpo\scripts\train_rl.py", line 1072, in run
    self.replay_buffer.add(
  File "C:\Users\Hellx\Documents\Programming\python\Project\dgpo_project\venv\lib\site-packages\stable_baselines3\common\buffers.py", line 634, in add
    action = action.reshape((self.n_envs, self.action_dim))
ValueError: cannot reshape array of size 8 into shape (2,8)
[2025-10-25 12:13:40,684][__main__][ERROR] - Error processing step for env 0: cannot reshape array of size 8 into shape (2,8)
Traceback (most recent call last):
  File "C:\Users\Hellx\Documents\Programming\python\Project\dgpo\scripts\train_rl.py", line 1072, in run
    self.replay_buffer.add(
  File "C:\Users\Hellx\Documents\Programming\python\Project\dgpo_project\venv\lib\site-packages\stable_baselines3\common\buffers.py", line 634, in add
    action = action.reshape((self.n_envs, self.action_dim))
ValueError: cannot reshape array of size 8 into shape (2,8)
[2025-10-25 12:13:40,686][__main__][ERROR] - Error processing step for env 1: cannot reshape array of size 8 into shape (2,8)
Traceback (most recent call last):
  File "C:\Users\Hellx\Documents\Programming\python\Project\dgpo\scripts\train_rl.py", line 1072, in run
    self.replay_buffer.add(
  File "C:\Users\Hellx\Documents\Programming\python\Project\dgpo_project\venv\lib\site-packages\stable_baselines3\common\buffers.py", line 634, in add
    action = action.reshape((self.n_envs, self.action_dim))
ValueError: cannot reshape array of size 8 into shape (2,8)
[2025-10-25 12:13:41,243][__main__][ERROR] - Error processing step for env 0: cannot reshape array of size 8 into shape (2,8)
Traceback (most recent call last):
  File "C:\Users\Hellx\Documents\Programming\python\Project\dgpo\scripts\train_rl.py", line 1072, in run
    self.replay_buffer.add(
  File "C:\Users\Hellx\Documents\Programming\python\Project\dgpo_project\venv\lib\site-packages\stable_baselines3\common\buffers.py", line 634, in add
    action = action.reshape((self.n_envs, self.action_dim))
ValueError: cannot reshape array of size 8 into shape (2,8)
[2025-10-25 12:13:41,245][__main__][ERROR] - Error processing step for env 1: cannot reshape array of size 8 into shape (2,8)
Traceback (most recent call last):
  File "C:\Users\Hellx\Documents\Programming\python\Project\dgpo\scripts\train_rl.py", line 1072, in run
    self.replay_buffer.add(
  File "C:\Users\Hellx\Documents\Programming\python\Project\dgpo_project\venv\lib\site-packages\stable_baselines3\common\buffers.py", line 634, in add
    action = action.reshape((self.n_envs, self.action_dim))
ValueError: cannot reshape array of size 8 into shape (2,8)
[2025-10-25 12:13:41,805][__main__][ERROR] - Error processing step for env 0: cannot reshape array of size 8 into shape (2,8)
Traceback (most recent call last):
  File "C:\Users\Hellx\Documents\Programming\python\Project\dgpo\scripts\train_rl.py", line 1072, in run
    self.replay_buffer.add(
  File "C:\Users\Hellx\Documents\Programming\python\Project\dgpo_project\venv\lib\site-packages\stable_baselines3\common\buffers.py", line 634, in add
    action = action.reshape((self.n_envs, self.action_dim))
ValueError: cannot reshape array of size 8 into shape (2,8)
[2025-10-25 12:13:41,807][__main__][ERROR] - Error processing step for env 1: cannot reshape array of size 8 into shape (2,8)
Traceback (most recent call last):
  File "C:\Users\Hellx\Documents\Programming\python\Project\dgpo\scripts\train_rl.py", line 1072, in run
    self.replay_buffer.add(
  File "C:\Users\Hellx\Documents\Programming\python\Project\dgpo_project\venv\lib\site-packages\stable_baselines3\common\buffers.py", line 634, in add
    action = action.reshape((self.n_envs, self.action_dim))
ValueError: cannot reshape array of size 8 into shape (2,8)
[2025-10-25 12:13:42,365][__main__][ERROR] - Error processing step for env 0: cannot reshape array of size 8 into shape (2,8)
Traceback (most recent call last):
  File "C:\Users\Hellx\Documents\Programming\python\Project\dgpo\scripts\train_rl.py", line 1072, in run
    self.replay_buffer.add(
  File "C:\Users\Hellx\Documents\Programming\python\Project\dgpo_project\venv\lib\site-packages\stable_baselines3\common\buffers.py", line 634, in add
    action = action.reshape((self.n_envs, self.action_dim))
ValueError: cannot reshape array of size 8 into shape (2,8)
[2025-10-25 12:13:42,367][__main__][ERROR] - Error processing step for env 1: cannot reshape array of size 8 into shape (2,8)
Traceback (most recent call last):
  File "C:\Users\Hellx\Documents\Programming\python\Project\dgpo\scripts\train_rl.py", line 1072, in run
    self.replay_buffer.add(
  File "C:\Users\Hellx\Documents\Programming\python\Project\dgpo_project\venv\lib\site-packages\stable_baselines3\common\buffers.py", line 634, in add
    action = action.reshape((self.n_envs, self.action_dim))
ValueError: cannot reshape array of size 8 into shape (2,8)
[2025-10-25 12:13:42,924][__main__][ERROR] - Error processing step for env 0: cannot reshape array of size 8 into shape (2,8)
Traceback (most recent call last):
  File "C:\Users\Hellx\Documents\Programming\python\Project\dgpo\scripts\train_rl.py", line 1072, in run
    self.replay_buffer.add(
  File "C:\Users\Hellx\Documents\Programming\python\Project\dgpo_project\venv\lib\site-packages\stable_baselines3\common\buffers.py", line 634, in add
    action = action.reshape((self.n_envs, self.action_dim))
ValueError: cannot reshape array of size 8 into shape (2,8)
[2025-10-25 12:13:42,926][__main__][ERROR] - Error processing step for env 1: cannot reshape array of size 8 into shape (2,8)
Traceback (most recent call last):
  File "C:\Users\Hellx\Documents\Programming\python\Project\dgpo\scripts\train_rl.py", line 1072, in run
    self.replay_buffer.add(
  File "C:\Users\Hellx\Documents\Programming\python\Project\dgpo_project\venv\lib\site-packages\stable_baselines3\common\buffers.py", line 634, in add
    action = action.reshape((self.n_envs, self.action_dim))
ValueError: cannot reshape array of size 8 into shape (2,8)
[2025-10-25 12:13:43,477][__main__][ERROR] - Error processing step for env 0: cannot reshape array of size 8 into shape (2,8)
Traceback (most recent call last):
  File "C:\Users\Hellx\Documents\Programming\python\Project\dgpo\scripts\train_rl.py", line 1072, in run
    self.replay_buffer.add(
  File "C:\Users\Hellx\Documents\Programming\python\Project\dgpo_project\venv\lib\site-packages\stable_baselines3\common\buffers.py", line 634, in add
    action = action.reshape((self.n_envs, self.action_dim))
ValueError: cannot reshape array of size 8 into shape (2,8)
[2025-10-25 12:13:43,480][__main__][ERROR] - Error processing step for env 1: cannot reshape array of size 8 into shape (2,8)
Traceback (most recent call last):
  File "C:\Users\Hellx\Documents\Programming\python\Project\dgpo\scripts\train_rl.py", line 1072, in run
    self.replay_buffer.add(
  File "C:\Users\Hellx\Documents\Programming\python\Project\dgpo_project\venv\lib\site-packages\stable_baselines3\common\buffers.py", line 634, in add
    action = action.reshape((self.n_envs, self.action_dim))
ValueError: cannot reshape array of size 8 into shape (2,8)
[2025-10-25 12:13:44,042][__main__][ERROR] - Error processing step for env 0: cannot reshape array of size 8 into shape (2,8)
Traceback (most recent call last):
  File "C:\Users\Hellx\Documents\Programming\python\Project\dgpo\scripts\train_rl.py", line 1072, in run
    self.replay_buffer.add(
  File "C:\Users\Hellx\Documents\Programming\python\Project\dgpo_project\venv\lib\site-packages\stable_baselines3\common\buffers.py", line 634, in add
    action = action.reshape((self.n_envs, self.action_dim))
ValueError: cannot reshape array of size 8 into shape (2,8)
[2025-10-25 12:13:44,044][__main__][ERROR] - Error processing step for env 1: cannot reshape array of size 8 into shape (2,8)
Traceback (most recent call last):
  File "C:\Users\Hellx\Documents\Programming\python\Project\dgpo\scripts\train_rl.py", line 1072, in run
    self.replay_buffer.add(
  File "C:\Users\Hellx\Documents\Programming\python\Project\dgpo_project\venv\lib\site-packages\stable_baselines3\common\buffers.py", line 634, in add
    action = action.reshape((self.n_envs, self.action_dim))
ValueError: cannot reshape array of size 8 into shape (2,8)
[2025-10-25 12:13:44,602][__main__][ERROR] - Error processing step for env 0: cannot reshape array of size 8 into shape (2,8)
Traceback (most recent call last):
  File "C:\Users\Hellx\Documents\Programming\python\Project\dgpo\scripts\train_rl.py", line 1072, in run
    self.replay_buffer.add(
  File "C:\Users\Hellx\Documents\Programming\python\Project\dgpo_project\venv\lib\site-packages\stable_baselines3\common\buffers.py", line 634, in add
    action = action.reshape((self.n_envs, self.action_dim))
ValueError: cannot reshape array of size 8 into shape (2,8)
[2025-10-25 12:13:44,604][__main__][ERROR] - Error processing step for env 1: cannot reshape array of size 8 into shape (2,8)
Traceback (most recent call last):
  File "C:\Users\Hellx\Documents\Programming\python\Project\dgpo\scripts\train_rl.py", line 1072, in run
    self.replay_buffer.add(
  File "C:\Users\Hellx\Documents\Programming\python\Project\dgpo_project\venv\lib\site-packages\stable_baselines3\common\buffers.py", line 634, in add
    action = action.reshape((self.n_envs, self.action_dim))
ValueError: cannot reshape array of size 8 into shape (2,8)
[2025-10-25 12:13:45,169][__main__][ERROR] - Error processing step for env 0: cannot reshape array of size 8 into shape (2,8)
Traceback (most recent call last):
  File "C:\Users\Hellx\Documents\Programming\python\Project\dgpo\scripts\train_rl.py", line 1072, in run
    self.replay_buffer.add(
  File "C:\Users\Hellx\Documents\Programming\python\Project\dgpo_project\venv\lib\site-packages\stable_baselines3\common\buffers.py", line 634, in add
    action = action.reshape((self.n_envs, self.action_dim))
ValueError: cannot reshape array of size 8 into shape (2,8)
[2025-10-25 12:13:45,171][__main__][ERROR] - Error processing step for env 1: cannot reshape array of size 8 into shape (2,8)
Traceback (most recent call last):
  File "C:\Users\Hellx\Documents\Programming\python\Project\dgpo\scripts\train_rl.py", line 1072, in run
    self.replay_buffer.add(
  File "C:\Users\Hellx\Documents\Programming\python\Project\dgpo_project\venv\lib\site-packages\stable_baselines3\common\buffers.py", line 634, in add
    action = action.reshape((self.n_envs, self.action_dim))
ValueError: cannot reshape array of size 8 into shape (2,8)
[2025-10-25 12:13:45,735][__main__][ERROR] - Error processing step for env 0: cannot reshape array of size 8 into shape (2,8)
Traceback (most recent call last):
  File "C:\Users\Hellx\Documents\Programming\python\Project\dgpo\scripts\train_rl.py", line 1072, in run
    self.replay_buffer.add(
  File "C:\Users\Hellx\Documents\Programming\python\Project\dgpo_project\venv\lib\site-packages\stable_baselines3\common\buffers.py", line 634, in add
    action = action.reshape((self.n_envs, self.action_dim))
ValueError: cannot reshape array of size 8 into shape (2,8)
[2025-10-25 12:13:45,737][__main__][ERROR] - Error processing step for env 1: cannot reshape array of size 8 into shape (2,8)
Traceback (most recent call last):
  File "C:\Users\Hellx\Documents\Programming\python\Project\dgpo\scripts\train_rl.py", line 1072, in run
    self.replay_buffer.add(
  File "C:\Users\Hellx\Documents\Programming\python\Project\dgpo_project\venv\lib\site-packages\stable_baselines3\common\buffers.py", line 634, in add
    action = action.reshape((self.n_envs, self.action_dim))
ValueError: cannot reshape array of size 8 into shape (2,8)
[2025-10-25 12:13:46,293][__main__][ERROR] - Error processing step for env 0: cannot reshape array of size 8 into shape (2,8)
Traceback (most recent call last):
  File "C:\Users\Hellx\Documents\Programming\python\Project\dgpo\scripts\train_rl.py", line 1072, in run
    self.replay_buffer.add(
  File "C:\Users\Hellx\Documents\Programming\python\Project\dgpo_project\venv\lib\site-packages\stable_baselines3\common\buffers.py", line 634, in add
    action = action.reshape((self.n_envs, self.action_dim))
ValueError: cannot reshape array of size 8 into shape (2,8)
[2025-10-25 12:13:46,295][__main__][ERROR] - Error processing step for env 1: cannot reshape array of size 8 into shape (2,8)
Traceback (most recent call last):
  File "C:\Users\Hellx\Documents\Programming\python\Project\dgpo\scripts\train_rl.py", line 1072, in run
    self.replay_buffer.add(
  File "C:\Users\Hellx\Documents\Programming\python\Project\dgpo_project\venv\lib\site-packages\stable_baselines3\common\buffers.py", line 634, in add
    action = action.reshape((self.n_envs, self.action_dim))
ValueError: cannot reshape array of size 8 into shape (2,8)
[2025-10-25 12:13:46,850][__main__][ERROR] - Error processing step for env 0: cannot reshape array of size 8 into shape (2,8)
Traceback (most recent call last):
  File "C:\Users\Hellx\Documents\Programming\python\Project\dgpo\scripts\train_rl.py", line 1072, in run
    self.replay_buffer.add(
  File "C:\Users\Hellx\Documents\Programming\python\Project\dgpo_project\venv\lib\site-packages\stable_baselines3\common\buffers.py", line 634, in add
    action = action.reshape((self.n_envs, self.action_dim))
ValueError: cannot reshape array of size 8 into shape (2,8)
[2025-10-25 12:13:46,852][__main__][ERROR] - Error processing step for env 1: cannot reshape array of size 8 into shape (2,8)
Traceback (most recent call last):
  File "C:\Users\Hellx\Documents\Programming\python\Project\dgpo\scripts\train_rl.py", line 1072, in run
    self.replay_buffer.add(
  File "C:\Users\Hellx\Documents\Programming\python\Project\dgpo_project\venv\lib\site-packages\stable_baselines3\common\buffers.py", line 634, in add
    action = action.reshape((self.n_envs, self.action_dim))
ValueError: cannot reshape array of size 8 into shape (2,8)
[2025-10-25 12:13:47,410][__main__][ERROR] - Error processing step for env 0: cannot reshape array of size 8 into shape (2,8)
Traceback (most recent call last):
  File "C:\Users\Hellx\Documents\Programming\python\Project\dgpo\scripts\train_rl.py", line 1072, in run
    self.replay_buffer.add(
  File "C:\Users\Hellx\Documents\Programming\python\Project\dgpo_project\venv\lib\site-packages\stable_baselines3\common\buffers.py", line 634, in add
    action = action.reshape((self.n_envs, self.action_dim))
ValueError: cannot reshape array of size 8 into shape (2,8)
[2025-10-25 12:13:47,412][__main__][ERROR] - Error processing step for env 1: cannot reshape array of size 8 into shape (2,8)
Traceback (most recent call last):
  File "C:\Users\Hellx\Documents\Programming\python\Project\dgpo\scripts\train_rl.py", line 1072, in run
    self.replay_buffer.add(
  File "C:\Users\Hellx\Documents\Programming\python\Project\dgpo_project\venv\lib\site-packages\stable_baselines3\common\buffers.py", line 634, in add
    action = action.reshape((self.n_envs, self.action_dim))
ValueError: cannot reshape array of size 8 into shape (2,8)
[2025-10-25 12:13:48,004][__main__][ERROR] - Error processing step for env 0: cannot reshape array of size 8 into shape (2,8)
Traceback (most recent call last):
  File "C:\Users\Hellx\Documents\Programming\python\Project\dgpo\scripts\train_rl.py", line 1072, in run
    self.replay_buffer.add(
  File "C:\Users\Hellx\Documents\Programming\python\Project\dgpo_project\venv\lib\site-packages\stable_baselines3\common\buffers.py", line 634, in add
    action = action.reshape((self.n_envs, self.action_dim))
ValueError: cannot reshape array of size 8 into shape (2,8)
[2025-10-25 12:13:48,006][__main__][ERROR] - Error processing step for env 1: cannot reshape array of size 8 into shape (2,8)
Traceback (most recent call last):
  File "C:\Users\Hellx\Documents\Programming\python\Project\dgpo\scripts\train_rl.py", line 1072, in run
    self.replay_buffer.add(
  File "C:\Users\Hellx\Documents\Programming\python\Project\dgpo_project\venv\lib\site-packages\stable_baselines3\common\buffers.py", line 634, in add
    action = action.reshape((self.n_envs, self.action_dim))
ValueError: cannot reshape array of size 8 into shape (2,8)
[2025-10-25 12:13:48,605][__main__][ERROR] - Error processing step for env 0: cannot reshape array of size 8 into shape (2,8)
Traceback (most recent call last):
  File "C:\Users\Hellx\Documents\Programming\python\Project\dgpo\scripts\train_rl.py", line 1072, in run
    self.replay_buffer.add(
  File "C:\Users\Hellx\Documents\Programming\python\Project\dgpo_project\venv\lib\site-packages\stable_baselines3\common\buffers.py", line 634, in add
    action = action.reshape((self.n_envs, self.action_dim))
ValueError: cannot reshape array of size 8 into shape (2,8)
[2025-10-25 12:13:48,608][__main__][ERROR] - Error processing step for env 1: cannot reshape array of size 8 into shape (2,8)
Traceback (most recent call last):
  File "C:\Users\Hellx\Documents\Programming\python\Project\dgpo\scripts\train_rl.py", line 1072, in run
    self.replay_buffer.add(
  File "C:\Users\Hellx\Documents\Programming\python\Project\dgpo_project\venv\lib\site-packages\stable_baselines3\common\buffers.py", line 634, in add
    action = action.reshape((self.n_envs, self.action_dim))
ValueError: cannot reshape array of size 8 into shape (2,8)
[2025-10-25 12:13:49,198][__main__][ERROR] - Error processing step for env 0: cannot reshape array of size 8 into shape (2,8)
Traceback (most recent call last):
  File "C:\Users\Hellx\Documents\Programming\python\Project\dgpo\scripts\train_rl.py", line 1072, in run
    self.replay_buffer.add(
  File "C:\Users\Hellx\Documents\Programming\python\Project\dgpo_project\venv\lib\site-packages\stable_baselines3\common\buffers.py", line 634, in add
    action = action.reshape((self.n_envs, self.action_dim))
ValueError: cannot reshape array of size 8 into shape (2,8)
[2025-10-25 12:13:49,201][__main__][ERROR] - Error processing step for env 1: cannot reshape array of size 8 into shape (2,8)
Traceback (most recent call last):
  File "C:\Users\Hellx\Documents\Programming\python\Project\dgpo\scripts\train_rl.py", line 1072, in run
    self.replay_buffer.add(
  File "C:\Users\Hellx\Documents\Programming\python\Project\dgpo_project\venv\lib\site-packages\stable_baselines3\common\buffers.py", line 634, in add
    action = action.reshape((self.n_envs, self.action_dim))
ValueError: cannot reshape array of size 8 into shape (2,8)
[2025-10-25 12:13:49,792][__main__][ERROR] - Error processing step for env 0: cannot reshape array of size 8 into shape (2,8)
Traceback (most recent call last):
  File "C:\Users\Hellx\Documents\Programming\python\Project\dgpo\scripts\train_rl.py", line 1072, in run
    self.replay_buffer.add(
  File "C:\Users\Hellx\Documents\Programming\python\Project\dgpo_project\venv\lib\site-packages\stable_baselines3\common\buffers.py", line 634, in add
    action = action.reshape((self.n_envs, self.action_dim))
ValueError: cannot reshape array of size 8 into shape (2,8)
[2025-10-25 12:13:49,795][__main__][ERROR] - Error processing step for env 1: cannot reshape array of size 8 into shape (2,8)
Traceback (most recent call last):
  File "C:\Users\Hellx\Documents\Programming\python\Project\dgpo\scripts\train_rl.py", line 1072, in run
    self.replay_buffer.add(
  File "C:\Users\Hellx\Documents\Programming\python\Project\dgpo_project\venv\lib\site-packages\stable_baselines3\common\buffers.py", line 634, in add
    action = action.reshape((self.n_envs, self.action_dim))
ValueError: cannot reshape array of size 8 into shape (2,8)
[2025-10-25 12:13:50,395][__main__][ERROR] - Error processing step for env 0: cannot reshape array of size 8 into shape (2,8)
Traceback (most recent call last):
  File "C:\Users\Hellx\Documents\Programming\python\Project\dgpo\scripts\train_rl.py", line 1072, in run
    self.replay_buffer.add(
  File "C:\Users\Hellx\Documents\Programming\python\Project\dgpo_project\venv\lib\site-packages\stable_baselines3\common\buffers.py", line 634, in add
    action = action.reshape((self.n_envs, self.action_dim))
ValueError: cannot reshape array of size 8 into shape (2,8)
[2025-10-25 12:13:50,397][__main__][ERROR] - Error processing step for env 1: cannot reshape array of size 8 into shape (2,8)
Traceback (most recent call last):
  File "C:\Users\Hellx\Documents\Programming\python\Project\dgpo\scripts\train_rl.py", line 1072, in run
    self.replay_buffer.add(
  File "C:\Users\Hellx\Documents\Programming\python\Project\dgpo_project\venv\lib\site-packages\stable_baselines3\common\buffers.py", line 634, in add
    action = action.reshape((self.n_envs, self.action_dim))
ValueError: cannot reshape array of size 8 into shape (2,8)
[2025-10-25 12:13:51,000][__main__][ERROR] - Error processing step for env 0: cannot reshape array of size 8 into shape (2,8)
Traceback (most recent call last):
  File "C:\Users\Hellx\Documents\Programming\python\Project\dgpo\scripts\train_rl.py", line 1072, in run
    self.replay_buffer.add(
  File "C:\Users\Hellx\Documents\Programming\python\Project\dgpo_project\venv\lib\site-packages\stable_baselines3\common\buffers.py", line 634, in add
    action = action.reshape((self.n_envs, self.action_dim))
ValueError: cannot reshape array of size 8 into shape (2,8)
[2025-10-25 12:13:51,002][__main__][ERROR] - Error processing step for env 1: cannot reshape array of size 8 into shape (2,8)
Traceback (most recent call last):
  File "C:\Users\Hellx\Documents\Programming\python\Project\dgpo\scripts\train_rl.py", line 1072, in run
    self.replay_buffer.add(
  File "C:\Users\Hellx\Documents\Programming\python\Project\dgpo_project\venv\lib\site-packages\stable_baselines3\common\buffers.py", line 634, in add
    action = action.reshape((self.n_envs, self.action_dim))
ValueError: cannot reshape array of size 8 into shape (2,8)
[2025-10-25 12:13:51,604][__main__][ERROR] - Error processing step for env 0: cannot reshape array of size 8 into shape (2,8)
Traceback (most recent call last):
  File "C:\Users\Hellx\Documents\Programming\python\Project\dgpo\scripts\train_rl.py", line 1072, in run
    self.replay_buffer.add(
  File "C:\Users\Hellx\Documents\Programming\python\Project\dgpo_project\venv\lib\site-packages\stable_baselines3\common\buffers.py", line 634, in add
    action = action.reshape((self.n_envs, self.action_dim))
ValueError: cannot reshape array of size 8 into shape (2,8)
[2025-10-25 12:13:51,605][__main__][ERROR] - Error processing step for env 1: cannot reshape array of size 8 into shape (2,8)
Traceback (most recent call last):
  File "C:\Users\Hellx\Documents\Programming\python\Project\dgpo\scripts\train_rl.py", line 1072, in run
    self.replay_buffer.add(
  File "C:\Users\Hellx\Documents\Programming\python\Project\dgpo_project\venv\lib\site-packages\stable_baselines3\common\buffers.py", line 634, in add
    action = action.reshape((self.n_envs, self.action_dim))
ValueError: cannot reshape array of size 8 into shape (2,8)
[2025-10-25 12:13:52,211][__main__][ERROR] - Error processing step for env 0: cannot reshape array of size 8 into shape (2,8)
Traceback (most recent call last):
  File "C:\Users\Hellx\Documents\Programming\python\Project\dgpo\scripts\train_rl.py", line 1072, in run
    self.replay_buffer.add(
  File "C:\Users\Hellx\Documents\Programming\python\Project\dgpo_project\venv\lib\site-packages\stable_baselines3\common\buffers.py", line 634, in add
    action = action.reshape((self.n_envs, self.action_dim))
ValueError: cannot reshape array of size 8 into shape (2,8)
[2025-10-25 12:13:52,212][__main__][ERROR] - Error processing step for env 1: cannot reshape array of size 8 into shape (2,8)
Traceback (most recent call last):
  File "C:\Users\Hellx\Documents\Programming\python\Project\dgpo\scripts\train_rl.py", line 1072, in run
    self.replay_buffer.add(
  File "C:\Users\Hellx\Documents\Programming\python\Project\dgpo_project\venv\lib\site-packages\stable_baselines3\common\buffers.py", line 634, in add
    action = action.reshape((self.n_envs, self.action_dim))
ValueError: cannot reshape array of size 8 into shape (2,8)
[2025-10-25 12:13:52,816][__main__][ERROR] - Error processing step for env 0: cannot reshape array of size 8 into shape (2,8)
Traceback (most recent call last):
  File "C:\Users\Hellx\Documents\Programming\python\Project\dgpo\scripts\train_rl.py", line 1072, in run
    self.replay_buffer.add(
  File "C:\Users\Hellx\Documents\Programming\python\Project\dgpo_project\venv\lib\site-packages\stable_baselines3\common\buffers.py", line 634, in add
    action = action.reshape((self.n_envs, self.action_dim))
ValueError: cannot reshape array of size 8 into shape (2,8)
[2025-10-25 12:13:52,818][__main__][ERROR] - Error processing step for env 1: cannot reshape array of size 8 into shape (2,8)
Traceback (most recent call last):
  File "C:\Users\Hellx\Documents\Programming\python\Project\dgpo\scripts\train_rl.py", line 1072, in run
    self.replay_buffer.add(
  File "C:\Users\Hellx\Documents\Programming\python\Project\dgpo_project\venv\lib\site-packages\stable_baselines3\common\buffers.py", line 634, in add
    action = action.reshape((self.n_envs, self.action_dim))
ValueError: cannot reshape array of size 8 into shape (2,8)
[2025-10-25 12:13:53,424][__main__][ERROR] - Error processing step for env 0: cannot reshape array of size 8 into shape (2,8)
Traceback (most recent call last):
  File "C:\Users\Hellx\Documents\Programming\python\Project\dgpo\scripts\train_rl.py", line 1072, in run
    self.replay_buffer.add(
  File "C:\Users\Hellx\Documents\Programming\python\Project\dgpo_project\venv\lib\site-packages\stable_baselines3\common\buffers.py", line 634, in add
    action = action.reshape((self.n_envs, self.action_dim))
ValueError: cannot reshape array of size 8 into shape (2,8)
[2025-10-25 12:13:53,427][__main__][ERROR] - Error processing step for env 1: cannot reshape array of size 8 into shape (2,8)
Traceback (most recent call last):
  File "C:\Users\Hellx\Documents\Programming\python\Project\dgpo\scripts\train_rl.py", line 1072, in run
    self.replay_buffer.add(
  File "C:\Users\Hellx\Documents\Programming\python\Project\dgpo_project\venv\lib\site-packages\stable_baselines3\common\buffers.py", line 634, in add
    action = action.reshape((self.n_envs, self.action_dim))
ValueError: cannot reshape array of size 8 into shape (2,8)
[2025-10-25 12:13:54,014][__main__][ERROR] - Error processing step for env 0: cannot reshape array of size 8 into shape (2,8)
Traceback (most recent call last):
  File "C:\Users\Hellx\Documents\Programming\python\Project\dgpo\scripts\train_rl.py", line 1072, in run
    self.replay_buffer.add(
  File "C:\Users\Hellx\Documents\Programming\python\Project\dgpo_project\venv\lib\site-packages\stable_baselines3\common\buffers.py", line 634, in add
    action = action.reshape((self.n_envs, self.action_dim))
ValueError: cannot reshape array of size 8 into shape (2,8)
[2025-10-25 12:13:54,016][__main__][ERROR] - Error processing step for env 1: cannot reshape array of size 8 into shape (2,8)
Traceback (most recent call last):
  File "C:\Users\Hellx\Documents\Programming\python\Project\dgpo\scripts\train_rl.py", line 1072, in run
    self.replay_buffer.add(
  File "C:\Users\Hellx\Documents\Programming\python\Project\dgpo_project\venv\lib\site-packages\stable_baselines3\common\buffers.py", line 634, in add
    action = action.reshape((self.n_envs, self.action_dim))
ValueError: cannot reshape array of size 8 into shape (2,8)
[2025-10-25 12:13:54,620][__main__][ERROR] - Error processing step for env 0: cannot reshape array of size 8 into shape (2,8)
Traceback (most recent call last):
  File "C:\Users\Hellx\Documents\Programming\python\Project\dgpo\scripts\train_rl.py", line 1072, in run
    self.replay_buffer.add(
  File "C:\Users\Hellx\Documents\Programming\python\Project\dgpo_project\venv\lib\site-packages\stable_baselines3\common\buffers.py", line 634, in add
    action = action.reshape((self.n_envs, self.action_dim))
ValueError: cannot reshape array of size 8 into shape (2,8)
[2025-10-25 12:13:54,622][__main__][ERROR] - Error processing step for env 1: cannot reshape array of size 8 into shape (2,8)
Traceback (most recent call last):
  File "C:\Users\Hellx\Documents\Programming\python\Project\dgpo\scripts\train_rl.py", line 1072, in run
    self.replay_buffer.add(
  File "C:\Users\Hellx\Documents\Programming\python\Project\dgpo_project\venv\lib\site-packages\stable_baselines3\common\buffers.py", line 634, in add
    action = action.reshape((self.n_envs, self.action_dim))
ValueError: cannot reshape array of size 8 into shape (2,8)
[2025-10-25 12:13:55,209][__main__][ERROR] - Error processing step for env 0: cannot reshape array of size 8 into shape (2,8)
Traceback (most recent call last):
  File "C:\Users\Hellx\Documents\Programming\python\Project\dgpo\scripts\train_rl.py", line 1072, in run
    self.replay_buffer.add(
  File "C:\Users\Hellx\Documents\Programming\python\Project\dgpo_project\venv\lib\site-packages\stable_baselines3\common\buffers.py", line 634, in add
    action = action.reshape((self.n_envs, self.action_dim))
ValueError: cannot reshape array of size 8 into shape (2,8)
[2025-10-25 12:13:55,211][__main__][ERROR] - Error processing step for env 1: cannot reshape array of size 8 into shape (2,8)
Traceback (most recent call last):
  File "C:\Users\Hellx\Documents\Programming\python\Project\dgpo\scripts\train_rl.py", line 1072, in run
    self.replay_buffer.add(
  File "C:\Users\Hellx\Documents\Programming\python\Project\dgpo_project\venv\lib\site-packages\stable_baselines3\common\buffers.py", line 634, in add
    action = action.reshape((self.n_envs, self.action_dim))
ValueError: cannot reshape array of size 8 into shape (2,8)
[2025-10-25 12:13:55,796][__main__][ERROR] - Error processing step for env 0: cannot reshape array of size 8 into shape (2,8)
Traceback (most recent call last):
  File "C:\Users\Hellx\Documents\Programming\python\Project\dgpo\scripts\train_rl.py", line 1072, in run
    self.replay_buffer.add(
  File "C:\Users\Hellx\Documents\Programming\python\Project\dgpo_project\venv\lib\site-packages\stable_baselines3\common\buffers.py", line 634, in add
    action = action.reshape((self.n_envs, self.action_dim))
ValueError: cannot reshape array of size 8 into shape (2,8)
[2025-10-25 12:13:55,798][__main__][ERROR] - Error processing step for env 1: cannot reshape array of size 8 into shape (2,8)
Traceback (most recent call last):
  File "C:\Users\Hellx\Documents\Programming\python\Project\dgpo\scripts\train_rl.py", line 1072, in run
    self.replay_buffer.add(
  File "C:\Users\Hellx\Documents\Programming\python\Project\dgpo_project\venv\lib\site-packages\stable_baselines3\common\buffers.py", line 634, in add
    action = action.reshape((self.n_envs, self.action_dim))
ValueError: cannot reshape array of size 8 into shape (2,8)
[2025-10-25 12:13:56,397][__main__][ERROR] - Error processing step for env 0: cannot reshape array of size 8 into shape (2,8)
Traceback (most recent call last):
  File "C:\Users\Hellx\Documents\Programming\python\Project\dgpo\scripts\train_rl.py", line 1072, in run
    self.replay_buffer.add(
  File "C:\Users\Hellx\Documents\Programming\python\Project\dgpo_project\venv\lib\site-packages\stable_baselines3\common\buffers.py", line 634, in add
    action = action.reshape((self.n_envs, self.action_dim))
ValueError: cannot reshape array of size 8 into shape (2,8)
[2025-10-25 12:13:56,399][__main__][ERROR] - Error processing step for env 1: cannot reshape array of size 8 into shape (2,8)
Traceback (most recent call last):
  File "C:\Users\Hellx\Documents\Programming\python\Project\dgpo\scripts\train_rl.py", line 1072, in run
    self.replay_buffer.add(
  File "C:\Users\Hellx\Documents\Programming\python\Project\dgpo_project\venv\lib\site-packages\stable_baselines3\common\buffers.py", line 634, in add
    action = action.reshape((self.n_envs, self.action_dim))
ValueError: cannot reshape array of size 8 into shape (2,8)
[2025-10-25 12:13:56,996][__main__][ERROR] - Error processing step for env 0: cannot reshape array of size 8 into shape (2,8)
Traceback (most recent call last):
  File "C:\Users\Hellx\Documents\Programming\python\Project\dgpo\scripts\train_rl.py", line 1072, in run
    self.replay_buffer.add(
  File "C:\Users\Hellx\Documents\Programming\python\Project\dgpo_project\venv\lib\site-packages\stable_baselines3\common\buffers.py", line 634, in add
    action = action.reshape((self.n_envs, self.action_dim))
ValueError: cannot reshape array of size 8 into shape (2,8)
[2025-10-25 12:13:56,998][__main__][ERROR] - Error processing step for env 1: cannot reshape array of size 8 into shape (2,8)
Traceback (most recent call last):
  File "C:\Users\Hellx\Documents\Programming\python\Project\dgpo\scripts\train_rl.py", line 1072, in run
    self.replay_buffer.add(
  File "C:\Users\Hellx\Documents\Programming\python\Project\dgpo_project\venv\lib\site-packages\stable_baselines3\common\buffers.py", line 634, in add
    action = action.reshape((self.n_envs, self.action_dim))
ValueError: cannot reshape array of size 8 into shape (2,8)
[2025-10-25 12:13:57,627][__main__][ERROR] - Error processing step for env 0: cannot reshape array of size 8 into shape (2,8)
Traceback (most recent call last):
  File "C:\Users\Hellx\Documents\Programming\python\Project\dgpo\scripts\train_rl.py", line 1072, in run
    self.replay_buffer.add(
  File "C:\Users\Hellx\Documents\Programming\python\Project\dgpo_project\venv\lib\site-packages\stable_baselines3\common\buffers.py", line 634, in add
    action = action.reshape((self.n_envs, self.action_dim))
ValueError: cannot reshape array of size 8 into shape (2,8)
[2025-10-25 12:13:57,629][__main__][ERROR] - Error processing step for env 1: cannot reshape array of size 8 into shape (2,8)
Traceback (most recent call last):
  File "C:\Users\Hellx\Documents\Programming\python\Project\dgpo\scripts\train_rl.py", line 1072, in run
    self.replay_buffer.add(
  File "C:\Users\Hellx\Documents\Programming\python\Project\dgpo_project\venv\lib\site-packages\stable_baselines3\common\buffers.py", line 634, in add
    action = action.reshape((self.n_envs, self.action_dim))
ValueError: cannot reshape array of size 8 into shape (2,8)
[2025-10-25 12:13:58,237][__main__][ERROR] - Error processing step for env 0: cannot reshape array of size 8 into shape (2,8)
Traceback (most recent call last):
  File "C:\Users\Hellx\Documents\Programming\python\Project\dgpo\scripts\train_rl.py", line 1072, in run
    self.replay_buffer.add(
  File "C:\Users\Hellx\Documents\Programming\python\Project\dgpo_project\venv\lib\site-packages\stable_baselines3\common\buffers.py", line 634, in add
    action = action.reshape((self.n_envs, self.action_dim))
ValueError: cannot reshape array of size 8 into shape (2,8)
[2025-10-25 12:13:58,239][__main__][ERROR] - Error processing step for env 1: cannot reshape array of size 8 into shape (2,8)
Traceback (most recent call last):
  File "C:\Users\Hellx\Documents\Programming\python\Project\dgpo\scripts\train_rl.py", line 1072, in run
    self.replay_buffer.add(
  File "C:\Users\Hellx\Documents\Programming\python\Project\dgpo_project\venv\lib\site-packages\stable_baselines3\common\buffers.py", line 634, in add
    action = action.reshape((self.n_envs, self.action_dim))
ValueError: cannot reshape array of size 8 into shape (2,8)
[2025-10-25 12:13:58,850][__main__][ERROR] - Error processing step for env 0: cannot reshape array of size 8 into shape (2,8)
Traceback (most recent call last):
  File "C:\Users\Hellx\Documents\Programming\python\Project\dgpo\scripts\train_rl.py", line 1072, in run
    self.replay_buffer.add(
  File "C:\Users\Hellx\Documents\Programming\python\Project\dgpo_project\venv\lib\site-packages\stable_baselines3\common\buffers.py", line 634, in add
    action = action.reshape((self.n_envs, self.action_dim))
ValueError: cannot reshape array of size 8 into shape (2,8)
[2025-10-25 12:13:58,852][__main__][ERROR] - Error processing step for env 1: cannot reshape array of size 8 into shape (2,8)
Traceback (most recent call last):
  File "C:\Users\Hellx\Documents\Programming\python\Project\dgpo\scripts\train_rl.py", line 1072, in run
    self.replay_buffer.add(
  File "C:\Users\Hellx\Documents\Programming\python\Project\dgpo_project\venv\lib\site-packages\stable_baselines3\common\buffers.py", line 634, in add
    action = action.reshape((self.n_envs, self.action_dim))
ValueError: cannot reshape array of size 8 into shape (2,8)
[2025-10-25 12:13:59,442][__main__][ERROR] - Error processing step for env 0: cannot reshape array of size 8 into shape (2,8)
Traceback (most recent call last):
  File "C:\Users\Hellx\Documents\Programming\python\Project\dgpo\scripts\train_rl.py", line 1072, in run
    self.replay_buffer.add(
  File "C:\Users\Hellx\Documents\Programming\python\Project\dgpo_project\venv\lib\site-packages\stable_baselines3\common\buffers.py", line 634, in add
    action = action.reshape((self.n_envs, self.action_dim))
ValueError: cannot reshape array of size 8 into shape (2,8)
[2025-10-25 12:13:59,444][__main__][ERROR] - Error processing step for env 1: cannot reshape array of size 8 into shape (2,8)
Traceback (most recent call last):
  File "C:\Users\Hellx\Documents\Programming\python\Project\dgpo\scripts\train_rl.py", line 1072, in run
    self.replay_buffer.add(
  File "C:\Users\Hellx\Documents\Programming\python\Project\dgpo_project\venv\lib\site-packages\stable_baselines3\common\buffers.py", line 634, in add
    action = action.reshape((self.n_envs, self.action_dim))
ValueError: cannot reshape array of size 8 into shape (2,8)
[2025-10-25 12:14:00,038][__main__][ERROR] - Error processing step for env 0: cannot reshape array of size 8 into shape (2,8)
Traceback (most recent call last):
  File "C:\Users\Hellx\Documents\Programming\python\Project\dgpo\scripts\train_rl.py", line 1072, in run
    self.replay_buffer.add(
  File "C:\Users\Hellx\Documents\Programming\python\Project\dgpo_project\venv\lib\site-packages\stable_baselines3\common\buffers.py", line 634, in add
    action = action.reshape((self.n_envs, self.action_dim))
ValueError: cannot reshape array of size 8 into shape (2,8)
[2025-10-25 12:14:00,040][__main__][ERROR] - Error processing step for env 1: cannot reshape array of size 8 into shape (2,8)
Traceback (most recent call last):
  File "C:\Users\Hellx\Documents\Programming\python\Project\dgpo\scripts\train_rl.py", line 1072, in run
    self.replay_buffer.add(
  File "C:\Users\Hellx\Documents\Programming\python\Project\dgpo_project\venv\lib\site-packages\stable_baselines3\common\buffers.py", line 634, in add
    action = action.reshape((self.n_envs, self.action_dim))
ValueError: cannot reshape array of size 8 into shape (2,8)
[2025-10-25 12:14:00,604][__main__][ERROR] - Error processing step for env 0: cannot reshape array of size 8 into shape (2,8)
Traceback (most recent call last):
  File "C:\Users\Hellx\Documents\Programming\python\Project\dgpo\scripts\train_rl.py", line 1072, in run
    self.replay_buffer.add(
  File "C:\Users\Hellx\Documents\Programming\python\Project\dgpo_project\venv\lib\site-packages\stable_baselines3\common\buffers.py", line 634, in add
    action = action.reshape((self.n_envs, self.action_dim))
ValueError: cannot reshape array of size 8 into shape (2,8)
[2025-10-25 12:14:00,606][__main__][ERROR] - Error processing step for env 1: cannot reshape array of size 8 into shape (2,8)
Traceback (most recent call last):
  File "C:\Users\Hellx\Documents\Programming\python\Project\dgpo\scripts\train_rl.py", line 1072, in run
    self.replay_buffer.add(
  File "C:\Users\Hellx\Documents\Programming\python\Project\dgpo_project\venv\lib\site-packages\stable_baselines3\common\buffers.py", line 634, in add
    action = action.reshape((self.n_envs, self.action_dim))
ValueError: cannot reshape array of size 8 into shape (2,8)
[2025-10-25 12:14:01,166][__main__][ERROR] - Error processing step for env 0: cannot reshape array of size 8 into shape (2,8)
Traceback (most recent call last):
  File "C:\Users\Hellx\Documents\Programming\python\Project\dgpo\scripts\train_rl.py", line 1072, in run
    self.replay_buffer.add(
  File "C:\Users\Hellx\Documents\Programming\python\Project\dgpo_project\venv\lib\site-packages\stable_baselines3\common\buffers.py", line 634, in add
    action = action.reshape((self.n_envs, self.action_dim))
ValueError: cannot reshape array of size 8 into shape (2,8)
[2025-10-25 12:14:01,168][__main__][ERROR] - Error processing step for env 1: cannot reshape array of size 8 into shape (2,8)
Traceback (most recent call last):
  File "C:\Users\Hellx\Documents\Programming\python\Project\dgpo\scripts\train_rl.py", line 1072, in run
    self.replay_buffer.add(
  File "C:\Users\Hellx\Documents\Programming\python\Project\dgpo_project\venv\lib\site-packages\stable_baselines3\common\buffers.py", line 634, in add
    action = action.reshape((self.n_envs, self.action_dim))
ValueError: cannot reshape array of size 8 into shape (2,8)
[2025-10-25 12:14:01,721][__main__][ERROR] - Error processing step for env 0: cannot reshape array of size 8 into shape (2,8)
Traceback (most recent call last):
  File "C:\Users\Hellx\Documents\Programming\python\Project\dgpo\scripts\train_rl.py", line 1072, in run
    self.replay_buffer.add(
  File "C:\Users\Hellx\Documents\Programming\python\Project\dgpo_project\venv\lib\site-packages\stable_baselines3\common\buffers.py", line 634, in add
    action = action.reshape((self.n_envs, self.action_dim))
ValueError: cannot reshape array of size 8 into shape (2,8)
[2025-10-25 12:14:01,724][__main__][ERROR] - Error processing step for env 1: cannot reshape array of size 8 into shape (2,8)
Traceback (most recent call last):
  File "C:\Users\Hellx\Documents\Programming\python\Project\dgpo\scripts\train_rl.py", line 1072, in run
    self.replay_buffer.add(
  File "C:\Users\Hellx\Documents\Programming\python\Project\dgpo_project\venv\lib\site-packages\stable_baselines3\common\buffers.py", line 634, in add
    action = action.reshape((self.n_envs, self.action_dim))
ValueError: cannot reshape array of size 8 into shape (2,8)
[2025-10-25 12:14:02,281][__main__][ERROR] - Error processing step for env 0: cannot reshape array of size 8 into shape (2,8)
Traceback (most recent call last):
  File "C:\Users\Hellx\Documents\Programming\python\Project\dgpo\scripts\train_rl.py", line 1072, in run
    self.replay_buffer.add(
  File "C:\Users\Hellx\Documents\Programming\python\Project\dgpo_project\venv\lib\site-packages\stable_baselines3\common\buffers.py", line 634, in add
    action = action.reshape((self.n_envs, self.action_dim))
ValueError: cannot reshape array of size 8 into shape (2,8)
[2025-10-25 12:14:02,283][__main__][ERROR] - Error processing step for env 1: cannot reshape array of size 8 into shape (2,8)
Traceback (most recent call last):
  File "C:\Users\Hellx\Documents\Programming\python\Project\dgpo\scripts\train_rl.py", line 1072, in run
    self.replay_buffer.add(
  File "C:\Users\Hellx\Documents\Programming\python\Project\dgpo_project\venv\lib\site-packages\stable_baselines3\common\buffers.py", line 634, in add
    action = action.reshape((self.n_envs, self.action_dim))
ValueError: cannot reshape array of size 8 into shape (2,8)
[2025-10-25 12:14:02,843][__main__][ERROR] - Error processing step for env 0: cannot reshape array of size 8 into shape (2,8)
Traceback (most recent call last):
  File "C:\Users\Hellx\Documents\Programming\python\Project\dgpo\scripts\train_rl.py", line 1072, in run
    self.replay_buffer.add(
  File "C:\Users\Hellx\Documents\Programming\python\Project\dgpo_project\venv\lib\site-packages\stable_baselines3\common\buffers.py", line 634, in add
    action = action.reshape((self.n_envs, self.action_dim))
ValueError: cannot reshape array of size 8 into shape (2,8)
[2025-10-25 12:14:02,845][__main__][ERROR] - Error processing step for env 1: cannot reshape array of size 8 into shape (2,8)
Traceback (most recent call last):
  File "C:\Users\Hellx\Documents\Programming\python\Project\dgpo\scripts\train_rl.py", line 1072, in run
    self.replay_buffer.add(
  File "C:\Users\Hellx\Documents\Programming\python\Project\dgpo_project\venv\lib\site-packages\stable_baselines3\common\buffers.py", line 634, in add
    action = action.reshape((self.n_envs, self.action_dim))
ValueError: cannot reshape array of size 8 into shape (2,8)
[2025-10-25 12:14:03,405][__main__][ERROR] - Error processing step for env 0: cannot reshape array of size 8 into shape (2,8)
Traceback (most recent call last):
  File "C:\Users\Hellx\Documents\Programming\python\Project\dgpo\scripts\train_rl.py", line 1072, in run
    self.replay_buffer.add(
  File "C:\Users\Hellx\Documents\Programming\python\Project\dgpo_project\venv\lib\site-packages\stable_baselines3\common\buffers.py", line 634, in add
    action = action.reshape((self.n_envs, self.action_dim))
ValueError: cannot reshape array of size 8 into shape (2,8)
[2025-10-25 12:14:03,407][__main__][ERROR] - Error processing step for env 1: cannot reshape array of size 8 into shape (2,8)
Traceback (most recent call last):
  File "C:\Users\Hellx\Documents\Programming\python\Project\dgpo\scripts\train_rl.py", line 1072, in run
    self.replay_buffer.add(
  File "C:\Users\Hellx\Documents\Programming\python\Project\dgpo_project\venv\lib\site-packages\stable_baselines3\common\buffers.py", line 634, in add
    action = action.reshape((self.n_envs, self.action_dim))
ValueError: cannot reshape array of size 8 into shape (2,8)
[2025-10-25 12:14:03,967][__main__][ERROR] - Error processing step for env 0: cannot reshape array of size 8 into shape (2,8)
Traceback (most recent call last):
  File "C:\Users\Hellx\Documents\Programming\python\Project\dgpo\scripts\train_rl.py", line 1072, in run
    self.replay_buffer.add(
  File "C:\Users\Hellx\Documents\Programming\python\Project\dgpo_project\venv\lib\site-packages\stable_baselines3\common\buffers.py", line 634, in add
    action = action.reshape((self.n_envs, self.action_dim))
ValueError: cannot reshape array of size 8 into shape (2,8)
[2025-10-25 12:14:03,969][__main__][ERROR] - Error processing step for env 1: cannot reshape array of size 8 into shape (2,8)
Traceback (most recent call last):
  File "C:\Users\Hellx\Documents\Programming\python\Project\dgpo\scripts\train_rl.py", line 1072, in run
    self.replay_buffer.add(
  File "C:\Users\Hellx\Documents\Programming\python\Project\dgpo_project\venv\lib\site-packages\stable_baselines3\common\buffers.py", line 634, in add
    action = action.reshape((self.n_envs, self.action_dim))
ValueError: cannot reshape array of size 8 into shape (2,8)
[2025-10-25 12:14:04,528][__main__][ERROR] - Error processing step for env 0: cannot reshape array of size 8 into shape (2,8)
Traceback (most recent call last):
  File "C:\Users\Hellx\Documents\Programming\python\Project\dgpo\scripts\train_rl.py", line 1072, in run
    self.replay_buffer.add(
  File "C:\Users\Hellx\Documents\Programming\python\Project\dgpo_project\venv\lib\site-packages\stable_baselines3\common\buffers.py", line 634, in add
    action = action.reshape((self.n_envs, self.action_dim))
ValueError: cannot reshape array of size 8 into shape (2,8)
[2025-10-25 12:14:04,530][__main__][ERROR] - Error processing step for env 1: cannot reshape array of size 8 into shape (2,8)
Traceback (most recent call last):
  File "C:\Users\Hellx\Documents\Programming\python\Project\dgpo\scripts\train_rl.py", line 1072, in run
    self.replay_buffer.add(
  File "C:\Users\Hellx\Documents\Programming\python\Project\dgpo_project\venv\lib\site-packages\stable_baselines3\common\buffers.py", line 634, in add
    action = action.reshape((self.n_envs, self.action_dim))
ValueError: cannot reshape array of size 8 into shape (2,8)
[2025-10-25 12:14:05,085][__main__][ERROR] - Error processing step for env 0: cannot reshape array of size 8 into shape (2,8)
Traceback (most recent call last):
  File "C:\Users\Hellx\Documents\Programming\python\Project\dgpo\scripts\train_rl.py", line 1072, in run
    self.replay_buffer.add(
  File "C:\Users\Hellx\Documents\Programming\python\Project\dgpo_project\venv\lib\site-packages\stable_baselines3\common\buffers.py", line 634, in add
    action = action.reshape((self.n_envs, self.action_dim))
ValueError: cannot reshape array of size 8 into shape (2,8)
[2025-10-25 12:14:05,087][__main__][ERROR] - Error processing step for env 1: cannot reshape array of size 8 into shape (2,8)
Traceback (most recent call last):
  File "C:\Users\Hellx\Documents\Programming\python\Project\dgpo\scripts\train_rl.py", line 1072, in run
    self.replay_buffer.add(
  File "C:\Users\Hellx\Documents\Programming\python\Project\dgpo_project\venv\lib\site-packages\stable_baselines3\common\buffers.py", line 634, in add
    action = action.reshape((self.n_envs, self.action_dim))
ValueError: cannot reshape array of size 8 into shape (2,8)
[2025-10-25 12:14:05,641][__main__][ERROR] - Error processing step for env 0: cannot reshape array of size 8 into shape (2,8)
Traceback (most recent call last):
  File "C:\Users\Hellx\Documents\Programming\python\Project\dgpo\scripts\train_rl.py", line 1072, in run
    self.replay_buffer.add(
  File "C:\Users\Hellx\Documents\Programming\python\Project\dgpo_project\venv\lib\site-packages\stable_baselines3\common\buffers.py", line 634, in add
    action = action.reshape((self.n_envs, self.action_dim))
ValueError: cannot reshape array of size 8 into shape (2,8)
[2025-10-25 12:14:05,644][__main__][ERROR] - Error processing step for env 1: cannot reshape array of size 8 into shape (2,8)
Traceback (most recent call last):
  File "C:\Users\Hellx\Documents\Programming\python\Project\dgpo\scripts\train_rl.py", line 1072, in run
    self.replay_buffer.add(
  File "C:\Users\Hellx\Documents\Programming\python\Project\dgpo_project\venv\lib\site-packages\stable_baselines3\common\buffers.py", line 634, in add
    action = action.reshape((self.n_envs, self.action_dim))
ValueError: cannot reshape array of size 8 into shape (2,8)
[2025-10-25 12:14:06,206][__main__][ERROR] - Error processing step for env 0: cannot reshape array of size 8 into shape (2,8)
Traceback (most recent call last):
  File "C:\Users\Hellx\Documents\Programming\python\Project\dgpo\scripts\train_rl.py", line 1072, in run
    self.replay_buffer.add(
  File "C:\Users\Hellx\Documents\Programming\python\Project\dgpo_project\venv\lib\site-packages\stable_baselines3\common\buffers.py", line 634, in add
    action = action.reshape((self.n_envs, self.action_dim))
ValueError: cannot reshape array of size 8 into shape (2,8)
[2025-10-25 12:14:06,208][__main__][ERROR] - Error processing step for env 1: cannot reshape array of size 8 into shape (2,8)
Traceback (most recent call last):
  File "C:\Users\Hellx\Documents\Programming\python\Project\dgpo\scripts\train_rl.py", line 1072, in run
    self.replay_buffer.add(
  File "C:\Users\Hellx\Documents\Programming\python\Project\dgpo_project\venv\lib\site-packages\stable_baselines3\common\buffers.py", line 634, in add
    action = action.reshape((self.n_envs, self.action_dim))
ValueError: cannot reshape array of size 8 into shape (2,8)
[2025-10-25 12:14:06,790][__main__][ERROR] - Error processing step for env 0: cannot reshape array of size 8 into shape (2,8)
Traceback (most recent call last):
  File "C:\Users\Hellx\Documents\Programming\python\Project\dgpo\scripts\train_rl.py", line 1072, in run
    self.replay_buffer.add(
  File "C:\Users\Hellx\Documents\Programming\python\Project\dgpo_project\venv\lib\site-packages\stable_baselines3\common\buffers.py", line 634, in add
    action = action.reshape((self.n_envs, self.action_dim))
ValueError: cannot reshape array of size 8 into shape (2,8)
[2025-10-25 12:14:06,792][__main__][ERROR] - Error processing step for env 1: cannot reshape array of size 8 into shape (2,8)
Traceback (most recent call last):
  File "C:\Users\Hellx\Documents\Programming\python\Project\dgpo\scripts\train_rl.py", line 1072, in run
    self.replay_buffer.add(
  File "C:\Users\Hellx\Documents\Programming\python\Project\dgpo_project\venv\lib\site-packages\stable_baselines3\common\buffers.py", line 634, in add
    action = action.reshape((self.n_envs, self.action_dim))
ValueError: cannot reshape array of size 8 into shape (2,8)
[2025-10-25 12:14:07,386][__main__][ERROR] - Error processing step for env 0: cannot reshape array of size 8 into shape (2,8)
Traceback (most recent call last):
  File "C:\Users\Hellx\Documents\Programming\python\Project\dgpo\scripts\train_rl.py", line 1072, in run
    self.replay_buffer.add(
  File "C:\Users\Hellx\Documents\Programming\python\Project\dgpo_project\venv\lib\site-packages\stable_baselines3\common\buffers.py", line 634, in add
    action = action.reshape((self.n_envs, self.action_dim))
ValueError: cannot reshape array of size 8 into shape (2,8)
[2025-10-25 12:14:07,388][__main__][ERROR] - Error processing step for env 1: cannot reshape array of size 8 into shape (2,8)
Traceback (most recent call last):
  File "C:\Users\Hellx\Documents\Programming\python\Project\dgpo\scripts\train_rl.py", line 1072, in run
    self.replay_buffer.add(
  File "C:\Users\Hellx\Documents\Programming\python\Project\dgpo_project\venv\lib\site-packages\stable_baselines3\common\buffers.py", line 634, in add
    action = action.reshape((self.n_envs, self.action_dim))
ValueError: cannot reshape array of size 8 into shape (2,8)
[2025-10-25 12:14:07,958][__main__][ERROR] - Error processing step for env 0: cannot reshape array of size 8 into shape (2,8)
Traceback (most recent call last):
  File "C:\Users\Hellx\Documents\Programming\python\Project\dgpo\scripts\train_rl.py", line 1072, in run
    self.replay_buffer.add(
  File "C:\Users\Hellx\Documents\Programming\python\Project\dgpo_project\venv\lib\site-packages\stable_baselines3\common\buffers.py", line 634, in add
    action = action.reshape((self.n_envs, self.action_dim))
ValueError: cannot reshape array of size 8 into shape (2,8)
[2025-10-25 12:14:07,960][__main__][ERROR] - Error processing step for env 1: cannot reshape array of size 8 into shape (2,8)
Traceback (most recent call last):
  File "C:\Users\Hellx\Documents\Programming\python\Project\dgpo\scripts\train_rl.py", line 1072, in run
    self.replay_buffer.add(
  File "C:\Users\Hellx\Documents\Programming\python\Project\dgpo_project\venv\lib\site-packages\stable_baselines3\common\buffers.py", line 634, in add
    action = action.reshape((self.n_envs, self.action_dim))
ValueError: cannot reshape array of size 8 into shape (2,8)
[2025-10-25 12:14:08,539][__main__][ERROR] - Error processing step for env 0: cannot reshape array of size 8 into shape (2,8)
Traceback (most recent call last):
  File "C:\Users\Hellx\Documents\Programming\python\Project\dgpo\scripts\train_rl.py", line 1072, in run
    self.replay_buffer.add(
  File "C:\Users\Hellx\Documents\Programming\python\Project\dgpo_project\venv\lib\site-packages\stable_baselines3\common\buffers.py", line 634, in add
    action = action.reshape((self.n_envs, self.action_dim))
ValueError: cannot reshape array of size 8 into shape (2,8)
[2025-10-25 12:14:08,542][__main__][ERROR] - Error processing step for env 1: cannot reshape array of size 8 into shape (2,8)
Traceback (most recent call last):
  File "C:\Users\Hellx\Documents\Programming\python\Project\dgpo\scripts\train_rl.py", line 1072, in run
    self.replay_buffer.add(
  File "C:\Users\Hellx\Documents\Programming\python\Project\dgpo_project\venv\lib\site-packages\stable_baselines3\common\buffers.py", line 634, in add
    action = action.reshape((self.n_envs, self.action_dim))
ValueError: cannot reshape array of size 8 into shape (2,8)
[2025-10-25 12:14:09,110][__main__][ERROR] - Error processing step for env 0: cannot reshape array of size 8 into shape (2,8)
Traceback (most recent call last):
  File "C:\Users\Hellx\Documents\Programming\python\Project\dgpo\scripts\train_rl.py", line 1072, in run
    self.replay_buffer.add(
  File "C:\Users\Hellx\Documents\Programming\python\Project\dgpo_project\venv\lib\site-packages\stable_baselines3\common\buffers.py", line 634, in add
    action = action.reshape((self.n_envs, self.action_dim))
ValueError: cannot reshape array of size 8 into shape (2,8)
[2025-10-25 12:14:09,112][__main__][ERROR] - Error processing step for env 1: cannot reshape array of size 8 into shape (2,8)
Traceback (most recent call last):
  File "C:\Users\Hellx\Documents\Programming\python\Project\dgpo\scripts\train_rl.py", line 1072, in run
    self.replay_buffer.add(
  File "C:\Users\Hellx\Documents\Programming\python\Project\dgpo_project\venv\lib\site-packages\stable_baselines3\common\buffers.py", line 634, in add
    action = action.reshape((self.n_envs, self.action_dim))
ValueError: cannot reshape array of size 8 into shape (2,8)
[2025-10-25 12:14:09,680][__main__][ERROR] - Error processing step for env 0: cannot reshape array of size 8 into shape (2,8)
Traceback (most recent call last):
  File "C:\Users\Hellx\Documents\Programming\python\Project\dgpo\scripts\train_rl.py", line 1072, in run
    self.replay_buffer.add(
  File "C:\Users\Hellx\Documents\Programming\python\Project\dgpo_project\venv\lib\site-packages\stable_baselines3\common\buffers.py", line 634, in add
    action = action.reshape((self.n_envs, self.action_dim))
ValueError: cannot reshape array of size 8 into shape (2,8)
[2025-10-25 12:14:09,682][__main__][ERROR] - Error processing step for env 1: cannot reshape array of size 8 into shape (2,8)
Traceback (most recent call last):
  File "C:\Users\Hellx\Documents\Programming\python\Project\dgpo\scripts\train_rl.py", line 1072, in run
    self.replay_buffer.add(
  File "C:\Users\Hellx\Documents\Programming\python\Project\dgpo_project\venv\lib\site-packages\stable_baselines3\common\buffers.py", line 634, in add
    action = action.reshape((self.n_envs, self.action_dim))
ValueError: cannot reshape array of size 8 into shape (2,8)
[2025-10-25 12:14:10,249][__main__][ERROR] - Error processing step for env 0: cannot reshape array of size 8 into shape (2,8)
Traceback (most recent call last):
  File "C:\Users\Hellx\Documents\Programming\python\Project\dgpo\scripts\train_rl.py", line 1072, in run
    self.replay_buffer.add(
  File "C:\Users\Hellx\Documents\Programming\python\Project\dgpo_project\venv\lib\site-packages\stable_baselines3\common\buffers.py", line 634, in add
    action = action.reshape((self.n_envs, self.action_dim))
ValueError: cannot reshape array of size 8 into shape (2,8)
[2025-10-25 12:14:10,251][__main__][ERROR] - Error processing step for env 1: cannot reshape array of size 8 into shape (2,8)
Traceback (most recent call last):
  File "C:\Users\Hellx\Documents\Programming\python\Project\dgpo\scripts\train_rl.py", line 1072, in run
    self.replay_buffer.add(
  File "C:\Users\Hellx\Documents\Programming\python\Project\dgpo_project\venv\lib\site-packages\stable_baselines3\common\buffers.py", line 634, in add
    action = action.reshape((self.n_envs, self.action_dim))
ValueError: cannot reshape array of size 8 into shape (2,8)
[2025-10-25 12:14:10,828][__main__][ERROR] - Error processing step for env 0: cannot reshape array of size 8 into shape (2,8)
Traceback (most recent call last):
  File "C:\Users\Hellx\Documents\Programming\python\Project\dgpo\scripts\train_rl.py", line 1072, in run
    self.replay_buffer.add(
  File "C:\Users\Hellx\Documents\Programming\python\Project\dgpo_project\venv\lib\site-packages\stable_baselines3\common\buffers.py", line 634, in add
    action = action.reshape((self.n_envs, self.action_dim))
ValueError: cannot reshape array of size 8 into shape (2,8)
[2025-10-25 12:14:10,829][__main__][ERROR] - Error processing step for env 1: cannot reshape array of size 8 into shape (2,8)
Traceback (most recent call last):
  File "C:\Users\Hellx\Documents\Programming\python\Project\dgpo\scripts\train_rl.py", line 1072, in run
    self.replay_buffer.add(
  File "C:\Users\Hellx\Documents\Programming\python\Project\dgpo_project\venv\lib\site-packages\stable_baselines3\common\buffers.py", line 634, in add
    action = action.reshape((self.n_envs, self.action_dim))
ValueError: cannot reshape array of size 8 into shape (2,8)
[2025-10-25 12:14:11,410][__main__][ERROR] - Error processing step for env 0: cannot reshape array of size 8 into shape (2,8)
Traceback (most recent call last):
  File "C:\Users\Hellx\Documents\Programming\python\Project\dgpo\scripts\train_rl.py", line 1072, in run
    self.replay_buffer.add(
  File "C:\Users\Hellx\Documents\Programming\python\Project\dgpo_project\venv\lib\site-packages\stable_baselines3\common\buffers.py", line 634, in add
    action = action.reshape((self.n_envs, self.action_dim))
ValueError: cannot reshape array of size 8 into shape (2,8)
[2025-10-25 12:14:11,413][__main__][ERROR] - Error processing step for env 1: cannot reshape array of size 8 into shape (2,8)
Traceback (most recent call last):
  File "C:\Users\Hellx\Documents\Programming\python\Project\dgpo\scripts\train_rl.py", line 1072, in run
    self.replay_buffer.add(
  File "C:\Users\Hellx\Documents\Programming\python\Project\dgpo_project\venv\lib\site-packages\stable_baselines3\common\buffers.py", line 634, in add
    action = action.reshape((self.n_envs, self.action_dim))
ValueError: cannot reshape array of size 8 into shape (2,8)
[2025-10-25 12:14:11,981][__main__][ERROR] - Error processing step for env 0: cannot reshape array of size 8 into shape (2,8)
Traceback (most recent call last):
  File "C:\Users\Hellx\Documents\Programming\python\Project\dgpo\scripts\train_rl.py", line 1072, in run
    self.replay_buffer.add(
  File "C:\Users\Hellx\Documents\Programming\python\Project\dgpo_project\venv\lib\site-packages\stable_baselines3\common\buffers.py", line 634, in add
    action = action.reshape((self.n_envs, self.action_dim))
ValueError: cannot reshape array of size 8 into shape (2,8)
[2025-10-25 12:14:11,983][__main__][ERROR] - Error processing step for env 1: cannot reshape array of size 8 into shape (2,8)
Traceback (most recent call last):
  File "C:\Users\Hellx\Documents\Programming\python\Project\dgpo\scripts\train_rl.py", line 1072, in run
    self.replay_buffer.add(
  File "C:\Users\Hellx\Documents\Programming\python\Project\dgpo_project\venv\lib\site-packages\stable_baselines3\common\buffers.py", line 634, in add
    action = action.reshape((self.n_envs, self.action_dim))
ValueError: cannot reshape array of size 8 into shape (2,8)
[2025-10-25 12:14:12,555][__main__][ERROR] - Error processing step for env 0: cannot reshape array of size 8 into shape (2,8)
Traceback (most recent call last):
  File "C:\Users\Hellx\Documents\Programming\python\Project\dgpo\scripts\train_rl.py", line 1072, in run
    self.replay_buffer.add(
  File "C:\Users\Hellx\Documents\Programming\python\Project\dgpo_project\venv\lib\site-packages\stable_baselines3\common\buffers.py", line 634, in add
    action = action.reshape((self.n_envs, self.action_dim))
ValueError: cannot reshape array of size 8 into shape (2,8)
[2025-10-25 12:14:12,557][__main__][ERROR] - Error processing step for env 1: cannot reshape array of size 8 into shape (2,8)
Traceback (most recent call last):
  File "C:\Users\Hellx\Documents\Programming\python\Project\dgpo\scripts\train_rl.py", line 1072, in run
    self.replay_buffer.add(
  File "C:\Users\Hellx\Documents\Programming\python\Project\dgpo_project\venv\lib\site-packages\stable_baselines3\common\buffers.py", line 634, in add
    action = action.reshape((self.n_envs, self.action_dim))
ValueError: cannot reshape array of size 8 into shape (2,8)
[2025-10-25 12:14:13,128][__main__][ERROR] - Error processing step for env 0: cannot reshape array of size 8 into shape (2,8)
Traceback (most recent call last):
  File "C:\Users\Hellx\Documents\Programming\python\Project\dgpo\scripts\train_rl.py", line 1072, in run
    self.replay_buffer.add(
  File "C:\Users\Hellx\Documents\Programming\python\Project\dgpo_project\venv\lib\site-packages\stable_baselines3\common\buffers.py", line 634, in add
    action = action.reshape((self.n_envs, self.action_dim))
ValueError: cannot reshape array of size 8 into shape (2,8)
[2025-10-25 12:14:13,130][__main__][ERROR] - Error processing step for env 1: cannot reshape array of size 8 into shape (2,8)
Traceback (most recent call last):
  File "C:\Users\Hellx\Documents\Programming\python\Project\dgpo\scripts\train_rl.py", line 1072, in run
    self.replay_buffer.add(
  File "C:\Users\Hellx\Documents\Programming\python\Project\dgpo_project\venv\lib\site-packages\stable_baselines3\common\buffers.py", line 634, in add
    action = action.reshape((self.n_envs, self.action_dim))
ValueError: cannot reshape array of size 8 into shape (2,8)
[2025-10-25 12:14:13,701][__main__][ERROR] - Error processing step for env 0: cannot reshape array of size 8 into shape (2,8)
Traceback (most recent call last):
  File "C:\Users\Hellx\Documents\Programming\python\Project\dgpo\scripts\train_rl.py", line 1072, in run
    self.replay_buffer.add(
  File "C:\Users\Hellx\Documents\Programming\python\Project\dgpo_project\venv\lib\site-packages\stable_baselines3\common\buffers.py", line 634, in add
    action = action.reshape((self.n_envs, self.action_dim))
ValueError: cannot reshape array of size 8 into shape (2,8)
[2025-10-25 12:14:13,703][__main__][ERROR] - Error processing step for env 1: cannot reshape array of size 8 into shape (2,8)
Traceback (most recent call last):
  File "C:\Users\Hellx\Documents\Programming\python\Project\dgpo\scripts\train_rl.py", line 1072, in run
    self.replay_buffer.add(
  File "C:\Users\Hellx\Documents\Programming\python\Project\dgpo_project\venv\lib\site-packages\stable_baselines3\common\buffers.py", line 634, in add
    action = action.reshape((self.n_envs, self.action_dim))
ValueError: cannot reshape array of size 8 into shape (2,8)
[2025-10-25 12:14:14,273][__main__][ERROR] - Error processing step for env 0: cannot reshape array of size 8 into shape (2,8)
Traceback (most recent call last):
  File "C:\Users\Hellx\Documents\Programming\python\Project\dgpo\scripts\train_rl.py", line 1072, in run
    self.replay_buffer.add(
  File "C:\Users\Hellx\Documents\Programming\python\Project\dgpo_project\venv\lib\site-packages\stable_baselines3\common\buffers.py", line 634, in add
    action = action.reshape((self.n_envs, self.action_dim))
ValueError: cannot reshape array of size 8 into shape (2,8)
[2025-10-25 12:14:14,275][__main__][ERROR] - Error processing step for env 1: cannot reshape array of size 8 into shape (2,8)
Traceback (most recent call last):
  File "C:\Users\Hellx\Documents\Programming\python\Project\dgpo\scripts\train_rl.py", line 1072, in run
    self.replay_buffer.add(
  File "C:\Users\Hellx\Documents\Programming\python\Project\dgpo_project\venv\lib\site-packages\stable_baselines3\common\buffers.py", line 634, in add
    action = action.reshape((self.n_envs, self.action_dim))
ValueError: cannot reshape array of size 8 into shape (2,8)
[2025-10-25 12:14:14,846][__main__][ERROR] - Error processing step for env 0: cannot reshape array of size 8 into shape (2,8)
Traceback (most recent call last):
  File "C:\Users\Hellx\Documents\Programming\python\Project\dgpo\scripts\train_rl.py", line 1072, in run
    self.replay_buffer.add(
  File "C:\Users\Hellx\Documents\Programming\python\Project\dgpo_project\venv\lib\site-packages\stable_baselines3\common\buffers.py", line 634, in add
    action = action.reshape((self.n_envs, self.action_dim))
ValueError: cannot reshape array of size 8 into shape (2,8)
[2025-10-25 12:14:14,848][__main__][ERROR] - Error processing step for env 1: cannot reshape array of size 8 into shape (2,8)
Traceback (most recent call last):
  File "C:\Users\Hellx\Documents\Programming\python\Project\dgpo\scripts\train_rl.py", line 1072, in run
    self.replay_buffer.add(
  File "C:\Users\Hellx\Documents\Programming\python\Project\dgpo_project\venv\lib\site-packages\stable_baselines3\common\buffers.py", line 634, in add
    action = action.reshape((self.n_envs, self.action_dim))
ValueError: cannot reshape array of size 8 into shape (2,8)
[2025-10-25 12:14:15,416][__main__][ERROR] - Error processing step for env 0: cannot reshape array of size 8 into shape (2,8)
Traceback (most recent call last):
  File "C:\Users\Hellx\Documents\Programming\python\Project\dgpo\scripts\train_rl.py", line 1072, in run
    self.replay_buffer.add(
  File "C:\Users\Hellx\Documents\Programming\python\Project\dgpo_project\venv\lib\site-packages\stable_baselines3\common\buffers.py", line 634, in add
    action = action.reshape((self.n_envs, self.action_dim))
ValueError: cannot reshape array of size 8 into shape (2,8)
[2025-10-25 12:14:15,418][__main__][ERROR] - Error processing step for env 1: cannot reshape array of size 8 into shape (2,8)
Traceback (most recent call last):
  File "C:\Users\Hellx\Documents\Programming\python\Project\dgpo\scripts\train_rl.py", line 1072, in run
    self.replay_buffer.add(
  File "C:\Users\Hellx\Documents\Programming\python\Project\dgpo_project\venv\lib\site-packages\stable_baselines3\common\buffers.py", line 634, in add
    action = action.reshape((self.n_envs, self.action_dim))
ValueError: cannot reshape array of size 8 into shape (2,8)
[2025-10-25 12:14:15,989][__main__][ERROR] - Error processing step for env 0: cannot reshape array of size 8 into shape (2,8)
Traceback (most recent call last):
  File "C:\Users\Hellx\Documents\Programming\python\Project\dgpo\scripts\train_rl.py", line 1072, in run
    self.replay_buffer.add(
  File "C:\Users\Hellx\Documents\Programming\python\Project\dgpo_project\venv\lib\site-packages\stable_baselines3\common\buffers.py", line 634, in add
    action = action.reshape((self.n_envs, self.action_dim))
ValueError: cannot reshape array of size 8 into shape (2,8)
[2025-10-25 12:14:15,991][__main__][ERROR] - Error processing step for env 1: cannot reshape array of size 8 into shape (2,8)
Traceback (most recent call last):
  File "C:\Users\Hellx\Documents\Programming\python\Project\dgpo\scripts\train_rl.py", line 1072, in run
    self.replay_buffer.add(
  File "C:\Users\Hellx\Documents\Programming\python\Project\dgpo_project\venv\lib\site-packages\stable_baselines3\common\buffers.py", line 634, in add
    action = action.reshape((self.n_envs, self.action_dim))
ValueError: cannot reshape array of size 8 into shape (2,8)
[2025-10-25 12:14:16,569][__main__][ERROR] - Error processing step for env 0: cannot reshape array of size 8 into shape (2,8)
Traceback (most recent call last):
  File "C:\Users\Hellx\Documents\Programming\python\Project\dgpo\scripts\train_rl.py", line 1072, in run
    self.replay_buffer.add(
  File "C:\Users\Hellx\Documents\Programming\python\Project\dgpo_project\venv\lib\site-packages\stable_baselines3\common\buffers.py", line 634, in add
    action = action.reshape((self.n_envs, self.action_dim))
ValueError: cannot reshape array of size 8 into shape (2,8)
[2025-10-25 12:14:16,571][__main__][ERROR] - Error processing step for env 1: cannot reshape array of size 8 into shape (2,8)
Traceback (most recent call last):
  File "C:\Users\Hellx\Documents\Programming\python\Project\dgpo\scripts\train_rl.py", line 1072, in run
    self.replay_buffer.add(
  File "C:\Users\Hellx\Documents\Programming\python\Project\dgpo_project\venv\lib\site-packages\stable_baselines3\common\buffers.py", line 634, in add
    action = action.reshape((self.n_envs, self.action_dim))
ValueError: cannot reshape array of size 8 into shape (2,8)
[2025-10-25 12:14:17,145][__main__][ERROR] - Error processing step for env 0: cannot reshape array of size 8 into shape (2,8)
Traceback (most recent call last):
  File "C:\Users\Hellx\Documents\Programming\python\Project\dgpo\scripts\train_rl.py", line 1072, in run
    self.replay_buffer.add(
  File "C:\Users\Hellx\Documents\Programming\python\Project\dgpo_project\venv\lib\site-packages\stable_baselines3\common\buffers.py", line 634, in add
    action = action.reshape((self.n_envs, self.action_dim))
ValueError: cannot reshape array of size 8 into shape (2,8)
[2025-10-25 12:14:17,147][__main__][ERROR] - Error processing step for env 1: cannot reshape array of size 8 into shape (2,8)
Traceback (most recent call last):
  File "C:\Users\Hellx\Documents\Programming\python\Project\dgpo\scripts\train_rl.py", line 1072, in run
    self.replay_buffer.add(
  File "C:\Users\Hellx\Documents\Programming\python\Project\dgpo_project\venv\lib\site-packages\stable_baselines3\common\buffers.py", line 634, in add
    action = action.reshape((self.n_envs, self.action_dim))
ValueError: cannot reshape array of size 8 into shape (2,8)
[2025-10-25 12:14:17,715][__main__][ERROR] - Error processing step for env 0: cannot reshape array of size 8 into shape (2,8)
Traceback (most recent call last):
  File "C:\Users\Hellx\Documents\Programming\python\Project\dgpo\scripts\train_rl.py", line 1072, in run
    self.replay_buffer.add(
  File "C:\Users\Hellx\Documents\Programming\python\Project\dgpo_project\venv\lib\site-packages\stable_baselines3\common\buffers.py", line 634, in add
    action = action.reshape((self.n_envs, self.action_dim))
ValueError: cannot reshape array of size 8 into shape (2,8)
[2025-10-25 12:14:17,718][__main__][ERROR] - Error processing step for env 1: cannot reshape array of size 8 into shape (2,8)
Traceback (most recent call last):
  File "C:\Users\Hellx\Documents\Programming\python\Project\dgpo\scripts\train_rl.py", line 1072, in run
    self.replay_buffer.add(
  File "C:\Users\Hellx\Documents\Programming\python\Project\dgpo_project\venv\lib\site-packages\stable_baselines3\common\buffers.py", line 634, in add
    action = action.reshape((self.n_envs, self.action_dim))
ValueError: cannot reshape array of size 8 into shape (2,8)
[2025-10-25 12:14:18,304][__main__][ERROR] - Error processing step for env 0: cannot reshape array of size 8 into shape (2,8)
Traceback (most recent call last):
  File "C:\Users\Hellx\Documents\Programming\python\Project\dgpo\scripts\train_rl.py", line 1072, in run
    self.replay_buffer.add(
  File "C:\Users\Hellx\Documents\Programming\python\Project\dgpo_project\venv\lib\site-packages\stable_baselines3\common\buffers.py", line 634, in add
    action = action.reshape((self.n_envs, self.action_dim))
ValueError: cannot reshape array of size 8 into shape (2,8)
[2025-10-25 12:14:18,306][__main__][ERROR] - Error processing step for env 1: cannot reshape array of size 8 into shape (2,8)
Traceback (most recent call last):
  File "C:\Users\Hellx\Documents\Programming\python\Project\dgpo\scripts\train_rl.py", line 1072, in run
    self.replay_buffer.add(
  File "C:\Users\Hellx\Documents\Programming\python\Project\dgpo_project\venv\lib\site-packages\stable_baselines3\common\buffers.py", line 634, in add
    action = action.reshape((self.n_envs, self.action_dim))
ValueError: cannot reshape array of size 8 into shape (2,8)
[2025-10-25 12:14:18,915][__main__][ERROR] - Error processing step for env 0: cannot reshape array of size 8 into shape (2,8)
Traceback (most recent call last):
  File "C:\Users\Hellx\Documents\Programming\python\Project\dgpo\scripts\train_rl.py", line 1072, in run
    self.replay_buffer.add(
  File "C:\Users\Hellx\Documents\Programming\python\Project\dgpo_project\venv\lib\site-packages\stable_baselines3\common\buffers.py", line 634, in add
    action = action.reshape((self.n_envs, self.action_dim))
ValueError: cannot reshape array of size 8 into shape (2,8)
[2025-10-25 12:14:18,917][__main__][ERROR] - Error processing step for env 1: cannot reshape array of size 8 into shape (2,8)
Traceback (most recent call last):
  File "C:\Users\Hellx\Documents\Programming\python\Project\dgpo\scripts\train_rl.py", line 1072, in run
    self.replay_buffer.add(
  File "C:\Users\Hellx\Documents\Programming\python\Project\dgpo_project\venv\lib\site-packages\stable_baselines3\common\buffers.py", line 634, in add
    action = action.reshape((self.n_envs, self.action_dim))
ValueError: cannot reshape array of size 8 into shape (2,8)
[2025-10-25 12:14:19,526][__main__][ERROR] - Error processing step for env 0: cannot reshape array of size 8 into shape (2,8)
Traceback (most recent call last):
  File "C:\Users\Hellx\Documents\Programming\python\Project\dgpo\scripts\train_rl.py", line 1072, in run
    self.replay_buffer.add(
  File "C:\Users\Hellx\Documents\Programming\python\Project\dgpo_project\venv\lib\site-packages\stable_baselines3\common\buffers.py", line 634, in add
    action = action.reshape((self.n_envs, self.action_dim))
ValueError: cannot reshape array of size 8 into shape (2,8)
[2025-10-25 12:14:19,528][__main__][ERROR] - Error processing step for env 1: cannot reshape array of size 8 into shape (2,8)
Traceback (most recent call last):
  File "C:\Users\Hellx\Documents\Programming\python\Project\dgpo\scripts\train_rl.py", line 1072, in run
    self.replay_buffer.add(
  File "C:\Users\Hellx\Documents\Programming\python\Project\dgpo_project\venv\lib\site-packages\stable_baselines3\common\buffers.py", line 634, in add
    action = action.reshape((self.n_envs, self.action_dim))
ValueError: cannot reshape array of size 8 into shape (2,8)
[2025-10-25 12:14:20,104][__main__][ERROR] - Error processing step for env 0: cannot reshape array of size 8 into shape (2,8)
Traceback (most recent call last):
  File "C:\Users\Hellx\Documents\Programming\python\Project\dgpo\scripts\train_rl.py", line 1072, in run
    self.replay_buffer.add(
  File "C:\Users\Hellx\Documents\Programming\python\Project\dgpo_project\venv\lib\site-packages\stable_baselines3\common\buffers.py", line 634, in add
    action = action.reshape((self.n_envs, self.action_dim))
ValueError: cannot reshape array of size 8 into shape (2,8)
[2025-10-25 12:14:20,106][__main__][ERROR] - Error processing step for env 1: cannot reshape array of size 8 into shape (2,8)
Traceback (most recent call last):
  File "C:\Users\Hellx\Documents\Programming\python\Project\dgpo\scripts\train_rl.py", line 1072, in run
    self.replay_buffer.add(
  File "C:\Users\Hellx\Documents\Programming\python\Project\dgpo_project\venv\lib\site-packages\stable_baselines3\common\buffers.py", line 634, in add
    action = action.reshape((self.n_envs, self.action_dim))
ValueError: cannot reshape array of size 8 into shape (2,8)
[2025-10-25 12:14:20,681][__main__][ERROR] - Error processing step for env 0: cannot reshape array of size 8 into shape (2,8)
Traceback (most recent call last):
  File "C:\Users\Hellx\Documents\Programming\python\Project\dgpo\scripts\train_rl.py", line 1072, in run
    self.replay_buffer.add(
  File "C:\Users\Hellx\Documents\Programming\python\Project\dgpo_project\venv\lib\site-packages\stable_baselines3\common\buffers.py", line 634, in add
    action = action.reshape((self.n_envs, self.action_dim))
ValueError: cannot reshape array of size 8 into shape (2,8)
[2025-10-25 12:14:20,683][__main__][ERROR] - Error processing step for env 1: cannot reshape array of size 8 into shape (2,8)
Traceback (most recent call last):
  File "C:\Users\Hellx\Documents\Programming\python\Project\dgpo\scripts\train_rl.py", line 1072, in run
    self.replay_buffer.add(
  File "C:\Users\Hellx\Documents\Programming\python\Project\dgpo_project\venv\lib\site-packages\stable_baselines3\common\buffers.py", line 634, in add
    action = action.reshape((self.n_envs, self.action_dim))
ValueError: cannot reshape array of size 8 into shape (2,8)
[2025-10-25 12:14:21,255][__main__][ERROR] - Error processing step for env 0: cannot reshape array of size 8 into shape (2,8)
Traceback (most recent call last):
  File "C:\Users\Hellx\Documents\Programming\python\Project\dgpo\scripts\train_rl.py", line 1072, in run
    self.replay_buffer.add(
  File "C:\Users\Hellx\Documents\Programming\python\Project\dgpo_project\venv\lib\site-packages\stable_baselines3\common\buffers.py", line 634, in add
    action = action.reshape((self.n_envs, self.action_dim))
ValueError: cannot reshape array of size 8 into shape (2,8)
[2025-10-25 12:14:21,257][__main__][ERROR] - Error processing step for env 1: cannot reshape array of size 8 into shape (2,8)
Traceback (most recent call last):
  File "C:\Users\Hellx\Documents\Programming\python\Project\dgpo\scripts\train_rl.py", line 1072, in run
    self.replay_buffer.add(
  File "C:\Users\Hellx\Documents\Programming\python\Project\dgpo_project\venv\lib\site-packages\stable_baselines3\common\buffers.py", line 634, in add
    action = action.reshape((self.n_envs, self.action_dim))
ValueError: cannot reshape array of size 8 into shape (2,8)
[2025-10-25 12:14:21,832][__main__][ERROR] - Error processing step for env 0: cannot reshape array of size 8 into shape (2,8)
Traceback (most recent call last):
  File "C:\Users\Hellx\Documents\Programming\python\Project\dgpo\scripts\train_rl.py", line 1072, in run
    self.replay_buffer.add(
  File "C:\Users\Hellx\Documents\Programming\python\Project\dgpo_project\venv\lib\site-packages\stable_baselines3\common\buffers.py", line 634, in add
    action = action.reshape((self.n_envs, self.action_dim))
ValueError: cannot reshape array of size 8 into shape (2,8)
[2025-10-25 12:14:21,834][__main__][ERROR] - Error processing step for env 1: cannot reshape array of size 8 into shape (2,8)
Traceback (most recent call last):
  File "C:\Users\Hellx\Documents\Programming\python\Project\dgpo\scripts\train_rl.py", line 1072, in run
    self.replay_buffer.add(
  File "C:\Users\Hellx\Documents\Programming\python\Project\dgpo_project\venv\lib\site-packages\stable_baselines3\common\buffers.py", line 634, in add
    action = action.reshape((self.n_envs, self.action_dim))
ValueError: cannot reshape array of size 8 into shape (2,8)
[2025-10-25 12:14:22,404][__main__][ERROR] - Error processing step for env 0: cannot reshape array of size 8 into shape (2,8)
Traceback (most recent call last):
  File "C:\Users\Hellx\Documents\Programming\python\Project\dgpo\scripts\train_rl.py", line 1072, in run
    self.replay_buffer.add(
  File "C:\Users\Hellx\Documents\Programming\python\Project\dgpo_project\venv\lib\site-packages\stable_baselines3\common\buffers.py", line 634, in add
    action = action.reshape((self.n_envs, self.action_dim))
ValueError: cannot reshape array of size 8 into shape (2,8)
[2025-10-25 12:14:22,405][__main__][ERROR] - Error processing step for env 1: cannot reshape array of size 8 into shape (2,8)
Traceback (most recent call last):
  File "C:\Users\Hellx\Documents\Programming\python\Project\dgpo\scripts\train_rl.py", line 1072, in run
    self.replay_buffer.add(
  File "C:\Users\Hellx\Documents\Programming\python\Project\dgpo_project\venv\lib\site-packages\stable_baselines3\common\buffers.py", line 634, in add
    action = action.reshape((self.n_envs, self.action_dim))
ValueError: cannot reshape array of size 8 into shape (2,8)
[2025-10-25 12:14:22,983][__main__][ERROR] - Error processing step for env 0: cannot reshape array of size 8 into shape (2,8)
Traceback (most recent call last):
  File "C:\Users\Hellx\Documents\Programming\python\Project\dgpo\scripts\train_rl.py", line 1072, in run
    self.replay_buffer.add(
  File "C:\Users\Hellx\Documents\Programming\python\Project\dgpo_project\venv\lib\site-packages\stable_baselines3\common\buffers.py", line 634, in add
    action = action.reshape((self.n_envs, self.action_dim))
ValueError: cannot reshape array of size 8 into shape (2,8)
[2025-10-25 12:14:22,985][__main__][ERROR] - Error processing step for env 1: cannot reshape array of size 8 into shape (2,8)
Traceback (most recent call last):
  File "C:\Users\Hellx\Documents\Programming\python\Project\dgpo\scripts\train_rl.py", line 1072, in run
    self.replay_buffer.add(
  File "C:\Users\Hellx\Documents\Programming\python\Project\dgpo_project\venv\lib\site-packages\stable_baselines3\common\buffers.py", line 634, in add
    action = action.reshape((self.n_envs, self.action_dim))
ValueError: cannot reshape array of size 8 into shape (2,8)
[2025-10-25 12:14:23,555][__main__][ERROR] - Error processing step for env 0: cannot reshape array of size 8 into shape (2,8)
Traceback (most recent call last):
  File "C:\Users\Hellx\Documents\Programming\python\Project\dgpo\scripts\train_rl.py", line 1072, in run
    self.replay_buffer.add(
  File "C:\Users\Hellx\Documents\Programming\python\Project\dgpo_project\venv\lib\site-packages\stable_baselines3\common\buffers.py", line 634, in add
    action = action.reshape((self.n_envs, self.action_dim))
ValueError: cannot reshape array of size 8 into shape (2,8)
[2025-10-25 12:14:23,557][__main__][ERROR] - Error processing step for env 1: cannot reshape array of size 8 into shape (2,8)
Traceback (most recent call last):
  File "C:\Users\Hellx\Documents\Programming\python\Project\dgpo\scripts\train_rl.py", line 1072, in run
    self.replay_buffer.add(
  File "C:\Users\Hellx\Documents\Programming\python\Project\dgpo_project\venv\lib\site-packages\stable_baselines3\common\buffers.py", line 634, in add
    action = action.reshape((self.n_envs, self.action_dim))
ValueError: cannot reshape array of size 8 into shape (2,8)
[2025-10-25 12:14:24,127][__main__][ERROR] - Error processing step for env 0: cannot reshape array of size 8 into shape (2,8)
Traceback (most recent call last):
  File "C:\Users\Hellx\Documents\Programming\python\Project\dgpo\scripts\train_rl.py", line 1072, in run
    self.replay_buffer.add(
  File "C:\Users\Hellx\Documents\Programming\python\Project\dgpo_project\venv\lib\site-packages\stable_baselines3\common\buffers.py", line 634, in add
    action = action.reshape((self.n_envs, self.action_dim))
ValueError: cannot reshape array of size 8 into shape (2,8)
[2025-10-25 12:14:24,129][__main__][ERROR] - Error processing step for env 1: cannot reshape array of size 8 into shape (2,8)
Traceback (most recent call last):
  File "C:\Users\Hellx\Documents\Programming\python\Project\dgpo\scripts\train_rl.py", line 1072, in run
    self.replay_buffer.add(
  File "C:\Users\Hellx\Documents\Programming\python\Project\dgpo_project\venv\lib\site-packages\stable_baselines3\common\buffers.py", line 634, in add
    action = action.reshape((self.n_envs, self.action_dim))
ValueError: cannot reshape array of size 8 into shape (2,8)
[2025-10-25 12:14:24,692][__main__][ERROR] - Error processing step for env 0: cannot reshape array of size 8 into shape (2,8)
Traceback (most recent call last):
  File "C:\Users\Hellx\Documents\Programming\python\Project\dgpo\scripts\train_rl.py", line 1072, in run
    self.replay_buffer.add(
  File "C:\Users\Hellx\Documents\Programming\python\Project\dgpo_project\venv\lib\site-packages\stable_baselines3\common\buffers.py", line 634, in add
    action = action.reshape((self.n_envs, self.action_dim))
ValueError: cannot reshape array of size 8 into shape (2,8)
[2025-10-25 12:14:24,694][__main__][ERROR] - Error processing step for env 1: cannot reshape array of size 8 into shape (2,8)
Traceback (most recent call last):
  File "C:\Users\Hellx\Documents\Programming\python\Project\dgpo\scripts\train_rl.py", line 1072, in run
    self.replay_buffer.add(
  File "C:\Users\Hellx\Documents\Programming\python\Project\dgpo_project\venv\lib\site-packages\stable_baselines3\common\buffers.py", line 634, in add
    action = action.reshape((self.n_envs, self.action_dim))
ValueError: cannot reshape array of size 8 into shape (2,8)
[2025-10-25 12:14:25,266][__main__][ERROR] - Error processing step for env 0: cannot reshape array of size 8 into shape (2,8)
Traceback (most recent call last):
  File "C:\Users\Hellx\Documents\Programming\python\Project\dgpo\scripts\train_rl.py", line 1072, in run
    self.replay_buffer.add(
  File "C:\Users\Hellx\Documents\Programming\python\Project\dgpo_project\venv\lib\site-packages\stable_baselines3\common\buffers.py", line 634, in add
    action = action.reshape((self.n_envs, self.action_dim))
ValueError: cannot reshape array of size 8 into shape (2,8)
[2025-10-25 12:14:25,269][__main__][ERROR] - Error processing step for env 1: cannot reshape array of size 8 into shape (2,8)
Traceback (most recent call last):
  File "C:\Users\Hellx\Documents\Programming\python\Project\dgpo\scripts\train_rl.py", line 1072, in run
    self.replay_buffer.add(
  File "C:\Users\Hellx\Documents\Programming\python\Project\dgpo_project\venv\lib\site-packages\stable_baselines3\common\buffers.py", line 634, in add
    action = action.reshape((self.n_envs, self.action_dim))
ValueError: cannot reshape array of size 8 into shape (2,8)
[2025-10-25 12:14:25,842][__main__][ERROR] - Error processing step for env 0: cannot reshape array of size 8 into shape (2,8)
Traceback (most recent call last):
  File "C:\Users\Hellx\Documents\Programming\python\Project\dgpo\scripts\train_rl.py", line 1072, in run
    self.replay_buffer.add(
  File "C:\Users\Hellx\Documents\Programming\python\Project\dgpo_project\venv\lib\site-packages\stable_baselines3\common\buffers.py", line 634, in add
    action = action.reshape((self.n_envs, self.action_dim))
ValueError: cannot reshape array of size 8 into shape (2,8)
[2025-10-25 12:14:25,844][__main__][ERROR] - Error processing step for env 1: cannot reshape array of size 8 into shape (2,8)
Traceback (most recent call last):
  File "C:\Users\Hellx\Documents\Programming\python\Project\dgpo\scripts\train_rl.py", line 1072, in run
    self.replay_buffer.add(
  File "C:\Users\Hellx\Documents\Programming\python\Project\dgpo_project\venv\lib\site-packages\stable_baselines3\common\buffers.py", line 634, in add
    action = action.reshape((self.n_envs, self.action_dim))
ValueError: cannot reshape array of size 8 into shape (2,8)
[2025-10-25 12:14:26,416][__main__][ERROR] - Error processing step for env 0: cannot reshape array of size 8 into shape (2,8)
Traceback (most recent call last):
  File "C:\Users\Hellx\Documents\Programming\python\Project\dgpo\scripts\train_rl.py", line 1072, in run
    self.replay_buffer.add(
  File "C:\Users\Hellx\Documents\Programming\python\Project\dgpo_project\venv\lib\site-packages\stable_baselines3\common\buffers.py", line 634, in add
    action = action.reshape((self.n_envs, self.action_dim))
ValueError: cannot reshape array of size 8 into shape (2,8)
[2025-10-25 12:14:26,418][__main__][ERROR] - Error processing step for env 1: cannot reshape array of size 8 into shape (2,8)
Traceback (most recent call last):
  File "C:\Users\Hellx\Documents\Programming\python\Project\dgpo\scripts\train_rl.py", line 1072, in run
    self.replay_buffer.add(
  File "C:\Users\Hellx\Documents\Programming\python\Project\dgpo_project\venv\lib\site-packages\stable_baselines3\common\buffers.py", line 634, in add
    action = action.reshape((self.n_envs, self.action_dim))
ValueError: cannot reshape array of size 8 into shape (2,8)
[2025-10-25 12:14:26,994][__main__][ERROR] - Error processing step for env 0: cannot reshape array of size 8 into shape (2,8)
Traceback (most recent call last):
  File "C:\Users\Hellx\Documents\Programming\python\Project\dgpo\scripts\train_rl.py", line 1072, in run
    self.replay_buffer.add(
  File "C:\Users\Hellx\Documents\Programming\python\Project\dgpo_project\venv\lib\site-packages\stable_baselines3\common\buffers.py", line 634, in add
    action = action.reshape((self.n_envs, self.action_dim))
ValueError: cannot reshape array of size 8 into shape (2,8)
[2025-10-25 12:14:26,996][__main__][ERROR] - Error processing step for env 1: cannot reshape array of size 8 into shape (2,8)
Traceback (most recent call last):
  File "C:\Users\Hellx\Documents\Programming\python\Project\dgpo\scripts\train_rl.py", line 1072, in run
    self.replay_buffer.add(
  File "C:\Users\Hellx\Documents\Programming\python\Project\dgpo_project\venv\lib\site-packages\stable_baselines3\common\buffers.py", line 634, in add
    action = action.reshape((self.n_envs, self.action_dim))
ValueError: cannot reshape array of size 8 into shape (2,8)
[2025-10-25 12:14:27,563][__main__][ERROR] - Error processing step for env 0: cannot reshape array of size 8 into shape (2,8)
Traceback (most recent call last):
  File "C:\Users\Hellx\Documents\Programming\python\Project\dgpo\scripts\train_rl.py", line 1072, in run
    self.replay_buffer.add(
  File "C:\Users\Hellx\Documents\Programming\python\Project\dgpo_project\venv\lib\site-packages\stable_baselines3\common\buffers.py", line 634, in add
    action = action.reshape((self.n_envs, self.action_dim))
ValueError: cannot reshape array of size 8 into shape (2,8)
[2025-10-25 12:14:27,565][__main__][ERROR] - Error processing step for env 1: cannot reshape array of size 8 into shape (2,8)
Traceback (most recent call last):
  File "C:\Users\Hellx\Documents\Programming\python\Project\dgpo\scripts\train_rl.py", line 1072, in run
    self.replay_buffer.add(
  File "C:\Users\Hellx\Documents\Programming\python\Project\dgpo_project\venv\lib\site-packages\stable_baselines3\common\buffers.py", line 634, in add
    action = action.reshape((self.n_envs, self.action_dim))
ValueError: cannot reshape array of size 8 into shape (2,8)
[2025-10-25 12:14:28,139][__main__][ERROR] - Error processing step for env 0: cannot reshape array of size 8 into shape (2,8)
Traceback (most recent call last):
  File "C:\Users\Hellx\Documents\Programming\python\Project\dgpo\scripts\train_rl.py", line 1072, in run
    self.replay_buffer.add(
  File "C:\Users\Hellx\Documents\Programming\python\Project\dgpo_project\venv\lib\site-packages\stable_baselines3\common\buffers.py", line 634, in add
    action = action.reshape((self.n_envs, self.action_dim))
ValueError: cannot reshape array of size 8 into shape (2,8)
[2025-10-25 12:14:28,140][__main__][ERROR] - Error processing step for env 1: cannot reshape array of size 8 into shape (2,8)
Traceback (most recent call last):
  File "C:\Users\Hellx\Documents\Programming\python\Project\dgpo\scripts\train_rl.py", line 1072, in run
    self.replay_buffer.add(
  File "C:\Users\Hellx\Documents\Programming\python\Project\dgpo_project\venv\lib\site-packages\stable_baselines3\common\buffers.py", line 634, in add
    action = action.reshape((self.n_envs, self.action_dim))
ValueError: cannot reshape array of size 8 into shape (2,8)
[2025-10-25 12:14:28,710][__main__][ERROR] - Error processing step for env 0: cannot reshape array of size 8 into shape (2,8)
Traceback (most recent call last):
  File "C:\Users\Hellx\Documents\Programming\python\Project\dgpo\scripts\train_rl.py", line 1072, in run
    self.replay_buffer.add(
  File "C:\Users\Hellx\Documents\Programming\python\Project\dgpo_project\venv\lib\site-packages\stable_baselines3\common\buffers.py", line 634, in add
    action = action.reshape((self.n_envs, self.action_dim))
ValueError: cannot reshape array of size 8 into shape (2,8)
[2025-10-25 12:14:28,712][__main__][ERROR] - Error processing step for env 1: cannot reshape array of size 8 into shape (2,8)
Traceback (most recent call last):
  File "C:\Users\Hellx\Documents\Programming\python\Project\dgpo\scripts\train_rl.py", line 1072, in run
    self.replay_buffer.add(
  File "C:\Users\Hellx\Documents\Programming\python\Project\dgpo_project\venv\lib\site-packages\stable_baselines3\common\buffers.py", line 634, in add
    action = action.reshape((self.n_envs, self.action_dim))
ValueError: cannot reshape array of size 8 into shape (2,8)
[2025-10-25 12:14:29,280][__main__][ERROR] - Error processing step for env 0: cannot reshape array of size 8 into shape (2,8)
Traceback (most recent call last):
  File "C:\Users\Hellx\Documents\Programming\python\Project\dgpo\scripts\train_rl.py", line 1072, in run
    self.replay_buffer.add(
  File "C:\Users\Hellx\Documents\Programming\python\Project\dgpo_project\venv\lib\site-packages\stable_baselines3\common\buffers.py", line 634, in add
    action = action.reshape((self.n_envs, self.action_dim))
ValueError: cannot reshape array of size 8 into shape (2,8)
[2025-10-25 12:14:29,282][__main__][ERROR] - Error processing step for env 1: cannot reshape array of size 8 into shape (2,8)
Traceback (most recent call last):
  File "C:\Users\Hellx\Documents\Programming\python\Project\dgpo\scripts\train_rl.py", line 1072, in run
    self.replay_buffer.add(
  File "C:\Users\Hellx\Documents\Programming\python\Project\dgpo_project\venv\lib\site-packages\stable_baselines3\common\buffers.py", line 634, in add
    action = action.reshape((self.n_envs, self.action_dim))
ValueError: cannot reshape array of size 8 into shape (2,8)
[2025-10-25 12:14:29,849][__main__][ERROR] - Error processing step for env 0: cannot reshape array of size 8 into shape (2,8)
Traceback (most recent call last):
  File "C:\Users\Hellx\Documents\Programming\python\Project\dgpo\scripts\train_rl.py", line 1072, in run
    self.replay_buffer.add(
  File "C:\Users\Hellx\Documents\Programming\python\Project\dgpo_project\venv\lib\site-packages\stable_baselines3\common\buffers.py", line 634, in add
    action = action.reshape((self.n_envs, self.action_dim))
ValueError: cannot reshape array of size 8 into shape (2,8)
[2025-10-25 12:14:29,851][__main__][ERROR] - Error processing step for env 1: cannot reshape array of size 8 into shape (2,8)
Traceback (most recent call last):
  File "C:\Users\Hellx\Documents\Programming\python\Project\dgpo\scripts\train_rl.py", line 1072, in run
    self.replay_buffer.add(
  File "C:\Users\Hellx\Documents\Programming\python\Project\dgpo_project\venv\lib\site-packages\stable_baselines3\common\buffers.py", line 634, in add
    action = action.reshape((self.n_envs, self.action_dim))
ValueError: cannot reshape array of size 8 into shape (2,8)
[2025-10-25 12:14:30,427][__main__][ERROR] - Error processing step for env 0: cannot reshape array of size 8 into shape (2,8)
Traceback (most recent call last):
  File "C:\Users\Hellx\Documents\Programming\python\Project\dgpo\scripts\train_rl.py", line 1072, in run
    self.replay_buffer.add(
  File "C:\Users\Hellx\Documents\Programming\python\Project\dgpo_project\venv\lib\site-packages\stable_baselines3\common\buffers.py", line 634, in add
    action = action.reshape((self.n_envs, self.action_dim))
ValueError: cannot reshape array of size 8 into shape (2,8)
[2025-10-25 12:14:30,429][__main__][ERROR] - Error processing step for env 1: cannot reshape array of size 8 into shape (2,8)
Traceback (most recent call last):
  File "C:\Users\Hellx\Documents\Programming\python\Project\dgpo\scripts\train_rl.py", line 1072, in run
    self.replay_buffer.add(
  File "C:\Users\Hellx\Documents\Programming\python\Project\dgpo_project\venv\lib\site-packages\stable_baselines3\common\buffers.py", line 634, in add
    action = action.reshape((self.n_envs, self.action_dim))
ValueError: cannot reshape array of size 8 into shape (2,8)
[2025-10-25 12:14:31,003][__main__][ERROR] - Error processing step for env 0: cannot reshape array of size 8 into shape (2,8)
Traceback (most recent call last):
  File "C:\Users\Hellx\Documents\Programming\python\Project\dgpo\scripts\train_rl.py", line 1072, in run
    self.replay_buffer.add(
  File "C:\Users\Hellx\Documents\Programming\python\Project\dgpo_project\venv\lib\site-packages\stable_baselines3\common\buffers.py", line 634, in add
    action = action.reshape((self.n_envs, self.action_dim))
ValueError: cannot reshape array of size 8 into shape (2,8)
[2025-10-25 12:14:31,005][__main__][ERROR] - Error processing step for env 1: cannot reshape array of size 8 into shape (2,8)
Traceback (most recent call last):
  File "C:\Users\Hellx\Documents\Programming\python\Project\dgpo\scripts\train_rl.py", line 1072, in run
    self.replay_buffer.add(
  File "C:\Users\Hellx\Documents\Programming\python\Project\dgpo_project\venv\lib\site-packages\stable_baselines3\common\buffers.py", line 634, in add
    action = action.reshape((self.n_envs, self.action_dim))
ValueError: cannot reshape array of size 8 into shape (2,8)
[2025-10-25 12:14:31,571][__main__][ERROR] - Error processing step for env 0: cannot reshape array of size 8 into shape (2,8)
Traceback (most recent call last):
  File "C:\Users\Hellx\Documents\Programming\python\Project\dgpo\scripts\train_rl.py", line 1072, in run
    self.replay_buffer.add(
  File "C:\Users\Hellx\Documents\Programming\python\Project\dgpo_project\venv\lib\site-packages\stable_baselines3\common\buffers.py", line 634, in add
    action = action.reshape((self.n_envs, self.action_dim))
ValueError: cannot reshape array of size 8 into shape (2,8)
[2025-10-25 12:14:31,573][__main__][ERROR] - Error processing step for env 1: cannot reshape array of size 8 into shape (2,8)
Traceback (most recent call last):
  File "C:\Users\Hellx\Documents\Programming\python\Project\dgpo\scripts\train_rl.py", line 1072, in run
    self.replay_buffer.add(
  File "C:\Users\Hellx\Documents\Programming\python\Project\dgpo_project\venv\lib\site-packages\stable_baselines3\common\buffers.py", line 634, in add
    action = action.reshape((self.n_envs, self.action_dim))
ValueError: cannot reshape array of size 8 into shape (2,8)
[2025-10-25 12:14:32,151][__main__][ERROR] - Error processing step for env 0: cannot reshape array of size 8 into shape (2,8)
Traceback (most recent call last):
  File "C:\Users\Hellx\Documents\Programming\python\Project\dgpo\scripts\train_rl.py", line 1072, in run
    self.replay_buffer.add(
  File "C:\Users\Hellx\Documents\Programming\python\Project\dgpo_project\venv\lib\site-packages\stable_baselines3\common\buffers.py", line 634, in add
    action = action.reshape((self.n_envs, self.action_dim))
ValueError: cannot reshape array of size 8 into shape (2,8)
[2025-10-25 12:14:32,153][__main__][ERROR] - Error processing step for env 1: cannot reshape array of size 8 into shape (2,8)
Traceback (most recent call last):
  File "C:\Users\Hellx\Documents\Programming\python\Project\dgpo\scripts\train_rl.py", line 1072, in run
    self.replay_buffer.add(
  File "C:\Users\Hellx\Documents\Programming\python\Project\dgpo_project\venv\lib\site-packages\stable_baselines3\common\buffers.py", line 634, in add
    action = action.reshape((self.n_envs, self.action_dim))
ValueError: cannot reshape array of size 8 into shape (2,8)
[2025-10-25 12:14:32,726][__main__][ERROR] - Error processing step for env 0: cannot reshape array of size 8 into shape (2,8)
Traceback (most recent call last):
  File "C:\Users\Hellx\Documents\Programming\python\Project\dgpo\scripts\train_rl.py", line 1072, in run
    self.replay_buffer.add(
  File "C:\Users\Hellx\Documents\Programming\python\Project\dgpo_project\venv\lib\site-packages\stable_baselines3\common\buffers.py", line 634, in add
    action = action.reshape((self.n_envs, self.action_dim))
ValueError: cannot reshape array of size 8 into shape (2,8)
[2025-10-25 12:14:32,728][__main__][ERROR] - Error processing step for env 1: cannot reshape array of size 8 into shape (2,8)
Traceback (most recent call last):
  File "C:\Users\Hellx\Documents\Programming\python\Project\dgpo\scripts\train_rl.py", line 1072, in run
    self.replay_buffer.add(
  File "C:\Users\Hellx\Documents\Programming\python\Project\dgpo_project\venv\lib\site-packages\stable_baselines3\common\buffers.py", line 634, in add
    action = action.reshape((self.n_envs, self.action_dim))
ValueError: cannot reshape array of size 8 into shape (2,8)
[2025-10-25 12:14:33,303][__main__][ERROR] - Error processing step for env 0: cannot reshape array of size 8 into shape (2,8)
Traceback (most recent call last):
  File "C:\Users\Hellx\Documents\Programming\python\Project\dgpo\scripts\train_rl.py", line 1072, in run
    self.replay_buffer.add(
  File "C:\Users\Hellx\Documents\Programming\python\Project\dgpo_project\venv\lib\site-packages\stable_baselines3\common\buffers.py", line 634, in add
    action = action.reshape((self.n_envs, self.action_dim))
ValueError: cannot reshape array of size 8 into shape (2,8)
[2025-10-25 12:14:33,305][__main__][ERROR] - Error processing step for env 1: cannot reshape array of size 8 into shape (2,8)
Traceback (most recent call last):
  File "C:\Users\Hellx\Documents\Programming\python\Project\dgpo\scripts\train_rl.py", line 1072, in run
    self.replay_buffer.add(
  File "C:\Users\Hellx\Documents\Programming\python\Project\dgpo_project\venv\lib\site-packages\stable_baselines3\common\buffers.py", line 634, in add
    action = action.reshape((self.n_envs, self.action_dim))
ValueError: cannot reshape array of size 8 into shape (2,8)
[2025-10-25 12:14:33,881][__main__][ERROR] - Error processing step for env 0: cannot reshape array of size 8 into shape (2,8)
Traceback (most recent call last):
  File "C:\Users\Hellx\Documents\Programming\python\Project\dgpo\scripts\train_rl.py", line 1072, in run
    self.replay_buffer.add(
  File "C:\Users\Hellx\Documents\Programming\python\Project\dgpo_project\venv\lib\site-packages\stable_baselines3\common\buffers.py", line 634, in add
    action = action.reshape((self.n_envs, self.action_dim))
ValueError: cannot reshape array of size 8 into shape (2,8)
[2025-10-25 12:14:33,883][__main__][ERROR] - Error processing step for env 1: cannot reshape array of size 8 into shape (2,8)
Traceback (most recent call last):
  File "C:\Users\Hellx\Documents\Programming\python\Project\dgpo\scripts\train_rl.py", line 1072, in run
    self.replay_buffer.add(
  File "C:\Users\Hellx\Documents\Programming\python\Project\dgpo_project\venv\lib\site-packages\stable_baselines3\common\buffers.py", line 634, in add
    action = action.reshape((self.n_envs, self.action_dim))
ValueError: cannot reshape array of size 8 into shape (2,8)
[2025-10-25 12:14:34,454][__main__][ERROR] - Error processing step for env 0: cannot reshape array of size 8 into shape (2,8)
Traceback (most recent call last):
  File "C:\Users\Hellx\Documents\Programming\python\Project\dgpo\scripts\train_rl.py", line 1072, in run
    self.replay_buffer.add(
  File "C:\Users\Hellx\Documents\Programming\python\Project\dgpo_project\venv\lib\site-packages\stable_baselines3\common\buffers.py", line 634, in add
    action = action.reshape((self.n_envs, self.action_dim))
ValueError: cannot reshape array of size 8 into shape (2,8)
[2025-10-25 12:14:34,456][__main__][ERROR] - Error processing step for env 1: cannot reshape array of size 8 into shape (2,8)
Traceback (most recent call last):
  File "C:\Users\Hellx\Documents\Programming\python\Project\dgpo\scripts\train_rl.py", line 1072, in run
    self.replay_buffer.add(
  File "C:\Users\Hellx\Documents\Programming\python\Project\dgpo_project\venv\lib\site-packages\stable_baselines3\common\buffers.py", line 634, in add
    action = action.reshape((self.n_envs, self.action_dim))
ValueError: cannot reshape array of size 8 into shape (2,8)
[2025-10-25 12:14:35,027][__main__][ERROR] - Error processing step for env 0: cannot reshape array of size 8 into shape (2,8)
Traceback (most recent call last):
  File "C:\Users\Hellx\Documents\Programming\python\Project\dgpo\scripts\train_rl.py", line 1072, in run
    self.replay_buffer.add(
  File "C:\Users\Hellx\Documents\Programming\python\Project\dgpo_project\venv\lib\site-packages\stable_baselines3\common\buffers.py", line 634, in add
    action = action.reshape((self.n_envs, self.action_dim))
ValueError: cannot reshape array of size 8 into shape (2,8)
[2025-10-25 12:14:35,029][__main__][ERROR] - Error processing step for env 1: cannot reshape array of size 8 into shape (2,8)
Traceback (most recent call last):
  File "C:\Users\Hellx\Documents\Programming\python\Project\dgpo\scripts\train_rl.py", line 1072, in run
    self.replay_buffer.add(
  File "C:\Users\Hellx\Documents\Programming\python\Project\dgpo_project\venv\lib\site-packages\stable_baselines3\common\buffers.py", line 634, in add
    action = action.reshape((self.n_envs, self.action_dim))
ValueError: cannot reshape array of size 8 into shape (2,8)
[2025-10-25 12:14:35,601][__main__][ERROR] - Error processing step for env 0: cannot reshape array of size 8 into shape (2,8)
Traceback (most recent call last):
  File "C:\Users\Hellx\Documents\Programming\python\Project\dgpo\scripts\train_rl.py", line 1072, in run
    self.replay_buffer.add(
  File "C:\Users\Hellx\Documents\Programming\python\Project\dgpo_project\venv\lib\site-packages\stable_baselines3\common\buffers.py", line 634, in add
    action = action.reshape((self.n_envs, self.action_dim))
ValueError: cannot reshape array of size 8 into shape (2,8)
[2025-10-25 12:14:35,603][__main__][ERROR] - Error processing step for env 1: cannot reshape array of size 8 into shape (2,8)
Traceback (most recent call last):
  File "C:\Users\Hellx\Documents\Programming\python\Project\dgpo\scripts\train_rl.py", line 1072, in run
    self.replay_buffer.add(
  File "C:\Users\Hellx\Documents\Programming\python\Project\dgpo_project\venv\lib\site-packages\stable_baselines3\common\buffers.py", line 634, in add
    action = action.reshape((self.n_envs, self.action_dim))
ValueError: cannot reshape array of size 8 into shape (2,8)
[2025-10-25 12:14:36,176][__main__][ERROR] - Error processing step for env 0: cannot reshape array of size 8 into shape (2,8)
Traceback (most recent call last):
  File "C:\Users\Hellx\Documents\Programming\python\Project\dgpo\scripts\train_rl.py", line 1072, in run
    self.replay_buffer.add(
  File "C:\Users\Hellx\Documents\Programming\python\Project\dgpo_project\venv\lib\site-packages\stable_baselines3\common\buffers.py", line 634, in add
    action = action.reshape((self.n_envs, self.action_dim))
ValueError: cannot reshape array of size 8 into shape (2,8)
[2025-10-25 12:14:36,178][__main__][ERROR] - Error processing step for env 1: cannot reshape array of size 8 into shape (2,8)
Traceback (most recent call last):
  File "C:\Users\Hellx\Documents\Programming\python\Project\dgpo\scripts\train_rl.py", line 1072, in run
    self.replay_buffer.add(
  File "C:\Users\Hellx\Documents\Programming\python\Project\dgpo_project\venv\lib\site-packages\stable_baselines3\common\buffers.py", line 634, in add
    action = action.reshape((self.n_envs, self.action_dim))
ValueError: cannot reshape array of size 8 into shape (2,8)
[2025-10-25 12:14:36,752][__main__][ERROR] - Error processing step for env 0: cannot reshape array of size 8 into shape (2,8)
Traceback (most recent call last):
  File "C:\Users\Hellx\Documents\Programming\python\Project\dgpo\scripts\train_rl.py", line 1072, in run
    self.replay_buffer.add(
  File "C:\Users\Hellx\Documents\Programming\python\Project\dgpo_project\venv\lib\site-packages\stable_baselines3\common\buffers.py", line 634, in add
    action = action.reshape((self.n_envs, self.action_dim))
ValueError: cannot reshape array of size 8 into shape (2,8)
[2025-10-25 12:14:36,754][__main__][ERROR] - Error processing step for env 1: cannot reshape array of size 8 into shape (2,8)
Traceback (most recent call last):
  File "C:\Users\Hellx\Documents\Programming\python\Project\dgpo\scripts\train_rl.py", line 1072, in run
    self.replay_buffer.add(
  File "C:\Users\Hellx\Documents\Programming\python\Project\dgpo_project\venv\lib\site-packages\stable_baselines3\common\buffers.py", line 634, in add
    action = action.reshape((self.n_envs, self.action_dim))
ValueError: cannot reshape array of size 8 into shape (2,8)
[2025-10-25 12:14:37,326][__main__][ERROR] - Error processing step for env 0: cannot reshape array of size 8 into shape (2,8)
Traceback (most recent call last):
  File "C:\Users\Hellx\Documents\Programming\python\Project\dgpo\scripts\train_rl.py", line 1072, in run
    self.replay_buffer.add(
  File "C:\Users\Hellx\Documents\Programming\python\Project\dgpo_project\venv\lib\site-packages\stable_baselines3\common\buffers.py", line 634, in add
    action = action.reshape((self.n_envs, self.action_dim))
ValueError: cannot reshape array of size 8 into shape (2,8)
[2025-10-25 12:14:37,328][__main__][ERROR] - Error processing step for env 1: cannot reshape array of size 8 into shape (2,8)
Traceback (most recent call last):
  File "C:\Users\Hellx\Documents\Programming\python\Project\dgpo\scripts\train_rl.py", line 1072, in run
    self.replay_buffer.add(
  File "C:\Users\Hellx\Documents\Programming\python\Project\dgpo_project\venv\lib\site-packages\stable_baselines3\common\buffers.py", line 634, in add
    action = action.reshape((self.n_envs, self.action_dim))
ValueError: cannot reshape array of size 8 into shape (2,8)
[2025-10-25 12:14:37,896][__main__][ERROR] - Error processing step for env 0: cannot reshape array of size 8 into shape (2,8)
Traceback (most recent call last):
  File "C:\Users\Hellx\Documents\Programming\python\Project\dgpo\scripts\train_rl.py", line 1072, in run
    self.replay_buffer.add(
  File "C:\Users\Hellx\Documents\Programming\python\Project\dgpo_project\venv\lib\site-packages\stable_baselines3\common\buffers.py", line 634, in add
    action = action.reshape((self.n_envs, self.action_dim))
ValueError: cannot reshape array of size 8 into shape (2,8)
[2025-10-25 12:14:37,898][__main__][ERROR] - Error processing step for env 1: cannot reshape array of size 8 into shape (2,8)
Traceback (most recent call last):
  File "C:\Users\Hellx\Documents\Programming\python\Project\dgpo\scripts\train_rl.py", line 1072, in run
    self.replay_buffer.add(
  File "C:\Users\Hellx\Documents\Programming\python\Project\dgpo_project\venv\lib\site-packages\stable_baselines3\common\buffers.py", line 634, in add
    action = action.reshape((self.n_envs, self.action_dim))
ValueError: cannot reshape array of size 8 into shape (2,8)
[2025-10-25 12:14:38,473][__main__][ERROR] - Error processing step for env 0: cannot reshape array of size 8 into shape (2,8)
Traceback (most recent call last):
  File "C:\Users\Hellx\Documents\Programming\python\Project\dgpo\scripts\train_rl.py", line 1072, in run
    self.replay_buffer.add(
  File "C:\Users\Hellx\Documents\Programming\python\Project\dgpo_project\venv\lib\site-packages\stable_baselines3\common\buffers.py", line 634, in add
    action = action.reshape((self.n_envs, self.action_dim))
ValueError: cannot reshape array of size 8 into shape (2,8)
[2025-10-25 12:14:38,475][__main__][ERROR] - Error processing step for env 1: cannot reshape array of size 8 into shape (2,8)
Traceback (most recent call last):
  File "C:\Users\Hellx\Documents\Programming\python\Project\dgpo\scripts\train_rl.py", line 1072, in run
    self.replay_buffer.add(
  File "C:\Users\Hellx\Documents\Programming\python\Project\dgpo_project\venv\lib\site-packages\stable_baselines3\common\buffers.py", line 634, in add
    action = action.reshape((self.n_envs, self.action_dim))
ValueError: cannot reshape array of size 8 into shape (2,8)
[2025-10-25 12:14:39,042][__main__][ERROR] - Error processing step for env 0: cannot reshape array of size 8 into shape (2,8)
Traceback (most recent call last):
  File "C:\Users\Hellx\Documents\Programming\python\Project\dgpo\scripts\train_rl.py", line 1072, in run
    self.replay_buffer.add(
  File "C:\Users\Hellx\Documents\Programming\python\Project\dgpo_project\venv\lib\site-packages\stable_baselines3\common\buffers.py", line 634, in add
    action = action.reshape((self.n_envs, self.action_dim))
ValueError: cannot reshape array of size 8 into shape (2,8)
[2025-10-25 12:14:39,043][__main__][ERROR] - Error processing step for env 1: cannot reshape array of size 8 into shape (2,8)
Traceback (most recent call last):
  File "C:\Users\Hellx\Documents\Programming\python\Project\dgpo\scripts\train_rl.py", line 1072, in run
    self.replay_buffer.add(
  File "C:\Users\Hellx\Documents\Programming\python\Project\dgpo_project\venv\lib\site-packages\stable_baselines3\common\buffers.py", line 634, in add
    action = action.reshape((self.n_envs, self.action_dim))
ValueError: cannot reshape array of size 8 into shape (2,8)
[2025-10-25 12:14:39,617][__main__][ERROR] - Error processing step for env 0: cannot reshape array of size 8 into shape (2,8)
Traceback (most recent call last):
  File "C:\Users\Hellx\Documents\Programming\python\Project\dgpo\scripts\train_rl.py", line 1072, in run
    self.replay_buffer.add(
  File "C:\Users\Hellx\Documents\Programming\python\Project\dgpo_project\venv\lib\site-packages\stable_baselines3\common\buffers.py", line 634, in add
    action = action.reshape((self.n_envs, self.action_dim))
ValueError: cannot reshape array of size 8 into shape (2,8)
[2025-10-25 12:14:39,619][__main__][ERROR] - Error processing step for env 1: cannot reshape array of size 8 into shape (2,8)
Traceback (most recent call last):
  File "C:\Users\Hellx\Documents\Programming\python\Project\dgpo\scripts\train_rl.py", line 1072, in run
    self.replay_buffer.add(
  File "C:\Users\Hellx\Documents\Programming\python\Project\dgpo_project\venv\lib\site-packages\stable_baselines3\common\buffers.py", line 634, in add
    action = action.reshape((self.n_envs, self.action_dim))
ValueError: cannot reshape array of size 8 into shape (2,8)
[2025-10-25 12:14:40,185][__main__][ERROR] - Error processing step for env 0: cannot reshape array of size 8 into shape (2,8)
Traceback (most recent call last):
  File "C:\Users\Hellx\Documents\Programming\python\Project\dgpo\scripts\train_rl.py", line 1072, in run
    self.replay_buffer.add(
  File "C:\Users\Hellx\Documents\Programming\python\Project\dgpo_project\venv\lib\site-packages\stable_baselines3\common\buffers.py", line 634, in add
    action = action.reshape((self.n_envs, self.action_dim))
ValueError: cannot reshape array of size 8 into shape (2,8)
[2025-10-25 12:14:40,187][__main__][ERROR] - Error processing step for env 1: cannot reshape array of size 8 into shape (2,8)
Traceback (most recent call last):
  File "C:\Users\Hellx\Documents\Programming\python\Project\dgpo\scripts\train_rl.py", line 1072, in run
    self.replay_buffer.add(
  File "C:\Users\Hellx\Documents\Programming\python\Project\dgpo_project\venv\lib\site-packages\stable_baselines3\common\buffers.py", line 634, in add
    action = action.reshape((self.n_envs, self.action_dim))
ValueError: cannot reshape array of size 8 into shape (2,8)
[2025-10-25 12:14:40,758][__main__][ERROR] - Error processing step for env 0: cannot reshape array of size 8 into shape (2,8)
Traceback (most recent call last):
  File "C:\Users\Hellx\Documents\Programming\python\Project\dgpo\scripts\train_rl.py", line 1072, in run
    self.replay_buffer.add(
  File "C:\Users\Hellx\Documents\Programming\python\Project\dgpo_project\venv\lib\site-packages\stable_baselines3\common\buffers.py", line 634, in add
    action = action.reshape((self.n_envs, self.action_dim))
ValueError: cannot reshape array of size 8 into shape (2,8)
[2025-10-25 12:14:40,760][__main__][ERROR] - Error processing step for env 1: cannot reshape array of size 8 into shape (2,8)
Traceback (most recent call last):
  File "C:\Users\Hellx\Documents\Programming\python\Project\dgpo\scripts\train_rl.py", line 1072, in run
    self.replay_buffer.add(
  File "C:\Users\Hellx\Documents\Programming\python\Project\dgpo_project\venv\lib\site-packages\stable_baselines3\common\buffers.py", line 634, in add
    action = action.reshape((self.n_envs, self.action_dim))
ValueError: cannot reshape array of size 8 into shape (2,8)
[2025-10-25 12:14:41,334][__main__][ERROR] - Error processing step for env 0: cannot reshape array of size 8 into shape (2,8)
Traceback (most recent call last):
  File "C:\Users\Hellx\Documents\Programming\python\Project\dgpo\scripts\train_rl.py", line 1072, in run
    self.replay_buffer.add(
  File "C:\Users\Hellx\Documents\Programming\python\Project\dgpo_project\venv\lib\site-packages\stable_baselines3\common\buffers.py", line 634, in add
    action = action.reshape((self.n_envs, self.action_dim))
ValueError: cannot reshape array of size 8 into shape (2,8)
[2025-10-25 12:14:41,336][__main__][ERROR] - Error processing step for env 1: cannot reshape array of size 8 into shape (2,8)
Traceback (most recent call last):
  File "C:\Users\Hellx\Documents\Programming\python\Project\dgpo\scripts\train_rl.py", line 1072, in run
    self.replay_buffer.add(
  File "C:\Users\Hellx\Documents\Programming\python\Project\dgpo_project\venv\lib\site-packages\stable_baselines3\common\buffers.py", line 634, in add
    action = action.reshape((self.n_envs, self.action_dim))
ValueError: cannot reshape array of size 8 into shape (2,8)
[2025-10-25 12:14:41,907][__main__][ERROR] - Error processing step for env 0: cannot reshape array of size 8 into shape (2,8)
Traceback (most recent call last):
  File "C:\Users\Hellx\Documents\Programming\python\Project\dgpo\scripts\train_rl.py", line 1072, in run
    self.replay_buffer.add(
  File "C:\Users\Hellx\Documents\Programming\python\Project\dgpo_project\venv\lib\site-packages\stable_baselines3\common\buffers.py", line 634, in add
    action = action.reshape((self.n_envs, self.action_dim))
ValueError: cannot reshape array of size 8 into shape (2,8)
[2025-10-25 12:14:41,910][__main__][ERROR] - Error processing step for env 1: cannot reshape array of size 8 into shape (2,8)
Traceback (most recent call last):
  File "C:\Users\Hellx\Documents\Programming\python\Project\dgpo\scripts\train_rl.py", line 1072, in run
    self.replay_buffer.add(
  File "C:\Users\Hellx\Documents\Programming\python\Project\dgpo_project\venv\lib\site-packages\stable_baselines3\common\buffers.py", line 634, in add
    action = action.reshape((self.n_envs, self.action_dim))
ValueError: cannot reshape array of size 8 into shape (2,8)
[2025-10-25 12:14:42,487][__main__][ERROR] - Error processing step for env 0: cannot reshape array of size 8 into shape (2,8)
Traceback (most recent call last):
  File "C:\Users\Hellx\Documents\Programming\python\Project\dgpo\scripts\train_rl.py", line 1072, in run
    self.replay_buffer.add(
  File "C:\Users\Hellx\Documents\Programming\python\Project\dgpo_project\venv\lib\site-packages\stable_baselines3\common\buffers.py", line 634, in add
    action = action.reshape((self.n_envs, self.action_dim))
ValueError: cannot reshape array of size 8 into shape (2,8)
[2025-10-25 12:14:42,489][__main__][ERROR] - Error processing step for env 1: cannot reshape array of size 8 into shape (2,8)
Traceback (most recent call last):
  File "C:\Users\Hellx\Documents\Programming\python\Project\dgpo\scripts\train_rl.py", line 1072, in run
    self.replay_buffer.add(
  File "C:\Users\Hellx\Documents\Programming\python\Project\dgpo_project\venv\lib\site-packages\stable_baselines3\common\buffers.py", line 634, in add
    action = action.reshape((self.n_envs, self.action_dim))
ValueError: cannot reshape array of size 8 into shape (2,8)
[2025-10-25 12:14:43,060][__main__][ERROR] - Error processing step for env 0: cannot reshape array of size 8 into shape (2,8)
Traceback (most recent call last):
  File "C:\Users\Hellx\Documents\Programming\python\Project\dgpo\scripts\train_rl.py", line 1072, in run
    self.replay_buffer.add(
  File "C:\Users\Hellx\Documents\Programming\python\Project\dgpo_project\venv\lib\site-packages\stable_baselines3\common\buffers.py", line 634, in add
    action = action.reshape((self.n_envs, self.action_dim))
ValueError: cannot reshape array of size 8 into shape (2,8)
[2025-10-25 12:14:43,062][__main__][ERROR] - Error processing step for env 1: cannot reshape array of size 8 into shape (2,8)
Traceback (most recent call last):
  File "C:\Users\Hellx\Documents\Programming\python\Project\dgpo\scripts\train_rl.py", line 1072, in run
    self.replay_buffer.add(
  File "C:\Users\Hellx\Documents\Programming\python\Project\dgpo_project\venv\lib\site-packages\stable_baselines3\common\buffers.py", line 634, in add
    action = action.reshape((self.n_envs, self.action_dim))
ValueError: cannot reshape array of size 8 into shape (2,8)
[2025-10-25 12:14:43,637][__main__][ERROR] - Error processing step for env 0: cannot reshape array of size 8 into shape (2,8)
Traceback (most recent call last):
  File "C:\Users\Hellx\Documents\Programming\python\Project\dgpo\scripts\train_rl.py", line 1072, in run
    self.replay_buffer.add(
  File "C:\Users\Hellx\Documents\Programming\python\Project\dgpo_project\venv\lib\site-packages\stable_baselines3\common\buffers.py", line 634, in add
    action = action.reshape((self.n_envs, self.action_dim))
ValueError: cannot reshape array of size 8 into shape (2,8)
[2025-10-25 12:14:43,639][__main__][ERROR] - Error processing step for env 1: cannot reshape array of size 8 into shape (2,8)
Traceback (most recent call last):
  File "C:\Users\Hellx\Documents\Programming\python\Project\dgpo\scripts\train_rl.py", line 1072, in run
    self.replay_buffer.add(
  File "C:\Users\Hellx\Documents\Programming\python\Project\dgpo_project\venv\lib\site-packages\stable_baselines3\common\buffers.py", line 634, in add
    action = action.reshape((self.n_envs, self.action_dim))
ValueError: cannot reshape array of size 8 into shape (2,8)
[2025-10-25 12:14:44,215][__main__][ERROR] - Error processing step for env 0: cannot reshape array of size 8 into shape (2,8)
Traceback (most recent call last):
  File "C:\Users\Hellx\Documents\Programming\python\Project\dgpo\scripts\train_rl.py", line 1072, in run
    self.replay_buffer.add(
  File "C:\Users\Hellx\Documents\Programming\python\Project\dgpo_project\venv\lib\site-packages\stable_baselines3\common\buffers.py", line 634, in add
    action = action.reshape((self.n_envs, self.action_dim))
ValueError: cannot reshape array of size 8 into shape (2,8)
[2025-10-25 12:14:44,217][__main__][ERROR] - Error processing step for env 1: cannot reshape array of size 8 into shape (2,8)
Traceback (most recent call last):
  File "C:\Users\Hellx\Documents\Programming\python\Project\dgpo\scripts\train_rl.py", line 1072, in run
    self.replay_buffer.add(
  File "C:\Users\Hellx\Documents\Programming\python\Project\dgpo_project\venv\lib\site-packages\stable_baselines3\common\buffers.py", line 634, in add
    action = action.reshape((self.n_envs, self.action_dim))
ValueError: cannot reshape array of size 8 into shape (2,8)
[2025-10-25 12:14:44,785][__main__][ERROR] - Error processing step for env 0: cannot reshape array of size 8 into shape (2,8)
Traceback (most recent call last):
  File "C:\Users\Hellx\Documents\Programming\python\Project\dgpo\scripts\train_rl.py", line 1072, in run
    self.replay_buffer.add(
  File "C:\Users\Hellx\Documents\Programming\python\Project\dgpo_project\venv\lib\site-packages\stable_baselines3\common\buffers.py", line 634, in add
    action = action.reshape((self.n_envs, self.action_dim))
ValueError: cannot reshape array of size 8 into shape (2,8)
[2025-10-25 12:14:44,787][__main__][ERROR] - Error processing step for env 1: cannot reshape array of size 8 into shape (2,8)
Traceback (most recent call last):
  File "C:\Users\Hellx\Documents\Programming\python\Project\dgpo\scripts\train_rl.py", line 1072, in run
    self.replay_buffer.add(
  File "C:\Users\Hellx\Documents\Programming\python\Project\dgpo_project\venv\lib\site-packages\stable_baselines3\common\buffers.py", line 634, in add
    action = action.reshape((self.n_envs, self.action_dim))
ValueError: cannot reshape array of size 8 into shape (2,8)
[2025-10-25 12:14:45,357][__main__][ERROR] - Error processing step for env 0: cannot reshape array of size 8 into shape (2,8)
Traceback (most recent call last):
  File "C:\Users\Hellx\Documents\Programming\python\Project\dgpo\scripts\train_rl.py", line 1072, in run
    self.replay_buffer.add(
  File "C:\Users\Hellx\Documents\Programming\python\Project\dgpo_project\venv\lib\site-packages\stable_baselines3\common\buffers.py", line 634, in add
    action = action.reshape((self.n_envs, self.action_dim))
ValueError: cannot reshape array of size 8 into shape (2,8)
[2025-10-25 12:14:45,358][__main__][ERROR] - Error processing step for env 1: cannot reshape array of size 8 into shape (2,8)
Traceback (most recent call last):
  File "C:\Users\Hellx\Documents\Programming\python\Project\dgpo\scripts\train_rl.py", line 1072, in run
    self.replay_buffer.add(
  File "C:\Users\Hellx\Documents\Programming\python\Project\dgpo_project\venv\lib\site-packages\stable_baselines3\common\buffers.py", line 634, in add
    action = action.reshape((self.n_envs, self.action_dim))
ValueError: cannot reshape array of size 8 into shape (2,8)
[2025-10-25 12:14:45,934][__main__][ERROR] - Error processing step for env 0: cannot reshape array of size 8 into shape (2,8)
Traceback (most recent call last):
  File "C:\Users\Hellx\Documents\Programming\python\Project\dgpo\scripts\train_rl.py", line 1072, in run
    self.replay_buffer.add(
  File "C:\Users\Hellx\Documents\Programming\python\Project\dgpo_project\venv\lib\site-packages\stable_baselines3\common\buffers.py", line 634, in add
    action = action.reshape((self.n_envs, self.action_dim))
ValueError: cannot reshape array of size 8 into shape (2,8)
[2025-10-25 12:14:45,937][__main__][ERROR] - Error processing step for env 1: cannot reshape array of size 8 into shape (2,8)
Traceback (most recent call last):
  File "C:\Users\Hellx\Documents\Programming\python\Project\dgpo\scripts\train_rl.py", line 1072, in run
    self.replay_buffer.add(
  File "C:\Users\Hellx\Documents\Programming\python\Project\dgpo_project\venv\lib\site-packages\stable_baselines3\common\buffers.py", line 634, in add
    action = action.reshape((self.n_envs, self.action_dim))
ValueError: cannot reshape array of size 8 into shape (2,8)
[2025-10-25 12:14:46,502][__main__][ERROR] - Error processing step for env 0: cannot reshape array of size 8 into shape (2,8)
Traceback (most recent call last):
  File "C:\Users\Hellx\Documents\Programming\python\Project\dgpo\scripts\train_rl.py", line 1072, in run
    self.replay_buffer.add(
  File "C:\Users\Hellx\Documents\Programming\python\Project\dgpo_project\venv\lib\site-packages\stable_baselines3\common\buffers.py", line 634, in add
    action = action.reshape((self.n_envs, self.action_dim))
ValueError: cannot reshape array of size 8 into shape (2,8)
[2025-10-25 12:14:46,504][__main__][ERROR] - Error processing step for env 1: cannot reshape array of size 8 into shape (2,8)
Traceback (most recent call last):
  File "C:\Users\Hellx\Documents\Programming\python\Project\dgpo\scripts\train_rl.py", line 1072, in run
    self.replay_buffer.add(
  File "C:\Users\Hellx\Documents\Programming\python\Project\dgpo_project\venv\lib\site-packages\stable_baselines3\common\buffers.py", line 634, in add
    action = action.reshape((self.n_envs, self.action_dim))
ValueError: cannot reshape array of size 8 into shape (2,8)
[2025-10-25 12:14:47,079][__main__][ERROR] - Error processing step for env 0: cannot reshape array of size 8 into shape (2,8)
Traceback (most recent call last):
  File "C:\Users\Hellx\Documents\Programming\python\Project\dgpo\scripts\train_rl.py", line 1072, in run
    self.replay_buffer.add(
  File "C:\Users\Hellx\Documents\Programming\python\Project\dgpo_project\venv\lib\site-packages\stable_baselines3\common\buffers.py", line 634, in add
    action = action.reshape((self.n_envs, self.action_dim))
ValueError: cannot reshape array of size 8 into shape (2,8)
[2025-10-25 12:14:47,081][__main__][ERROR] - Error processing step for env 1: cannot reshape array of size 8 into shape (2,8)
Traceback (most recent call last):
  File "C:\Users\Hellx\Documents\Programming\python\Project\dgpo\scripts\train_rl.py", line 1072, in run
    self.replay_buffer.add(
  File "C:\Users\Hellx\Documents\Programming\python\Project\dgpo_project\venv\lib\site-packages\stable_baselines3\common\buffers.py", line 634, in add
    action = action.reshape((self.n_envs, self.action_dim))
ValueError: cannot reshape array of size 8 into shape (2,8)
[2025-10-25 12:14:47,646][__main__][ERROR] - Error processing step for env 0: cannot reshape array of size 8 into shape (2,8)
Traceback (most recent call last):
  File "C:\Users\Hellx\Documents\Programming\python\Project\dgpo\scripts\train_rl.py", line 1072, in run
    self.replay_buffer.add(
  File "C:\Users\Hellx\Documents\Programming\python\Project\dgpo_project\venv\lib\site-packages\stable_baselines3\common\buffers.py", line 634, in add
    action = action.reshape((self.n_envs, self.action_dim))
ValueError: cannot reshape array of size 8 into shape (2,8)
[2025-10-25 12:14:47,648][__main__][ERROR] - Error processing step for env 1: cannot reshape array of size 8 into shape (2,8)
Traceback (most recent call last):
  File "C:\Users\Hellx\Documents\Programming\python\Project\dgpo\scripts\train_rl.py", line 1072, in run
    self.replay_buffer.add(
  File "C:\Users\Hellx\Documents\Programming\python\Project\dgpo_project\venv\lib\site-packages\stable_baselines3\common\buffers.py", line 634, in add
    action = action.reshape((self.n_envs, self.action_dim))
ValueError: cannot reshape array of size 8 into shape (2,8)
[2025-10-25 12:14:48,220][__main__][ERROR] - Error processing step for env 0: cannot reshape array of size 8 into shape (2,8)
Traceback (most recent call last):
  File "C:\Users\Hellx\Documents\Programming\python\Project\dgpo\scripts\train_rl.py", line 1072, in run
    self.replay_buffer.add(
  File "C:\Users\Hellx\Documents\Programming\python\Project\dgpo_project\venv\lib\site-packages\stable_baselines3\common\buffers.py", line 634, in add
    action = action.reshape((self.n_envs, self.action_dim))
ValueError: cannot reshape array of size 8 into shape (2,8)
[2025-10-25 12:14:48,221][__main__][ERROR] - Error processing step for env 1: cannot reshape array of size 8 into shape (2,8)
Traceback (most recent call last):
  File "C:\Users\Hellx\Documents\Programming\python\Project\dgpo\scripts\train_rl.py", line 1072, in run
    self.replay_buffer.add(
  File "C:\Users\Hellx\Documents\Programming\python\Project\dgpo_project\venv\lib\site-packages\stable_baselines3\common\buffers.py", line 634, in add
    action = action.reshape((self.n_envs, self.action_dim))
ValueError: cannot reshape array of size 8 into shape (2,8)
[2025-10-25 12:14:48,805][__main__][ERROR] - Error processing step for env 0: cannot reshape array of size 8 into shape (2,8)
Traceback (most recent call last):
  File "C:\Users\Hellx\Documents\Programming\python\Project\dgpo\scripts\train_rl.py", line 1072, in run
    self.replay_buffer.add(
  File "C:\Users\Hellx\Documents\Programming\python\Project\dgpo_project\venv\lib\site-packages\stable_baselines3\common\buffers.py", line 634, in add
    action = action.reshape((self.n_envs, self.action_dim))
ValueError: cannot reshape array of size 8 into shape (2,8)
[2025-10-25 12:14:48,807][__main__][ERROR] - Error processing step for env 1: cannot reshape array of size 8 into shape (2,8)
Traceback (most recent call last):
  File "C:\Users\Hellx\Documents\Programming\python\Project\dgpo\scripts\train_rl.py", line 1072, in run
    self.replay_buffer.add(
  File "C:\Users\Hellx\Documents\Programming\python\Project\dgpo_project\venv\lib\site-packages\stable_baselines3\common\buffers.py", line 634, in add
    action = action.reshape((self.n_envs, self.action_dim))
ValueError: cannot reshape array of size 8 into shape (2,8)
[2025-10-25 12:14:49,386][__main__][ERROR] - Error processing step for env 0: cannot reshape array of size 8 into shape (2,8)
Traceback (most recent call last):
  File "C:\Users\Hellx\Documents\Programming\python\Project\dgpo\scripts\train_rl.py", line 1072, in run
    self.replay_buffer.add(
  File "C:\Users\Hellx\Documents\Programming\python\Project\dgpo_project\venv\lib\site-packages\stable_baselines3\common\buffers.py", line 634, in add
    action = action.reshape((self.n_envs, self.action_dim))
ValueError: cannot reshape array of size 8 into shape (2,8)
[2025-10-25 12:14:49,388][__main__][ERROR] - Error processing step for env 1: cannot reshape array of size 8 into shape (2,8)
Traceback (most recent call last):
  File "C:\Users\Hellx\Documents\Programming\python\Project\dgpo\scripts\train_rl.py", line 1072, in run
    self.replay_buffer.add(
  File "C:\Users\Hellx\Documents\Programming\python\Project\dgpo_project\venv\lib\site-packages\stable_baselines3\common\buffers.py", line 634, in add
    action = action.reshape((self.n_envs, self.action_dim))
ValueError: cannot reshape array of size 8 into shape (2,8)
[2025-10-25 12:14:49,956][__main__][ERROR] - Error processing step for env 0: cannot reshape array of size 8 into shape (2,8)
Traceback (most recent call last):
  File "C:\Users\Hellx\Documents\Programming\python\Project\dgpo\scripts\train_rl.py", line 1072, in run
    self.replay_buffer.add(
  File "C:\Users\Hellx\Documents\Programming\python\Project\dgpo_project\venv\lib\site-packages\stable_baselines3\common\buffers.py", line 634, in add
    action = action.reshape((self.n_envs, self.action_dim))
ValueError: cannot reshape array of size 8 into shape (2,8)
[2025-10-25 12:14:49,958][__main__][ERROR] - Error processing step for env 1: cannot reshape array of size 8 into shape (2,8)
Traceback (most recent call last):
  File "C:\Users\Hellx\Documents\Programming\python\Project\dgpo\scripts\train_rl.py", line 1072, in run
    self.replay_buffer.add(
  File "C:\Users\Hellx\Documents\Programming\python\Project\dgpo_project\venv\lib\site-packages\stable_baselines3\common\buffers.py", line 634, in add
    action = action.reshape((self.n_envs, self.action_dim))
ValueError: cannot reshape array of size 8 into shape (2,8)
[2025-10-25 12:14:50,529][__main__][ERROR] - Error processing step for env 0: cannot reshape array of size 8 into shape (2,8)
Traceback (most recent call last):
  File "C:\Users\Hellx\Documents\Programming\python\Project\dgpo\scripts\train_rl.py", line 1072, in run
    self.replay_buffer.add(
  File "C:\Users\Hellx\Documents\Programming\python\Project\dgpo_project\venv\lib\site-packages\stable_baselines3\common\buffers.py", line 634, in add
    action = action.reshape((self.n_envs, self.action_dim))
ValueError: cannot reshape array of size 8 into shape (2,8)
[2025-10-25 12:14:50,531][__main__][ERROR] - Error processing step for env 1: cannot reshape array of size 8 into shape (2,8)
Traceback (most recent call last):
  File "C:\Users\Hellx\Documents\Programming\python\Project\dgpo\scripts\train_rl.py", line 1072, in run
    self.replay_buffer.add(
  File "C:\Users\Hellx\Documents\Programming\python\Project\dgpo_project\venv\lib\site-packages\stable_baselines3\common\buffers.py", line 634, in add
    action = action.reshape((self.n_envs, self.action_dim))
ValueError: cannot reshape array of size 8 into shape (2,8)
[2025-10-25 12:14:51,101][__main__][ERROR] - Error processing step for env 0: cannot reshape array of size 8 into shape (2,8)
Traceback (most recent call last):
  File "C:\Users\Hellx\Documents\Programming\python\Project\dgpo\scripts\train_rl.py", line 1072, in run
    self.replay_buffer.add(
  File "C:\Users\Hellx\Documents\Programming\python\Project\dgpo_project\venv\lib\site-packages\stable_baselines3\common\buffers.py", line 634, in add
    action = action.reshape((self.n_envs, self.action_dim))
ValueError: cannot reshape array of size 8 into shape (2,8)
[2025-10-25 12:14:51,103][__main__][ERROR] - Error processing step for env 1: cannot reshape array of size 8 into shape (2,8)
Traceback (most recent call last):
  File "C:\Users\Hellx\Documents\Programming\python\Project\dgpo\scripts\train_rl.py", line 1072, in run
    self.replay_buffer.add(
  File "C:\Users\Hellx\Documents\Programming\python\Project\dgpo_project\venv\lib\site-packages\stable_baselines3\common\buffers.py", line 634, in add
    action = action.reshape((self.n_envs, self.action_dim))
ValueError: cannot reshape array of size 8 into shape (2,8)
[2025-10-25 12:14:51,668][__main__][ERROR] - Error processing step for env 0: cannot reshape array of size 8 into shape (2,8)
Traceback (most recent call last):
  File "C:\Users\Hellx\Documents\Programming\python\Project\dgpo\scripts\train_rl.py", line 1072, in run
    self.replay_buffer.add(
  File "C:\Users\Hellx\Documents\Programming\python\Project\dgpo_project\venv\lib\site-packages\stable_baselines3\common\buffers.py", line 634, in add
    action = action.reshape((self.n_envs, self.action_dim))
ValueError: cannot reshape array of size 8 into shape (2,8)
[2025-10-25 12:14:51,670][__main__][ERROR] - Error processing step for env 1: cannot reshape array of size 8 into shape (2,8)
Traceback (most recent call last):
  File "C:\Users\Hellx\Documents\Programming\python\Project\dgpo\scripts\train_rl.py", line 1072, in run
    self.replay_buffer.add(
  File "C:\Users\Hellx\Documents\Programming\python\Project\dgpo_project\venv\lib\site-packages\stable_baselines3\common\buffers.py", line 634, in add
    action = action.reshape((self.n_envs, self.action_dim))
ValueError: cannot reshape array of size 8 into shape (2,8)
[2025-10-25 12:14:52,240][__main__][ERROR] - Error processing step for env 0: cannot reshape array of size 8 into shape (2,8)
Traceback (most recent call last):
  File "C:\Users\Hellx\Documents\Programming\python\Project\dgpo\scripts\train_rl.py", line 1072, in run
    self.replay_buffer.add(
  File "C:\Users\Hellx\Documents\Programming\python\Project\dgpo_project\venv\lib\site-packages\stable_baselines3\common\buffers.py", line 634, in add
    action = action.reshape((self.n_envs, self.action_dim))
ValueError: cannot reshape array of size 8 into shape (2,8)
[2025-10-25 12:14:52,242][__main__][ERROR] - Error processing step for env 1: cannot reshape array of size 8 into shape (2,8)
Traceback (most recent call last):
  File "C:\Users\Hellx\Documents\Programming\python\Project\dgpo\scripts\train_rl.py", line 1072, in run
    self.replay_buffer.add(
  File "C:\Users\Hellx\Documents\Programming\python\Project\dgpo_project\venv\lib\site-packages\stable_baselines3\common\buffers.py", line 634, in add
    action = action.reshape((self.n_envs, self.action_dim))
ValueError: cannot reshape array of size 8 into shape (2,8)
[2025-10-25 12:14:52,809][__main__][ERROR] - Error processing step for env 0: cannot reshape array of size 8 into shape (2,8)
Traceback (most recent call last):
  File "C:\Users\Hellx\Documents\Programming\python\Project\dgpo\scripts\train_rl.py", line 1072, in run
    self.replay_buffer.add(
  File "C:\Users\Hellx\Documents\Programming\python\Project\dgpo_project\venv\lib\site-packages\stable_baselines3\common\buffers.py", line 634, in add
    action = action.reshape((self.n_envs, self.action_dim))
ValueError: cannot reshape array of size 8 into shape (2,8)
[2025-10-25 12:14:52,811][__main__][ERROR] - Error processing step for env 1: cannot reshape array of size 8 into shape (2,8)
Traceback (most recent call last):
  File "C:\Users\Hellx\Documents\Programming\python\Project\dgpo\scripts\train_rl.py", line 1072, in run
    self.replay_buffer.add(
  File "C:\Users\Hellx\Documents\Programming\python\Project\dgpo_project\venv\lib\site-packages\stable_baselines3\common\buffers.py", line 634, in add
    action = action.reshape((self.n_envs, self.action_dim))
ValueError: cannot reshape array of size 8 into shape (2,8)
[2025-10-25 12:14:53,384][__main__][ERROR] - Error processing step for env 0: cannot reshape array of size 8 into shape (2,8)
Traceback (most recent call last):
  File "C:\Users\Hellx\Documents\Programming\python\Project\dgpo\scripts\train_rl.py", line 1072, in run
    self.replay_buffer.add(
  File "C:\Users\Hellx\Documents\Programming\python\Project\dgpo_project\venv\lib\site-packages\stable_baselines3\common\buffers.py", line 634, in add
    action = action.reshape((self.n_envs, self.action_dim))
ValueError: cannot reshape array of size 8 into shape (2,8)
[2025-10-25 12:14:53,386][__main__][ERROR] - Error processing step for env 1: cannot reshape array of size 8 into shape (2,8)
Traceback (most recent call last):
  File "C:\Users\Hellx\Documents\Programming\python\Project\dgpo\scripts\train_rl.py", line 1072, in run
    self.replay_buffer.add(
  File "C:\Users\Hellx\Documents\Programming\python\Project\dgpo_project\venv\lib\site-packages\stable_baselines3\common\buffers.py", line 634, in add
    action = action.reshape((self.n_envs, self.action_dim))
ValueError: cannot reshape array of size 8 into shape (2,8)
[2025-10-25 12:14:53,965][__main__][ERROR] - Error processing step for env 0: cannot reshape array of size 8 into shape (2,8)
Traceback (most recent call last):
  File "C:\Users\Hellx\Documents\Programming\python\Project\dgpo\scripts\train_rl.py", line 1072, in run
    self.replay_buffer.add(
  File "C:\Users\Hellx\Documents\Programming\python\Project\dgpo_project\venv\lib\site-packages\stable_baselines3\common\buffers.py", line 634, in add
    action = action.reshape((self.n_envs, self.action_dim))
ValueError: cannot reshape array of size 8 into shape (2,8)
[2025-10-25 12:14:53,966][__main__][ERROR] - Error processing step for env 1: cannot reshape array of size 8 into shape (2,8)
Traceback (most recent call last):
  File "C:\Users\Hellx\Documents\Programming\python\Project\dgpo\scripts\train_rl.py", line 1072, in run
    self.replay_buffer.add(
  File "C:\Users\Hellx\Documents\Programming\python\Project\dgpo_project\venv\lib\site-packages\stable_baselines3\common\buffers.py", line 634, in add
    action = action.reshape((self.n_envs, self.action_dim))
ValueError: cannot reshape array of size 8 into shape (2,8)
[2025-10-25 12:14:54,537][__main__][ERROR] - Error processing step for env 0: cannot reshape array of size 8 into shape (2,8)
Traceback (most recent call last):
  File "C:\Users\Hellx\Documents\Programming\python\Project\dgpo\scripts\train_rl.py", line 1072, in run
    self.replay_buffer.add(
  File "C:\Users\Hellx\Documents\Programming\python\Project\dgpo_project\venv\lib\site-packages\stable_baselines3\common\buffers.py", line 634, in add
    action = action.reshape((self.n_envs, self.action_dim))
ValueError: cannot reshape array of size 8 into shape (2,8)
[2025-10-25 12:14:54,539][__main__][ERROR] - Error processing step for env 1: cannot reshape array of size 8 into shape (2,8)
Traceback (most recent call last):
  File "C:\Users\Hellx\Documents\Programming\python\Project\dgpo\scripts\train_rl.py", line 1072, in run
    self.replay_buffer.add(
  File "C:\Users\Hellx\Documents\Programming\python\Project\dgpo_project\venv\lib\site-packages\stable_baselines3\common\buffers.py", line 634, in add
    action = action.reshape((self.n_envs, self.action_dim))
ValueError: cannot reshape array of size 8 into shape (2,8)
[2025-10-25 12:14:55,111][__main__][ERROR] - Error processing step for env 0: cannot reshape array of size 8 into shape (2,8)
Traceback (most recent call last):
  File "C:\Users\Hellx\Documents\Programming\python\Project\dgpo\scripts\train_rl.py", line 1072, in run
    self.replay_buffer.add(
  File "C:\Users\Hellx\Documents\Programming\python\Project\dgpo_project\venv\lib\site-packages\stable_baselines3\common\buffers.py", line 634, in add
    action = action.reshape((self.n_envs, self.action_dim))
ValueError: cannot reshape array of size 8 into shape (2,8)
[2025-10-25 12:14:55,113][__main__][ERROR] - Error processing step for env 1: cannot reshape array of size 8 into shape (2,8)
Traceback (most recent call last):
  File "C:\Users\Hellx\Documents\Programming\python\Project\dgpo\scripts\train_rl.py", line 1072, in run
    self.replay_buffer.add(
  File "C:\Users\Hellx\Documents\Programming\python\Project\dgpo_project\venv\lib\site-packages\stable_baselines3\common\buffers.py", line 634, in add
    action = action.reshape((self.n_envs, self.action_dim))
ValueError: cannot reshape array of size 8 into shape (2,8)
[2025-10-25 12:14:55,684][__main__][ERROR] - Error processing step for env 0: cannot reshape array of size 8 into shape (2,8)
Traceback (most recent call last):
  File "C:\Users\Hellx\Documents\Programming\python\Project\dgpo\scripts\train_rl.py", line 1072, in run
    self.replay_buffer.add(
  File "C:\Users\Hellx\Documents\Programming\python\Project\dgpo_project\venv\lib\site-packages\stable_baselines3\common\buffers.py", line 634, in add
    action = action.reshape((self.n_envs, self.action_dim))
ValueError: cannot reshape array of size 8 into shape (2,8)
[2025-10-25 12:14:55,686][__main__][ERROR] - Error processing step for env 1: cannot reshape array of size 8 into shape (2,8)
Traceback (most recent call last):
  File "C:\Users\Hellx\Documents\Programming\python\Project\dgpo\scripts\train_rl.py", line 1072, in run
    self.replay_buffer.add(
  File "C:\Users\Hellx\Documents\Programming\python\Project\dgpo_project\venv\lib\site-packages\stable_baselines3\common\buffers.py", line 634, in add
    action = action.reshape((self.n_envs, self.action_dim))
ValueError: cannot reshape array of size 8 into shape (2,8)
[2025-10-25 12:14:56,249][__main__][ERROR] - Error processing step for env 0: cannot reshape array of size 8 into shape (2,8)
Traceback (most recent call last):
  File "C:\Users\Hellx\Documents\Programming\python\Project\dgpo\scripts\train_rl.py", line 1072, in run
    self.replay_buffer.add(
  File "C:\Users\Hellx\Documents\Programming\python\Project\dgpo_project\venv\lib\site-packages\stable_baselines3\common\buffers.py", line 634, in add
    action = action.reshape((self.n_envs, self.action_dim))
ValueError: cannot reshape array of size 8 into shape (2,8)
[2025-10-25 12:14:56,250][__main__][ERROR] - Error processing step for env 1: cannot reshape array of size 8 into shape (2,8)
Traceback (most recent call last):
  File "C:\Users\Hellx\Documents\Programming\python\Project\dgpo\scripts\train_rl.py", line 1072, in run
    self.replay_buffer.add(
  File "C:\Users\Hellx\Documents\Programming\python\Project\dgpo_project\venv\lib\site-packages\stable_baselines3\common\buffers.py", line 634, in add
    action = action.reshape((self.n_envs, self.action_dim))
ValueError: cannot reshape array of size 8 into shape (2,8)
[2025-10-25 12:14:56,816][__main__][ERROR] - Error processing step for env 0: cannot reshape array of size 8 into shape (2,8)
Traceback (most recent call last):
  File "C:\Users\Hellx\Documents\Programming\python\Project\dgpo\scripts\train_rl.py", line 1072, in run
    self.replay_buffer.add(
  File "C:\Users\Hellx\Documents\Programming\python\Project\dgpo_project\venv\lib\site-packages\stable_baselines3\common\buffers.py", line 634, in add
    action = action.reshape((self.n_envs, self.action_dim))
ValueError: cannot reshape array of size 8 into shape (2,8)
[2025-10-25 12:14:56,818][__main__][ERROR] - Error processing step for env 1: cannot reshape array of size 8 into shape (2,8)
Traceback (most recent call last):
  File "C:\Users\Hellx\Documents\Programming\python\Project\dgpo\scripts\train_rl.py", line 1072, in run
    self.replay_buffer.add(
  File "C:\Users\Hellx\Documents\Programming\python\Project\dgpo_project\venv\lib\site-packages\stable_baselines3\common\buffers.py", line 634, in add
    action = action.reshape((self.n_envs, self.action_dim))
ValueError: cannot reshape array of size 8 into shape (2,8)
[2025-10-25 12:14:57,398][__main__][ERROR] - Error processing step for env 0: cannot reshape array of size 8 into shape (2,8)
Traceback (most recent call last):
  File "C:\Users\Hellx\Documents\Programming\python\Project\dgpo\scripts\train_rl.py", line 1072, in run
    self.replay_buffer.add(
  File "C:\Users\Hellx\Documents\Programming\python\Project\dgpo_project\venv\lib\site-packages\stable_baselines3\common\buffers.py", line 634, in add
    action = action.reshape((self.n_envs, self.action_dim))
ValueError: cannot reshape array of size 8 into shape (2,8)
[2025-10-25 12:14:57,400][__main__][ERROR] - Error processing step for env 1: cannot reshape array of size 8 into shape (2,8)
Traceback (most recent call last):
  File "C:\Users\Hellx\Documents\Programming\python\Project\dgpo\scripts\train_rl.py", line 1072, in run
    self.replay_buffer.add(
  File "C:\Users\Hellx\Documents\Programming\python\Project\dgpo_project\venv\lib\site-packages\stable_baselines3\common\buffers.py", line 634, in add
    action = action.reshape((self.n_envs, self.action_dim))
ValueError: cannot reshape array of size 8 into shape (2,8)
[2025-10-25 12:14:57,964][__main__][ERROR] - Error processing step for env 0: cannot reshape array of size 8 into shape (2,8)
Traceback (most recent call last):
  File "C:\Users\Hellx\Documents\Programming\python\Project\dgpo\scripts\train_rl.py", line 1072, in run
    self.replay_buffer.add(
  File "C:\Users\Hellx\Documents\Programming\python\Project\dgpo_project\venv\lib\site-packages\stable_baselines3\common\buffers.py", line 634, in add
    action = action.reshape((self.n_envs, self.action_dim))
ValueError: cannot reshape array of size 8 into shape (2,8)
[2025-10-25 12:14:57,966][__main__][ERROR] - Error processing step for env 1: cannot reshape array of size 8 into shape (2,8)
Traceback (most recent call last):
  File "C:\Users\Hellx\Documents\Programming\python\Project\dgpo\scripts\train_rl.py", line 1072, in run
    self.replay_buffer.add(
  File "C:\Users\Hellx\Documents\Programming\python\Project\dgpo_project\venv\lib\site-packages\stable_baselines3\common\buffers.py", line 634, in add
    action = action.reshape((self.n_envs, self.action_dim))
ValueError: cannot reshape array of size 8 into shape (2,8)
[2025-10-25 12:14:58,539][__main__][ERROR] - Error processing step for env 0: cannot reshape array of size 8 into shape (2,8)
Traceback (most recent call last):
  File "C:\Users\Hellx\Documents\Programming\python\Project\dgpo\scripts\train_rl.py", line 1072, in run
    self.replay_buffer.add(
  File "C:\Users\Hellx\Documents\Programming\python\Project\dgpo_project\venv\lib\site-packages\stable_baselines3\common\buffers.py", line 634, in add
    action = action.reshape((self.n_envs, self.action_dim))
ValueError: cannot reshape array of size 8 into shape (2,8)
[2025-10-25 12:14:58,540][__main__][ERROR] - Error processing step for env 1: cannot reshape array of size 8 into shape (2,8)
Traceback (most recent call last):
  File "C:\Users\Hellx\Documents\Programming\python\Project\dgpo\scripts\train_rl.py", line 1072, in run
    self.replay_buffer.add(
  File "C:\Users\Hellx\Documents\Programming\python\Project\dgpo_project\venv\lib\site-packages\stable_baselines3\common\buffers.py", line 634, in add
    action = action.reshape((self.n_envs, self.action_dim))
ValueError: cannot reshape array of size 8 into shape (2,8)
[2025-10-25 12:14:59,104][__main__][ERROR] - Error processing step for env 0: cannot reshape array of size 8 into shape (2,8)
Traceback (most recent call last):
  File "C:\Users\Hellx\Documents\Programming\python\Project\dgpo\scripts\train_rl.py", line 1072, in run
    self.replay_buffer.add(
  File "C:\Users\Hellx\Documents\Programming\python\Project\dgpo_project\venv\lib\site-packages\stable_baselines3\common\buffers.py", line 634, in add
    action = action.reshape((self.n_envs, self.action_dim))
ValueError: cannot reshape array of size 8 into shape (2,8)
[2025-10-25 12:14:59,108][__main__][ERROR] - Error processing step for env 1: cannot reshape array of size 8 into shape (2,8)
Traceback (most recent call last):
  File "C:\Users\Hellx\Documents\Programming\python\Project\dgpo\scripts\train_rl.py", line 1072, in run
    self.replay_buffer.add(
  File "C:\Users\Hellx\Documents\Programming\python\Project\dgpo_project\venv\lib\site-packages\stable_baselines3\common\buffers.py", line 634, in add
    action = action.reshape((self.n_envs, self.action_dim))
ValueError: cannot reshape array of size 8 into shape (2,8)
[2025-10-25 12:14:59,683][__main__][ERROR] - Error processing step for env 0: cannot reshape array of size 8 into shape (2,8)
Traceback (most recent call last):
  File "C:\Users\Hellx\Documents\Programming\python\Project\dgpo\scripts\train_rl.py", line 1072, in run
    self.replay_buffer.add(
  File "C:\Users\Hellx\Documents\Programming\python\Project\dgpo_project\venv\lib\site-packages\stable_baselines3\common\buffers.py", line 634, in add
    action = action.reshape((self.n_envs, self.action_dim))
ValueError: cannot reshape array of size 8 into shape (2,8)
[2025-10-25 12:14:59,686][__main__][ERROR] - Error processing step for env 1: cannot reshape array of size 8 into shape (2,8)
Traceback (most recent call last):
  File "C:\Users\Hellx\Documents\Programming\python\Project\dgpo\scripts\train_rl.py", line 1072, in run
    self.replay_buffer.add(
  File "C:\Users\Hellx\Documents\Programming\python\Project\dgpo_project\venv\lib\site-packages\stable_baselines3\common\buffers.py", line 634, in add
    action = action.reshape((self.n_envs, self.action_dim))
ValueError: cannot reshape array of size 8 into shape (2,8)
[2025-10-25 12:15:00,259][__main__][ERROR] - Error processing step for env 0: cannot reshape array of size 8 into shape (2,8)
Traceback (most recent call last):
  File "C:\Users\Hellx\Documents\Programming\python\Project\dgpo\scripts\train_rl.py", line 1072, in run
    self.replay_buffer.add(
  File "C:\Users\Hellx\Documents\Programming\python\Project\dgpo_project\venv\lib\site-packages\stable_baselines3\common\buffers.py", line 634, in add
    action = action.reshape((self.n_envs, self.action_dim))
ValueError: cannot reshape array of size 8 into shape (2,8)
[2025-10-25 12:15:00,261][__main__][ERROR] - Error processing step for env 1: cannot reshape array of size 8 into shape (2,8)
Traceback (most recent call last):
  File "C:\Users\Hellx\Documents\Programming\python\Project\dgpo\scripts\train_rl.py", line 1072, in run
    self.replay_buffer.add(
  File "C:\Users\Hellx\Documents\Programming\python\Project\dgpo_project\venv\lib\site-packages\stable_baselines3\common\buffers.py", line 634, in add
    action = action.reshape((self.n_envs, self.action_dim))
ValueError: cannot reshape array of size 8 into shape (2,8)
[2025-10-25 12:15:00,841][__main__][ERROR] - Error processing step for env 0: cannot reshape array of size 8 into shape (2,8)
Traceback (most recent call last):
  File "C:\Users\Hellx\Documents\Programming\python\Project\dgpo\scripts\train_rl.py", line 1072, in run
    self.replay_buffer.add(
  File "C:\Users\Hellx\Documents\Programming\python\Project\dgpo_project\venv\lib\site-packages\stable_baselines3\common\buffers.py", line 634, in add
    action = action.reshape((self.n_envs, self.action_dim))
ValueError: cannot reshape array of size 8 into shape (2,8)
[2025-10-25 12:15:00,843][__main__][ERROR] - Error processing step for env 1: cannot reshape array of size 8 into shape (2,8)
Traceback (most recent call last):
  File "C:\Users\Hellx\Documents\Programming\python\Project\dgpo\scripts\train_rl.py", line 1072, in run
    self.replay_buffer.add(
  File "C:\Users\Hellx\Documents\Programming\python\Project\dgpo_project\venv\lib\site-packages\stable_baselines3\common\buffers.py", line 634, in add
    action = action.reshape((self.n_envs, self.action_dim))
ValueError: cannot reshape array of size 8 into shape (2,8)
[2025-10-25 12:15:01,421][__main__][ERROR] - Error processing step for env 0: cannot reshape array of size 8 into shape (2,8)
Traceback (most recent call last):
  File "C:\Users\Hellx\Documents\Programming\python\Project\dgpo\scripts\train_rl.py", line 1072, in run
    self.replay_buffer.add(
  File "C:\Users\Hellx\Documents\Programming\python\Project\dgpo_project\venv\lib\site-packages\stable_baselines3\common\buffers.py", line 634, in add
    action = action.reshape((self.n_envs, self.action_dim))
ValueError: cannot reshape array of size 8 into shape (2,8)
[2025-10-25 12:15:01,423][__main__][ERROR] - Error processing step for env 1: cannot reshape array of size 8 into shape (2,8)
Traceback (most recent call last):
  File "C:\Users\Hellx\Documents\Programming\python\Project\dgpo\scripts\train_rl.py", line 1072, in run
    self.replay_buffer.add(
  File "C:\Users\Hellx\Documents\Programming\python\Project\dgpo_project\venv\lib\site-packages\stable_baselines3\common\buffers.py", line 634, in add
    action = action.reshape((self.n_envs, self.action_dim))
ValueError: cannot reshape array of size 8 into shape (2,8)
[2025-10-25 12:15:01,994][__main__][ERROR] - Error processing step for env 0: cannot reshape array of size 8 into shape (2,8)
Traceback (most recent call last):
  File "C:\Users\Hellx\Documents\Programming\python\Project\dgpo\scripts\train_rl.py", line 1072, in run
    self.replay_buffer.add(
  File "C:\Users\Hellx\Documents\Programming\python\Project\dgpo_project\venv\lib\site-packages\stable_baselines3\common\buffers.py", line 634, in add
    action = action.reshape((self.n_envs, self.action_dim))
ValueError: cannot reshape array of size 8 into shape (2,8)
[2025-10-25 12:15:01,997][__main__][ERROR] - Error processing step for env 1: cannot reshape array of size 8 into shape (2,8)
Traceback (most recent call last):
  File "C:\Users\Hellx\Documents\Programming\python\Project\dgpo\scripts\train_rl.py", line 1072, in run
    self.replay_buffer.add(
  File "C:\Users\Hellx\Documents\Programming\python\Project\dgpo_project\venv\lib\site-packages\stable_baselines3\common\buffers.py", line 634, in add
    action = action.reshape((self.n_envs, self.action_dim))
ValueError: cannot reshape array of size 8 into shape (2,8)
[2025-10-25 12:15:02,579][__main__][ERROR] - Error processing step for env 0: cannot reshape array of size 8 into shape (2,8)
Traceback (most recent call last):
  File "C:\Users\Hellx\Documents\Programming\python\Project\dgpo\scripts\train_rl.py", line 1072, in run
    self.replay_buffer.add(
  File "C:\Users\Hellx\Documents\Programming\python\Project\dgpo_project\venv\lib\site-packages\stable_baselines3\common\buffers.py", line 634, in add
    action = action.reshape((self.n_envs, self.action_dim))
ValueError: cannot reshape array of size 8 into shape (2,8)
[2025-10-25 12:15:02,581][__main__][ERROR] - Error processing step for env 1: cannot reshape array of size 8 into shape (2,8)
Traceback (most recent call last):
  File "C:\Users\Hellx\Documents\Programming\python\Project\dgpo\scripts\train_rl.py", line 1072, in run
    self.replay_buffer.add(
  File "C:\Users\Hellx\Documents\Programming\python\Project\dgpo_project\venv\lib\site-packages\stable_baselines3\common\buffers.py", line 634, in add
    action = action.reshape((self.n_envs, self.action_dim))
ValueError: cannot reshape array of size 8 into shape (2,8)
[2025-10-25 12:15:03,151][__main__][ERROR] - Error processing step for env 0: cannot reshape array of size 8 into shape (2,8)
Traceback (most recent call last):
  File "C:\Users\Hellx\Documents\Programming\python\Project\dgpo\scripts\train_rl.py", line 1072, in run
    self.replay_buffer.add(
  File "C:\Users\Hellx\Documents\Programming\python\Project\dgpo_project\venv\lib\site-packages\stable_baselines3\common\buffers.py", line 634, in add
    action = action.reshape((self.n_envs, self.action_dim))
ValueError: cannot reshape array of size 8 into shape (2,8)
[2025-10-25 12:15:03,153][__main__][ERROR] - Error processing step for env 1: cannot reshape array of size 8 into shape (2,8)
Traceback (most recent call last):
  File "C:\Users\Hellx\Documents\Programming\python\Project\dgpo\scripts\train_rl.py", line 1072, in run
    self.replay_buffer.add(
  File "C:\Users\Hellx\Documents\Programming\python\Project\dgpo_project\venv\lib\site-packages\stable_baselines3\common\buffers.py", line 634, in add
    action = action.reshape((self.n_envs, self.action_dim))
ValueError: cannot reshape array of size 8 into shape (2,8)
[2025-10-25 12:15:03,723][__main__][ERROR] - Error processing step for env 0: cannot reshape array of size 8 into shape (2,8)
Traceback (most recent call last):
  File "C:\Users\Hellx\Documents\Programming\python\Project\dgpo\scripts\train_rl.py", line 1072, in run
    self.replay_buffer.add(
  File "C:\Users\Hellx\Documents\Programming\python\Project\dgpo_project\venv\lib\site-packages\stable_baselines3\common\buffers.py", line 634, in add
    action = action.reshape((self.n_envs, self.action_dim))
ValueError: cannot reshape array of size 8 into shape (2,8)
[2025-10-25 12:15:03,725][__main__][ERROR] - Error processing step for env 1: cannot reshape array of size 8 into shape (2,8)
Traceback (most recent call last):
  File "C:\Users\Hellx\Documents\Programming\python\Project\dgpo\scripts\train_rl.py", line 1072, in run
    self.replay_buffer.add(
  File "C:\Users\Hellx\Documents\Programming\python\Project\dgpo_project\venv\lib\site-packages\stable_baselines3\common\buffers.py", line 634, in add
    action = action.reshape((self.n_envs, self.action_dim))
ValueError: cannot reshape array of size 8 into shape (2,8)
[2025-10-25 12:15:04,295][__main__][ERROR] - Error processing step for env 0: cannot reshape array of size 8 into shape (2,8)
Traceback (most recent call last):
  File "C:\Users\Hellx\Documents\Programming\python\Project\dgpo\scripts\train_rl.py", line 1072, in run
    self.replay_buffer.add(
  File "C:\Users\Hellx\Documents\Programming\python\Project\dgpo_project\venv\lib\site-packages\stable_baselines3\common\buffers.py", line 634, in add
    action = action.reshape((self.n_envs, self.action_dim))
ValueError: cannot reshape array of size 8 into shape (2,8)
[2025-10-25 12:15:04,297][__main__][ERROR] - Error processing step for env 1: cannot reshape array of size 8 into shape (2,8)
Traceback (most recent call last):
  File "C:\Users\Hellx\Documents\Programming\python\Project\dgpo\scripts\train_rl.py", line 1072, in run
    self.replay_buffer.add(
  File "C:\Users\Hellx\Documents\Programming\python\Project\dgpo_project\venv\lib\site-packages\stable_baselines3\common\buffers.py", line 634, in add
    action = action.reshape((self.n_envs, self.action_dim))
ValueError: cannot reshape array of size 8 into shape (2,8)
[2025-10-25 12:15:04,862][__main__][ERROR] - Error processing step for env 0: cannot reshape array of size 8 into shape (2,8)
Traceback (most recent call last):
  File "C:\Users\Hellx\Documents\Programming\python\Project\dgpo\scripts\train_rl.py", line 1072, in run
    self.replay_buffer.add(
  File "C:\Users\Hellx\Documents\Programming\python\Project\dgpo_project\venv\lib\site-packages\stable_baselines3\common\buffers.py", line 634, in add
    action = action.reshape((self.n_envs, self.action_dim))
ValueError: cannot reshape array of size 8 into shape (2,8)
[2025-10-25 12:15:04,865][__main__][ERROR] - Error processing step for env 1: cannot reshape array of size 8 into shape (2,8)
Traceback (most recent call last):
  File "C:\Users\Hellx\Documents\Programming\python\Project\dgpo\scripts\train_rl.py", line 1072, in run
    self.replay_buffer.add(
  File "C:\Users\Hellx\Documents\Programming\python\Project\dgpo_project\venv\lib\site-packages\stable_baselines3\common\buffers.py", line 634, in add
    action = action.reshape((self.n_envs, self.action_dim))
ValueError: cannot reshape array of size 8 into shape (2,8)
[2025-10-25 12:15:05,440][__main__][ERROR] - Error processing step for env 0: cannot reshape array of size 8 into shape (2,8)
Traceback (most recent call last):
  File "C:\Users\Hellx\Documents\Programming\python\Project\dgpo\scripts\train_rl.py", line 1072, in run
    self.replay_buffer.add(
  File "C:\Users\Hellx\Documents\Programming\python\Project\dgpo_project\venv\lib\site-packages\stable_baselines3\common\buffers.py", line 634, in add
    action = action.reshape((self.n_envs, self.action_dim))
ValueError: cannot reshape array of size 8 into shape (2,8)
[2025-10-25 12:15:05,442][__main__][ERROR] - Error processing step for env 1: cannot reshape array of size 8 into shape (2,8)
Traceback (most recent call last):
  File "C:\Users\Hellx\Documents\Programming\python\Project\dgpo\scripts\train_rl.py", line 1072, in run
    self.replay_buffer.add(
  File "C:\Users\Hellx\Documents\Programming\python\Project\dgpo_project\venv\lib\site-packages\stable_baselines3\common\buffers.py", line 634, in add
    action = action.reshape((self.n_envs, self.action_dim))
ValueError: cannot reshape array of size 8 into shape (2,8)
[2025-10-25 12:15:06,015][__main__][ERROR] - Error processing step for env 0: cannot reshape array of size 8 into shape (2,8)
Traceback (most recent call last):
  File "C:\Users\Hellx\Documents\Programming\python\Project\dgpo\scripts\train_rl.py", line 1072, in run
    self.replay_buffer.add(
  File "C:\Users\Hellx\Documents\Programming\python\Project\dgpo_project\venv\lib\site-packages\stable_baselines3\common\buffers.py", line 634, in add
    action = action.reshape((self.n_envs, self.action_dim))
ValueError: cannot reshape array of size 8 into shape (2,8)
[2025-10-25 12:15:06,017][__main__][ERROR] - Error processing step for env 1: cannot reshape array of size 8 into shape (2,8)
Traceback (most recent call last):
  File "C:\Users\Hellx\Documents\Programming\python\Project\dgpo\scripts\train_rl.py", line 1072, in run
    self.replay_buffer.add(
  File "C:\Users\Hellx\Documents\Programming\python\Project\dgpo_project\venv\lib\site-packages\stable_baselines3\common\buffers.py", line 634, in add
    action = action.reshape((self.n_envs, self.action_dim))
ValueError: cannot reshape array of size 8 into shape (2,8)
[2025-10-25 12:15:06,591][__main__][ERROR] - Error processing step for env 0: cannot reshape array of size 8 into shape (2,8)
Traceback (most recent call last):
  File "C:\Users\Hellx\Documents\Programming\python\Project\dgpo\scripts\train_rl.py", line 1072, in run
    self.replay_buffer.add(
  File "C:\Users\Hellx\Documents\Programming\python\Project\dgpo_project\venv\lib\site-packages\stable_baselines3\common\buffers.py", line 634, in add
    action = action.reshape((self.n_envs, self.action_dim))
ValueError: cannot reshape array of size 8 into shape (2,8)
[2025-10-25 12:15:06,593][__main__][ERROR] - Error processing step for env 1: cannot reshape array of size 8 into shape (2,8)
Traceback (most recent call last):
  File "C:\Users\Hellx\Documents\Programming\python\Project\dgpo\scripts\train_rl.py", line 1072, in run
    self.replay_buffer.add(
  File "C:\Users\Hellx\Documents\Programming\python\Project\dgpo_project\venv\lib\site-packages\stable_baselines3\common\buffers.py", line 634, in add
    action = action.reshape((self.n_envs, self.action_dim))
ValueError: cannot reshape array of size 8 into shape (2,8)
[2025-10-25 12:15:07,168][__main__][ERROR] - Error processing step for env 0: cannot reshape array of size 8 into shape (2,8)
Traceback (most recent call last):
  File "C:\Users\Hellx\Documents\Programming\python\Project\dgpo\scripts\train_rl.py", line 1072, in run
    self.replay_buffer.add(
  File "C:\Users\Hellx\Documents\Programming\python\Project\dgpo_project\venv\lib\site-packages\stable_baselines3\common\buffers.py", line 634, in add
    action = action.reshape((self.n_envs, self.action_dim))
ValueError: cannot reshape array of size 8 into shape (2,8)
[2025-10-25 12:15:07,170][__main__][ERROR] - Error processing step for env 1: cannot reshape array of size 8 into shape (2,8)
Traceback (most recent call last):
  File "C:\Users\Hellx\Documents\Programming\python\Project\dgpo\scripts\train_rl.py", line 1072, in run
    self.replay_buffer.add(
  File "C:\Users\Hellx\Documents\Programming\python\Project\dgpo_project\venv\lib\site-packages\stable_baselines3\common\buffers.py", line 634, in add
    action = action.reshape((self.n_envs, self.action_dim))
ValueError: cannot reshape array of size 8 into shape (2,8)
[2025-10-25 12:15:07,736][__main__][ERROR] - Error processing step for env 0: cannot reshape array of size 8 into shape (2,8)
Traceback (most recent call last):
  File "C:\Users\Hellx\Documents\Programming\python\Project\dgpo\scripts\train_rl.py", line 1072, in run
    self.replay_buffer.add(
  File "C:\Users\Hellx\Documents\Programming\python\Project\dgpo_project\venv\lib\site-packages\stable_baselines3\common\buffers.py", line 634, in add
    action = action.reshape((self.n_envs, self.action_dim))
ValueError: cannot reshape array of size 8 into shape (2,8)
[2025-10-25 12:15:07,738][__main__][ERROR] - Error processing step for env 1: cannot reshape array of size 8 into shape (2,8)
Traceback (most recent call last):
  File "C:\Users\Hellx\Documents\Programming\python\Project\dgpo\scripts\train_rl.py", line 1072, in run
    self.replay_buffer.add(
  File "C:\Users\Hellx\Documents\Programming\python\Project\dgpo_project\venv\lib\site-packages\stable_baselines3\common\buffers.py", line 634, in add
    action = action.reshape((self.n_envs, self.action_dim))
ValueError: cannot reshape array of size 8 into shape (2,8)
[2025-10-25 12:15:08,313][__main__][ERROR] - Error processing step for env 0: cannot reshape array of size 8 into shape (2,8)
Traceback (most recent call last):
  File "C:\Users\Hellx\Documents\Programming\python\Project\dgpo\scripts\train_rl.py", line 1072, in run
    self.replay_buffer.add(
  File "C:\Users\Hellx\Documents\Programming\python\Project\dgpo_project\venv\lib\site-packages\stable_baselines3\common\buffers.py", line 634, in add
    action = action.reshape((self.n_envs, self.action_dim))
ValueError: cannot reshape array of size 8 into shape (2,8)
[2025-10-25 12:15:08,315][__main__][ERROR] - Error processing step for env 1: cannot reshape array of size 8 into shape (2,8)
Traceback (most recent call last):
  File "C:\Users\Hellx\Documents\Programming\python\Project\dgpo\scripts\train_rl.py", line 1072, in run
    self.replay_buffer.add(
  File "C:\Users\Hellx\Documents\Programming\python\Project\dgpo_project\venv\lib\site-packages\stable_baselines3\common\buffers.py", line 634, in add
    action = action.reshape((self.n_envs, self.action_dim))
ValueError: cannot reshape array of size 8 into shape (2,8)
[2025-10-25 12:15:08,880][__main__][ERROR] - Error processing step for env 0: cannot reshape array of size 8 into shape (2,8)
Traceback (most recent call last):
  File "C:\Users\Hellx\Documents\Programming\python\Project\dgpo\scripts\train_rl.py", line 1072, in run
    self.replay_buffer.add(
  File "C:\Users\Hellx\Documents\Programming\python\Project\dgpo_project\venv\lib\site-packages\stable_baselines3\common\buffers.py", line 634, in add
    action = action.reshape((self.n_envs, self.action_dim))
ValueError: cannot reshape array of size 8 into shape (2,8)
[2025-10-25 12:15:08,882][__main__][ERROR] - Error processing step for env 1: cannot reshape array of size 8 into shape (2,8)
Traceback (most recent call last):
  File "C:\Users\Hellx\Documents\Programming\python\Project\dgpo\scripts\train_rl.py", line 1072, in run
    self.replay_buffer.add(
  File "C:\Users\Hellx\Documents\Programming\python\Project\dgpo_project\venv\lib\site-packages\stable_baselines3\common\buffers.py", line 634, in add
    action = action.reshape((self.n_envs, self.action_dim))
ValueError: cannot reshape array of size 8 into shape (2,8)
[2025-10-25 12:15:09,450][__main__][ERROR] - Error processing step for env 0: cannot reshape array of size 8 into shape (2,8)
Traceback (most recent call last):
  File "C:\Users\Hellx\Documents\Programming\python\Project\dgpo\scripts\train_rl.py", line 1072, in run
    self.replay_buffer.add(
  File "C:\Users\Hellx\Documents\Programming\python\Project\dgpo_project\venv\lib\site-packages\stable_baselines3\common\buffers.py", line 634, in add
    action = action.reshape((self.n_envs, self.action_dim))
ValueError: cannot reshape array of size 8 into shape (2,8)
[2025-10-25 12:15:09,452][__main__][ERROR] - Error processing step for env 1: cannot reshape array of size 8 into shape (2,8)
Traceback (most recent call last):
  File "C:\Users\Hellx\Documents\Programming\python\Project\dgpo\scripts\train_rl.py", line 1072, in run
    self.replay_buffer.add(
  File "C:\Users\Hellx\Documents\Programming\python\Project\dgpo_project\venv\lib\site-packages\stable_baselines3\common\buffers.py", line 634, in add
    action = action.reshape((self.n_envs, self.action_dim))
ValueError: cannot reshape array of size 8 into shape (2,8)
[2025-10-25 12:15:10,019][__main__][ERROR] - Error processing step for env 0: cannot reshape array of size 8 into shape (2,8)
Traceback (most recent call last):
  File "C:\Users\Hellx\Documents\Programming\python\Project\dgpo\scripts\train_rl.py", line 1072, in run
    self.replay_buffer.add(
  File "C:\Users\Hellx\Documents\Programming\python\Project\dgpo_project\venv\lib\site-packages\stable_baselines3\common\buffers.py", line 634, in add
    action = action.reshape((self.n_envs, self.action_dim))
ValueError: cannot reshape array of size 8 into shape (2,8)
[2025-10-25 12:15:10,020][__main__][ERROR] - Error processing step for env 1: cannot reshape array of size 8 into shape (2,8)
Traceback (most recent call last):
  File "C:\Users\Hellx\Documents\Programming\python\Project\dgpo\scripts\train_rl.py", line 1072, in run
    self.replay_buffer.add(
  File "C:\Users\Hellx\Documents\Programming\python\Project\dgpo_project\venv\lib\site-packages\stable_baselines3\common\buffers.py", line 634, in add
    action = action.reshape((self.n_envs, self.action_dim))
ValueError: cannot reshape array of size 8 into shape (2,8)
[2025-10-25 12:15:10,588][__main__][ERROR] - Error processing step for env 0: cannot reshape array of size 8 into shape (2,8)
Traceback (most recent call last):
  File "C:\Users\Hellx\Documents\Programming\python\Project\dgpo\scripts\train_rl.py", line 1072, in run
    self.replay_buffer.add(
  File "C:\Users\Hellx\Documents\Programming\python\Project\dgpo_project\venv\lib\site-packages\stable_baselines3\common\buffers.py", line 634, in add
    action = action.reshape((self.n_envs, self.action_dim))
ValueError: cannot reshape array of size 8 into shape (2,8)
[2025-10-25 12:15:10,590][__main__][ERROR] - Error processing step for env 1: cannot reshape array of size 8 into shape (2,8)
Traceback (most recent call last):
  File "C:\Users\Hellx\Documents\Programming\python\Project\dgpo\scripts\train_rl.py", line 1072, in run
    self.replay_buffer.add(
  File "C:\Users\Hellx\Documents\Programming\python\Project\dgpo_project\venv\lib\site-packages\stable_baselines3\common\buffers.py", line 634, in add
    action = action.reshape((self.n_envs, self.action_dim))
ValueError: cannot reshape array of size 8 into shape (2,8)
[2025-10-25 12:15:11,164][__main__][ERROR] - Error processing step for env 0: cannot reshape array of size 8 into shape (2,8)
Traceback (most recent call last):
  File "C:\Users\Hellx\Documents\Programming\python\Project\dgpo\scripts\train_rl.py", line 1072, in run
    self.replay_buffer.add(
  File "C:\Users\Hellx\Documents\Programming\python\Project\dgpo_project\venv\lib\site-packages\stable_baselines3\common\buffers.py", line 634, in add
    action = action.reshape((self.n_envs, self.action_dim))
ValueError: cannot reshape array of size 8 into shape (2,8)
[2025-10-25 12:15:11,166][__main__][ERROR] - Error processing step for env 1: cannot reshape array of size 8 into shape (2,8)
Traceback (most recent call last):
  File "C:\Users\Hellx\Documents\Programming\python\Project\dgpo\scripts\train_rl.py", line 1072, in run
    self.replay_buffer.add(
  File "C:\Users\Hellx\Documents\Programming\python\Project\dgpo_project\venv\lib\site-packages\stable_baselines3\common\buffers.py", line 634, in add
    action = action.reshape((self.n_envs, self.action_dim))
ValueError: cannot reshape array of size 8 into shape (2,8)
[2025-10-25 12:15:11,735][__main__][ERROR] - Error processing step for env 0: cannot reshape array of size 8 into shape (2,8)
Traceback (most recent call last):
  File "C:\Users\Hellx\Documents\Programming\python\Project\dgpo\scripts\train_rl.py", line 1072, in run
    self.replay_buffer.add(
  File "C:\Users\Hellx\Documents\Programming\python\Project\dgpo_project\venv\lib\site-packages\stable_baselines3\common\buffers.py", line 634, in add
    action = action.reshape((self.n_envs, self.action_dim))
ValueError: cannot reshape array of size 8 into shape (2,8)
[2025-10-25 12:15:11,736][__main__][ERROR] - Error processing step for env 1: cannot reshape array of size 8 into shape (2,8)
Traceback (most recent call last):
  File "C:\Users\Hellx\Documents\Programming\python\Project\dgpo\scripts\train_rl.py", line 1072, in run
    self.replay_buffer.add(
  File "C:\Users\Hellx\Documents\Programming\python\Project\dgpo_project\venv\lib\site-packages\stable_baselines3\common\buffers.py", line 634, in add
    action = action.reshape((self.n_envs, self.action_dim))
ValueError: cannot reshape array of size 8 into shape (2,8)
[2025-10-25 12:15:12,379][__main__][ERROR] - Error processing step for env 0: cannot reshape array of size 8 into shape (2,8)
Traceback (most recent call last):
  File "C:\Users\Hellx\Documents\Programming\python\Project\dgpo\scripts\train_rl.py", line 1072, in run
    self.replay_buffer.add(
  File "C:\Users\Hellx\Documents\Programming\python\Project\dgpo_project\venv\lib\site-packages\stable_baselines3\common\buffers.py", line 634, in add
    action = action.reshape((self.n_envs, self.action_dim))
ValueError: cannot reshape array of size 8 into shape (2,8)
[2025-10-25 12:15:12,381][__main__][ERROR] - Error processing step for env 1: cannot reshape array of size 8 into shape (2,8)
Traceback (most recent call last):
  File "C:\Users\Hellx\Documents\Programming\python\Project\dgpo\scripts\train_rl.py", line 1072, in run
    self.replay_buffer.add(
  File "C:\Users\Hellx\Documents\Programming\python\Project\dgpo_project\venv\lib\site-packages\stable_baselines3\common\buffers.py", line 634, in add
    action = action.reshape((self.n_envs, self.action_dim))
ValueError: cannot reshape array of size 8 into shape (2,8)
[2025-10-25 12:15:13,062][__main__][ERROR] - Error processing step for env 0: cannot reshape array of size 8 into shape (2,8)
Traceback (most recent call last):
  File "C:\Users\Hellx\Documents\Programming\python\Project\dgpo\scripts\train_rl.py", line 1072, in run
    self.replay_buffer.add(
  File "C:\Users\Hellx\Documents\Programming\python\Project\dgpo_project\venv\lib\site-packages\stable_baselines3\common\buffers.py", line 634, in add
    action = action.reshape((self.n_envs, self.action_dim))
ValueError: cannot reshape array of size 8 into shape (2,8)
[2025-10-25 12:15:13,064][__main__][ERROR] - Error processing step for env 1: cannot reshape array of size 8 into shape (2,8)
Traceback (most recent call last):
  File "C:\Users\Hellx\Documents\Programming\python\Project\dgpo\scripts\train_rl.py", line 1072, in run
    self.replay_buffer.add(
  File "C:\Users\Hellx\Documents\Programming\python\Project\dgpo_project\venv\lib\site-packages\stable_baselines3\common\buffers.py", line 634, in add
    action = action.reshape((self.n_envs, self.action_dim))
ValueError: cannot reshape array of size 8 into shape (2,8)
[2025-10-25 12:15:13,713][__main__][ERROR] - Error processing step for env 0: cannot reshape array of size 8 into shape (2,8)
Traceback (most recent call last):
  File "C:\Users\Hellx\Documents\Programming\python\Project\dgpo\scripts\train_rl.py", line 1072, in run
    self.replay_buffer.add(
  File "C:\Users\Hellx\Documents\Programming\python\Project\dgpo_project\venv\lib\site-packages\stable_baselines3\common\buffers.py", line 634, in add
    action = action.reshape((self.n_envs, self.action_dim))
ValueError: cannot reshape array of size 8 into shape (2,8)
[2025-10-25 12:15:13,714][__main__][ERROR] - Error processing step for env 1: cannot reshape array of size 8 into shape (2,8)
Traceback (most recent call last):
  File "C:\Users\Hellx\Documents\Programming\python\Project\dgpo\scripts\train_rl.py", line 1072, in run
    self.replay_buffer.add(
  File "C:\Users\Hellx\Documents\Programming\python\Project\dgpo_project\venv\lib\site-packages\stable_baselines3\common\buffers.py", line 634, in add
    action = action.reshape((self.n_envs, self.action_dim))
ValueError: cannot reshape array of size 8 into shape (2,8)
[2025-10-25 12:15:14,382][__main__][ERROR] - Error processing step for env 0: cannot reshape array of size 8 into shape (2,8)
Traceback (most recent call last):
  File "C:\Users\Hellx\Documents\Programming\python\Project\dgpo\scripts\train_rl.py", line 1072, in run
    self.replay_buffer.add(
  File "C:\Users\Hellx\Documents\Programming\python\Project\dgpo_project\venv\lib\site-packages\stable_baselines3\common\buffers.py", line 634, in add
    action = action.reshape((self.n_envs, self.action_dim))
ValueError: cannot reshape array of size 8 into shape (2,8)
[2025-10-25 12:15:14,384][__main__][ERROR] - Error processing step for env 1: cannot reshape array of size 8 into shape (2,8)
Traceback (most recent call last):
  File "C:\Users\Hellx\Documents\Programming\python\Project\dgpo\scripts\train_rl.py", line 1072, in run
    self.replay_buffer.add(
  File "C:\Users\Hellx\Documents\Programming\python\Project\dgpo_project\venv\lib\site-packages\stable_baselines3\common\buffers.py", line 634, in add
    action = action.reshape((self.n_envs, self.action_dim))
ValueError: cannot reshape array of size 8 into shape (2,8)
[2025-10-25 12:15:15,029][__main__][ERROR] - Error processing step for env 0: cannot reshape array of size 8 into shape (2,8)
Traceback (most recent call last):
  File "C:\Users\Hellx\Documents\Programming\python\Project\dgpo\scripts\train_rl.py", line 1072, in run
    self.replay_buffer.add(
  File "C:\Users\Hellx\Documents\Programming\python\Project\dgpo_project\venv\lib\site-packages\stable_baselines3\common\buffers.py", line 634, in add
    action = action.reshape((self.n_envs, self.action_dim))
ValueError: cannot reshape array of size 8 into shape (2,8)
[2025-10-25 12:15:15,031][__main__][ERROR] - Error processing step for env 1: cannot reshape array of size 8 into shape (2,8)
Traceback (most recent call last):
  File "C:\Users\Hellx\Documents\Programming\python\Project\dgpo\scripts\train_rl.py", line 1072, in run
    self.replay_buffer.add(
  File "C:\Users\Hellx\Documents\Programming\python\Project\dgpo_project\venv\lib\site-packages\stable_baselines3\common\buffers.py", line 634, in add
    action = action.reshape((self.n_envs, self.action_dim))
ValueError: cannot reshape array of size 8 into shape (2,8)
[2025-10-25 12:15:15,647][__main__][ERROR] - Error processing step for env 0: cannot reshape array of size 8 into shape (2,8)
Traceback (most recent call last):
  File "C:\Users\Hellx\Documents\Programming\python\Project\dgpo\scripts\train_rl.py", line 1072, in run
    self.replay_buffer.add(
  File "C:\Users\Hellx\Documents\Programming\python\Project\dgpo_project\venv\lib\site-packages\stable_baselines3\common\buffers.py", line 634, in add
    action = action.reshape((self.n_envs, self.action_dim))
ValueError: cannot reshape array of size 8 into shape (2,8)
[2025-10-25 12:15:15,649][__main__][ERROR] - Error processing step for env 1: cannot reshape array of size 8 into shape (2,8)
Traceback (most recent call last):
  File "C:\Users\Hellx\Documents\Programming\python\Project\dgpo\scripts\train_rl.py", line 1072, in run
    self.replay_buffer.add(
  File "C:\Users\Hellx\Documents\Programming\python\Project\dgpo_project\venv\lib\site-packages\stable_baselines3\common\buffers.py", line 634, in add
    action = action.reshape((self.n_envs, self.action_dim))
ValueError: cannot reshape array of size 8 into shape (2,8)
[2025-10-25 12:15:16,215][__main__][ERROR] - Error processing step for env 0: cannot reshape array of size 8 into shape (2,8)
Traceback (most recent call last):
  File "C:\Users\Hellx\Documents\Programming\python\Project\dgpo\scripts\train_rl.py", line 1072, in run
    self.replay_buffer.add(
  File "C:\Users\Hellx\Documents\Programming\python\Project\dgpo_project\venv\lib\site-packages\stable_baselines3\common\buffers.py", line 634, in add
    action = action.reshape((self.n_envs, self.action_dim))
ValueError: cannot reshape array of size 8 into shape (2,8)
[2025-10-25 12:15:16,217][__main__][ERROR] - Error processing step for env 1: cannot reshape array of size 8 into shape (2,8)
Traceback (most recent call last):
  File "C:\Users\Hellx\Documents\Programming\python\Project\dgpo\scripts\train_rl.py", line 1072, in run
    self.replay_buffer.add(
  File "C:\Users\Hellx\Documents\Programming\python\Project\dgpo_project\venv\lib\site-packages\stable_baselines3\common\buffers.py", line 634, in add
    action = action.reshape((self.n_envs, self.action_dim))
ValueError: cannot reshape array of size 8 into shape (2,8)
[2025-10-25 12:15:16,813][__main__][ERROR] - Error processing step for env 0: cannot reshape array of size 8 into shape (2,8)
Traceback (most recent call last):
  File "C:\Users\Hellx\Documents\Programming\python\Project\dgpo\scripts\train_rl.py", line 1072, in run
    self.replay_buffer.add(
  File "C:\Users\Hellx\Documents\Programming\python\Project\dgpo_project\venv\lib\site-packages\stable_baselines3\common\buffers.py", line 634, in add
    action = action.reshape((self.n_envs, self.action_dim))
ValueError: cannot reshape array of size 8 into shape (2,8)
[2025-10-25 12:15:16,815][__main__][ERROR] - Error processing step for env 1: cannot reshape array of size 8 into shape (2,8)
Traceback (most recent call last):
  File "C:\Users\Hellx\Documents\Programming\python\Project\dgpo\scripts\train_rl.py", line 1072, in run
    self.replay_buffer.add(
  File "C:\Users\Hellx\Documents\Programming\python\Project\dgpo_project\venv\lib\site-packages\stable_baselines3\common\buffers.py", line 634, in add
    action = action.reshape((self.n_envs, self.action_dim))
ValueError: cannot reshape array of size 8 into shape (2,8)
[2025-10-25 12:15:17,415][__main__][ERROR] - Error processing step for env 0: cannot reshape array of size 8 into shape (2,8)
Traceback (most recent call last):
  File "C:\Users\Hellx\Documents\Programming\python\Project\dgpo\scripts\train_rl.py", line 1072, in run
    self.replay_buffer.add(
  File "C:\Users\Hellx\Documents\Programming\python\Project\dgpo_project\venv\lib\site-packages\stable_baselines3\common\buffers.py", line 634, in add
    action = action.reshape((self.n_envs, self.action_dim))
ValueError: cannot reshape array of size 8 into shape (2,8)
[2025-10-25 12:15:17,417][__main__][ERROR] - Error processing step for env 1: cannot reshape array of size 8 into shape (2,8)
Traceback (most recent call last):
  File "C:\Users\Hellx\Documents\Programming\python\Project\dgpo\scripts\train_rl.py", line 1072, in run
    self.replay_buffer.add(
  File "C:\Users\Hellx\Documents\Programming\python\Project\dgpo_project\venv\lib\site-packages\stable_baselines3\common\buffers.py", line 634, in add
    action = action.reshape((self.n_envs, self.action_dim))
ValueError: cannot reshape array of size 8 into shape (2,8)
[2025-10-25 12:15:18,009][__main__][ERROR] - Error processing step for env 0: cannot reshape array of size 8 into shape (2,8)
Traceback (most recent call last):
  File "C:\Users\Hellx\Documents\Programming\python\Project\dgpo\scripts\train_rl.py", line 1072, in run
    self.replay_buffer.add(
  File "C:\Users\Hellx\Documents\Programming\python\Project\dgpo_project\venv\lib\site-packages\stable_baselines3\common\buffers.py", line 634, in add
    action = action.reshape((self.n_envs, self.action_dim))
ValueError: cannot reshape array of size 8 into shape (2,8)
[2025-10-25 12:15:18,011][__main__][ERROR] - Error processing step for env 1: cannot reshape array of size 8 into shape (2,8)
Traceback (most recent call last):
  File "C:\Users\Hellx\Documents\Programming\python\Project\dgpo\scripts\train_rl.py", line 1072, in run
    self.replay_buffer.add(
  File "C:\Users\Hellx\Documents\Programming\python\Project\dgpo_project\venv\lib\site-packages\stable_baselines3\common\buffers.py", line 634, in add
    action = action.reshape((self.n_envs, self.action_dim))
ValueError: cannot reshape array of size 8 into shape (2,8)
[2025-10-25 12:15:18,591][__main__][ERROR] - Error processing step for env 0: cannot reshape array of size 8 into shape (2,8)
Traceback (most recent call last):
  File "C:\Users\Hellx\Documents\Programming\python\Project\dgpo\scripts\train_rl.py", line 1072, in run
    self.replay_buffer.add(
  File "C:\Users\Hellx\Documents\Programming\python\Project\dgpo_project\venv\lib\site-packages\stable_baselines3\common\buffers.py", line 634, in add
    action = action.reshape((self.n_envs, self.action_dim))
ValueError: cannot reshape array of size 8 into shape (2,8)
[2025-10-25 12:15:18,593][__main__][ERROR] - Error processing step for env 1: cannot reshape array of size 8 into shape (2,8)
Traceback (most recent call last):
  File "C:\Users\Hellx\Documents\Programming\python\Project\dgpo\scripts\train_rl.py", line 1072, in run
    self.replay_buffer.add(
  File "C:\Users\Hellx\Documents\Programming\python\Project\dgpo_project\venv\lib\site-packages\stable_baselines3\common\buffers.py", line 634, in add
    action = action.reshape((self.n_envs, self.action_dim))
ValueError: cannot reshape array of size 8 into shape (2,8)
[2025-10-25 12:15:19,174][__main__][ERROR] - Error processing step for env 0: cannot reshape array of size 8 into shape (2,8)
Traceback (most recent call last):
  File "C:\Users\Hellx\Documents\Programming\python\Project\dgpo\scripts\train_rl.py", line 1072, in run
    self.replay_buffer.add(
  File "C:\Users\Hellx\Documents\Programming\python\Project\dgpo_project\venv\lib\site-packages\stable_baselines3\common\buffers.py", line 634, in add
    action = action.reshape((self.n_envs, self.action_dim))
ValueError: cannot reshape array of size 8 into shape (2,8)
[2025-10-25 12:15:19,175][__main__][ERROR] - Error processing step for env 1: cannot reshape array of size 8 into shape (2,8)
Traceback (most recent call last):
  File "C:\Users\Hellx\Documents\Programming\python\Project\dgpo\scripts\train_rl.py", line 1072, in run
    self.replay_buffer.add(
  File "C:\Users\Hellx\Documents\Programming\python\Project\dgpo_project\venv\lib\site-packages\stable_baselines3\common\buffers.py", line 634, in add
    action = action.reshape((self.n_envs, self.action_dim))
ValueError: cannot reshape array of size 8 into shape (2,8)
[2025-10-25 12:15:19,759][__main__][ERROR] - Error processing step for env 0: cannot reshape array of size 8 into shape (2,8)
Traceback (most recent call last):
  File "C:\Users\Hellx\Documents\Programming\python\Project\dgpo\scripts\train_rl.py", line 1072, in run
    self.replay_buffer.add(
  File "C:\Users\Hellx\Documents\Programming\python\Project\dgpo_project\venv\lib\site-packages\stable_baselines3\common\buffers.py", line 634, in add
    action = action.reshape((self.n_envs, self.action_dim))
ValueError: cannot reshape array of size 8 into shape (2,8)
[2025-10-25 12:15:19,761][__main__][ERROR] - Error processing step for env 1: cannot reshape array of size 8 into shape (2,8)
Traceback (most recent call last):
  File "C:\Users\Hellx\Documents\Programming\python\Project\dgpo\scripts\train_rl.py", line 1072, in run
    self.replay_buffer.add(
  File "C:\Users\Hellx\Documents\Programming\python\Project\dgpo_project\venv\lib\site-packages\stable_baselines3\common\buffers.py", line 634, in add
    action = action.reshape((self.n_envs, self.action_dim))
ValueError: cannot reshape array of size 8 into shape (2,8)
[2025-10-25 12:15:20,344][__main__][ERROR] - Error processing step for env 0: cannot reshape array of size 8 into shape (2,8)
Traceback (most recent call last):
  File "C:\Users\Hellx\Documents\Programming\python\Project\dgpo\scripts\train_rl.py", line 1072, in run
    self.replay_buffer.add(
  File "C:\Users\Hellx\Documents\Programming\python\Project\dgpo_project\venv\lib\site-packages\stable_baselines3\common\buffers.py", line 634, in add
    action = action.reshape((self.n_envs, self.action_dim))
ValueError: cannot reshape array of size 8 into shape (2,8)
[2025-10-25 12:15:20,346][__main__][ERROR] - Error processing step for env 1: cannot reshape array of size 8 into shape (2,8)
Traceback (most recent call last):
  File "C:\Users\Hellx\Documents\Programming\python\Project\dgpo\scripts\train_rl.py", line 1072, in run
    self.replay_buffer.add(
  File "C:\Users\Hellx\Documents\Programming\python\Project\dgpo_project\venv\lib\site-packages\stable_baselines3\common\buffers.py", line 634, in add
    action = action.reshape((self.n_envs, self.action_dim))
ValueError: cannot reshape array of size 8 into shape (2,8)
[2025-10-25 12:15:20,926][__main__][ERROR] - Error processing step for env 0: cannot reshape array of size 8 into shape (2,8)
Traceback (most recent call last):
  File "C:\Users\Hellx\Documents\Programming\python\Project\dgpo\scripts\train_rl.py", line 1072, in run
    self.replay_buffer.add(
  File "C:\Users\Hellx\Documents\Programming\python\Project\dgpo_project\venv\lib\site-packages\stable_baselines3\common\buffers.py", line 634, in add
    action = action.reshape((self.n_envs, self.action_dim))
ValueError: cannot reshape array of size 8 into shape (2,8)
[2025-10-25 12:15:20,928][__main__][ERROR] - Error processing step for env 1: cannot reshape array of size 8 into shape (2,8)
Traceback (most recent call last):
  File "C:\Users\Hellx\Documents\Programming\python\Project\dgpo\scripts\train_rl.py", line 1072, in run
    self.replay_buffer.add(
  File "C:\Users\Hellx\Documents\Programming\python\Project\dgpo_project\venv\lib\site-packages\stable_baselines3\common\buffers.py", line 634, in add
    action = action.reshape((self.n_envs, self.action_dim))
ValueError: cannot reshape array of size 8 into shape (2,8)
[2025-10-25 12:15:21,505][__main__][ERROR] - Error processing step for env 0: cannot reshape array of size 8 into shape (2,8)
Traceback (most recent call last):
  File "C:\Users\Hellx\Documents\Programming\python\Project\dgpo\scripts\train_rl.py", line 1072, in run
    self.replay_buffer.add(
  File "C:\Users\Hellx\Documents\Programming\python\Project\dgpo_project\venv\lib\site-packages\stable_baselines3\common\buffers.py", line 634, in add
    action = action.reshape((self.n_envs, self.action_dim))
ValueError: cannot reshape array of size 8 into shape (2,8)
[2025-10-25 12:15:21,507][__main__][ERROR] - Error processing step for env 1: cannot reshape array of size 8 into shape (2,8)
Traceback (most recent call last):
  File "C:\Users\Hellx\Documents\Programming\python\Project\dgpo\scripts\train_rl.py", line 1072, in run
    self.replay_buffer.add(
  File "C:\Users\Hellx\Documents\Programming\python\Project\dgpo_project\venv\lib\site-packages\stable_baselines3\common\buffers.py", line 634, in add
    action = action.reshape((self.n_envs, self.action_dim))
ValueError: cannot reshape array of size 8 into shape (2,8)
[2025-10-25 12:15:22,098][__main__][ERROR] - Error processing step for env 0: cannot reshape array of size 8 into shape (2,8)
Traceback (most recent call last):
  File "C:\Users\Hellx\Documents\Programming\python\Project\dgpo\scripts\train_rl.py", line 1072, in run
    self.replay_buffer.add(
  File "C:\Users\Hellx\Documents\Programming\python\Project\dgpo_project\venv\lib\site-packages\stable_baselines3\common\buffers.py", line 634, in add
    action = action.reshape((self.n_envs, self.action_dim))
ValueError: cannot reshape array of size 8 into shape (2,8)
[2025-10-25 12:15:22,100][__main__][ERROR] - Error processing step for env 1: cannot reshape array of size 8 into shape (2,8)
Traceback (most recent call last):
  File "C:\Users\Hellx\Documents\Programming\python\Project\dgpo\scripts\train_rl.py", line 1072, in run
    self.replay_buffer.add(
  File "C:\Users\Hellx\Documents\Programming\python\Project\dgpo_project\venv\lib\site-packages\stable_baselines3\common\buffers.py", line 634, in add
    action = action.reshape((self.n_envs, self.action_dim))
ValueError: cannot reshape array of size 8 into shape (2,8)
[2025-10-25 12:15:22,684][__main__][ERROR] - Error processing step for env 0: cannot reshape array of size 8 into shape (2,8)
Traceback (most recent call last):
  File "C:\Users\Hellx\Documents\Programming\python\Project\dgpo\scripts\train_rl.py", line 1072, in run
    self.replay_buffer.add(
  File "C:\Users\Hellx\Documents\Programming\python\Project\dgpo_project\venv\lib\site-packages\stable_baselines3\common\buffers.py", line 634, in add
    action = action.reshape((self.n_envs, self.action_dim))
ValueError: cannot reshape array of size 8 into shape (2,8)
[2025-10-25 12:15:22,686][__main__][ERROR] - Error processing step for env 1: cannot reshape array of size 8 into shape (2,8)
Traceback (most recent call last):
  File "C:\Users\Hellx\Documents\Programming\python\Project\dgpo\scripts\train_rl.py", line 1072, in run
    self.replay_buffer.add(
  File "C:\Users\Hellx\Documents\Programming\python\Project\dgpo_project\venv\lib\site-packages\stable_baselines3\common\buffers.py", line 634, in add
    action = action.reshape((self.n_envs, self.action_dim))
ValueError: cannot reshape array of size 8 into shape (2,8)
[2025-10-25 12:15:23,265][__main__][ERROR] - Error processing step for env 0: cannot reshape array of size 8 into shape (2,8)
Traceback (most recent call last):
  File "C:\Users\Hellx\Documents\Programming\python\Project\dgpo\scripts\train_rl.py", line 1072, in run
    self.replay_buffer.add(
  File "C:\Users\Hellx\Documents\Programming\python\Project\dgpo_project\venv\lib\site-packages\stable_baselines3\common\buffers.py", line 634, in add
    action = action.reshape((self.n_envs, self.action_dim))
ValueError: cannot reshape array of size 8 into shape (2,8)
[2025-10-25 12:15:23,268][__main__][ERROR] - Error processing step for env 1: cannot reshape array of size 8 into shape (2,8)
Traceback (most recent call last):
  File "C:\Users\Hellx\Documents\Programming\python\Project\dgpo\scripts\train_rl.py", line 1072, in run
    self.replay_buffer.add(
  File "C:\Users\Hellx\Documents\Programming\python\Project\dgpo_project\venv\lib\site-packages\stable_baselines3\common\buffers.py", line 634, in add
    action = action.reshape((self.n_envs, self.action_dim))
ValueError: cannot reshape array of size 8 into shape (2,8)
[2025-10-25 12:15:23,857][__main__][ERROR] - Error processing step for env 0: cannot reshape array of size 8 into shape (2,8)
Traceback (most recent call last):
  File "C:\Users\Hellx\Documents\Programming\python\Project\dgpo\scripts\train_rl.py", line 1072, in run
    self.replay_buffer.add(
  File "C:\Users\Hellx\Documents\Programming\python\Project\dgpo_project\venv\lib\site-packages\stable_baselines3\common\buffers.py", line 634, in add
    action = action.reshape((self.n_envs, self.action_dim))
ValueError: cannot reshape array of size 8 into shape (2,8)
[2025-10-25 12:15:23,858][__main__][ERROR] - Error processing step for env 1: cannot reshape array of size 8 into shape (2,8)
Traceback (most recent call last):
  File "C:\Users\Hellx\Documents\Programming\python\Project\dgpo\scripts\train_rl.py", line 1072, in run
    self.replay_buffer.add(
  File "C:\Users\Hellx\Documents\Programming\python\Project\dgpo_project\venv\lib\site-packages\stable_baselines3\common\buffers.py", line 634, in add
    action = action.reshape((self.n_envs, self.action_dim))
ValueError: cannot reshape array of size 8 into shape (2,8)
[2025-10-25 12:15:24,438][__main__][ERROR] - Error processing step for env 0: cannot reshape array of size 8 into shape (2,8)
Traceback (most recent call last):
  File "C:\Users\Hellx\Documents\Programming\python\Project\dgpo\scripts\train_rl.py", line 1072, in run
    self.replay_buffer.add(
  File "C:\Users\Hellx\Documents\Programming\python\Project\dgpo_project\venv\lib\site-packages\stable_baselines3\common\buffers.py", line 634, in add
    action = action.reshape((self.n_envs, self.action_dim))
ValueError: cannot reshape array of size 8 into shape (2,8)
[2025-10-25 12:15:24,440][__main__][ERROR] - Error processing step for env 1: cannot reshape array of size 8 into shape (2,8)
Traceback (most recent call last):
  File "C:\Users\Hellx\Documents\Programming\python\Project\dgpo\scripts\train_rl.py", line 1072, in run
    self.replay_buffer.add(
  File "C:\Users\Hellx\Documents\Programming\python\Project\dgpo_project\venv\lib\site-packages\stable_baselines3\common\buffers.py", line 634, in add
    action = action.reshape((self.n_envs, self.action_dim))
ValueError: cannot reshape array of size 8 into shape (2,8)
[2025-10-25 12:15:25,024][__main__][ERROR] - Error processing step for env 0: cannot reshape array of size 8 into shape (2,8)
Traceback (most recent call last):
  File "C:\Users\Hellx\Documents\Programming\python\Project\dgpo\scripts\train_rl.py", line 1072, in run
    self.replay_buffer.add(
  File "C:\Users\Hellx\Documents\Programming\python\Project\dgpo_project\venv\lib\site-packages\stable_baselines3\common\buffers.py", line 634, in add
    action = action.reshape((self.n_envs, self.action_dim))
ValueError: cannot reshape array of size 8 into shape (2,8)
[2025-10-25 12:15:25,026][__main__][ERROR] - Error processing step for env 1: cannot reshape array of size 8 into shape (2,8)
Traceback (most recent call last):
  File "C:\Users\Hellx\Documents\Programming\python\Project\dgpo\scripts\train_rl.py", line 1072, in run
    self.replay_buffer.add(
  File "C:\Users\Hellx\Documents\Programming\python\Project\dgpo_project\venv\lib\site-packages\stable_baselines3\common\buffers.py", line 634, in add
    action = action.reshape((self.n_envs, self.action_dim))
ValueError: cannot reshape array of size 8 into shape (2,8)
[2025-10-25 12:15:25,614][__main__][ERROR] - Error processing step for env 0: cannot reshape array of size 8 into shape (2,8)
Traceback (most recent call last):
  File "C:\Users\Hellx\Documents\Programming\python\Project\dgpo\scripts\train_rl.py", line 1072, in run
    self.replay_buffer.add(
  File "C:\Users\Hellx\Documents\Programming\python\Project\dgpo_project\venv\lib\site-packages\stable_baselines3\common\buffers.py", line 634, in add
    action = action.reshape((self.n_envs, self.action_dim))
ValueError: cannot reshape array of size 8 into shape (2,8)
[2025-10-25 12:15:25,616][__main__][ERROR] - Error processing step for env 1: cannot reshape array of size 8 into shape (2,8)
Traceback (most recent call last):
  File "C:\Users\Hellx\Documents\Programming\python\Project\dgpo\scripts\train_rl.py", line 1072, in run
    self.replay_buffer.add(
  File "C:\Users\Hellx\Documents\Programming\python\Project\dgpo_project\venv\lib\site-packages\stable_baselines3\common\buffers.py", line 634, in add
    action = action.reshape((self.n_envs, self.action_dim))
ValueError: cannot reshape array of size 8 into shape (2,8)
[2025-10-25 12:15:26,206][__main__][ERROR] - Error processing step for env 0: cannot reshape array of size 8 into shape (2,8)
Traceback (most recent call last):
  File "C:\Users\Hellx\Documents\Programming\python\Project\dgpo\scripts\train_rl.py", line 1072, in run
    self.replay_buffer.add(
  File "C:\Users\Hellx\Documents\Programming\python\Project\dgpo_project\venv\lib\site-packages\stable_baselines3\common\buffers.py", line 634, in add
    action = action.reshape((self.n_envs, self.action_dim))
ValueError: cannot reshape array of size 8 into shape (2,8)
[2025-10-25 12:15:26,208][__main__][ERROR] - Error processing step for env 1: cannot reshape array of size 8 into shape (2,8)
Traceback (most recent call last):
  File "C:\Users\Hellx\Documents\Programming\python\Project\dgpo\scripts\train_rl.py", line 1072, in run
    self.replay_buffer.add(
  File "C:\Users\Hellx\Documents\Programming\python\Project\dgpo_project\venv\lib\site-packages\stable_baselines3\common\buffers.py", line 634, in add
    action = action.reshape((self.n_envs, self.action_dim))
ValueError: cannot reshape array of size 8 into shape (2,8)
[2025-10-25 12:15:26,787][__main__][ERROR] - Error processing step for env 0: cannot reshape array of size 8 into shape (2,8)
Traceback (most recent call last):
  File "C:\Users\Hellx\Documents\Programming\python\Project\dgpo\scripts\train_rl.py", line 1072, in run
    self.replay_buffer.add(
  File "C:\Users\Hellx\Documents\Programming\python\Project\dgpo_project\venv\lib\site-packages\stable_baselines3\common\buffers.py", line 634, in add
    action = action.reshape((self.n_envs, self.action_dim))
ValueError: cannot reshape array of size 8 into shape (2,8)
[2025-10-25 12:15:26,789][__main__][ERROR] - Error processing step for env 1: cannot reshape array of size 8 into shape (2,8)
Traceback (most recent call last):
  File "C:\Users\Hellx\Documents\Programming\python\Project\dgpo\scripts\train_rl.py", line 1072, in run
    self.replay_buffer.add(
  File "C:\Users\Hellx\Documents\Programming\python\Project\dgpo_project\venv\lib\site-packages\stable_baselines3\common\buffers.py", line 634, in add
    action = action.reshape((self.n_envs, self.action_dim))
ValueError: cannot reshape array of size 8 into shape (2,8)
[2025-10-25 12:15:27,381][__main__][ERROR] - Error processing step for env 0: cannot reshape array of size 8 into shape (2,8)
Traceback (most recent call last):
  File "C:\Users\Hellx\Documents\Programming\python\Project\dgpo\scripts\train_rl.py", line 1072, in run
    self.replay_buffer.add(
  File "C:\Users\Hellx\Documents\Programming\python\Project\dgpo_project\venv\lib\site-packages\stable_baselines3\common\buffers.py", line 634, in add
    action = action.reshape((self.n_envs, self.action_dim))
ValueError: cannot reshape array of size 8 into shape (2,8)
[2025-10-25 12:15:27,383][__main__][ERROR] - Error processing step for env 1: cannot reshape array of size 8 into shape (2,8)
Traceback (most recent call last):
  File "C:\Users\Hellx\Documents\Programming\python\Project\dgpo\scripts\train_rl.py", line 1072, in run
    self.replay_buffer.add(
  File "C:\Users\Hellx\Documents\Programming\python\Project\dgpo_project\venv\lib\site-packages\stable_baselines3\common\buffers.py", line 634, in add
    action = action.reshape((self.n_envs, self.action_dim))
ValueError: cannot reshape array of size 8 into shape (2,8)
[2025-10-25 12:15:27,979][__main__][ERROR] - Error processing step for env 0: cannot reshape array of size 8 into shape (2,8)
Traceback (most recent call last):
  File "C:\Users\Hellx\Documents\Programming\python\Project\dgpo\scripts\train_rl.py", line 1072, in run
    self.replay_buffer.add(
  File "C:\Users\Hellx\Documents\Programming\python\Project\dgpo_project\venv\lib\site-packages\stable_baselines3\common\buffers.py", line 634, in add
    action = action.reshape((self.n_envs, self.action_dim))
ValueError: cannot reshape array of size 8 into shape (2,8)
[2025-10-25 12:15:27,981][__main__][ERROR] - Error processing step for env 1: cannot reshape array of size 8 into shape (2,8)
Traceback (most recent call last):
  File "C:\Users\Hellx\Documents\Programming\python\Project\dgpo\scripts\train_rl.py", line 1072, in run
    self.replay_buffer.add(
  File "C:\Users\Hellx\Documents\Programming\python\Project\dgpo_project\venv\lib\site-packages\stable_baselines3\common\buffers.py", line 634, in add
    action = action.reshape((self.n_envs, self.action_dim))
ValueError: cannot reshape array of size 8 into shape (2,8)
[2025-10-25 12:15:28,565][__main__][ERROR] - Error processing step for env 0: cannot reshape array of size 8 into shape (2,8)
Traceback (most recent call last):
  File "C:\Users\Hellx\Documents\Programming\python\Project\dgpo\scripts\train_rl.py", line 1072, in run
    self.replay_buffer.add(
  File "C:\Users\Hellx\Documents\Programming\python\Project\dgpo_project\venv\lib\site-packages\stable_baselines3\common\buffers.py", line 634, in add
    action = action.reshape((self.n_envs, self.action_dim))
ValueError: cannot reshape array of size 8 into shape (2,8)
[2025-10-25 12:15:28,567][__main__][ERROR] - Error processing step for env 1: cannot reshape array of size 8 into shape (2,8)
Traceback (most recent call last):
  File "C:\Users\Hellx\Documents\Programming\python\Project\dgpo\scripts\train_rl.py", line 1072, in run
    self.replay_buffer.add(
  File "C:\Users\Hellx\Documents\Programming\python\Project\dgpo_project\venv\lib\site-packages\stable_baselines3\common\buffers.py", line 634, in add
    action = action.reshape((self.n_envs, self.action_dim))
ValueError: cannot reshape array of size 8 into shape (2,8)
[2025-10-25 12:15:29,153][__main__][ERROR] - Error processing step for env 0: cannot reshape array of size 8 into shape (2,8)
Traceback (most recent call last):
  File "C:\Users\Hellx\Documents\Programming\python\Project\dgpo\scripts\train_rl.py", line 1072, in run
    self.replay_buffer.add(
  File "C:\Users\Hellx\Documents\Programming\python\Project\dgpo_project\venv\lib\site-packages\stable_baselines3\common\buffers.py", line 634, in add
    action = action.reshape((self.n_envs, self.action_dim))
ValueError: cannot reshape array of size 8 into shape (2,8)
[2025-10-25 12:15:29,155][__main__][ERROR] - Error processing step for env 1: cannot reshape array of size 8 into shape (2,8)
Traceback (most recent call last):
  File "C:\Users\Hellx\Documents\Programming\python\Project\dgpo\scripts\train_rl.py", line 1072, in run
    self.replay_buffer.add(
  File "C:\Users\Hellx\Documents\Programming\python\Project\dgpo_project\venv\lib\site-packages\stable_baselines3\common\buffers.py", line 634, in add
    action = action.reshape((self.n_envs, self.action_dim))
ValueError: cannot reshape array of size 8 into shape (2,8)
[2025-10-25 12:15:29,747][__main__][ERROR] - Error processing step for env 0: cannot reshape array of size 8 into shape (2,8)
Traceback (most recent call last):
  File "C:\Users\Hellx\Documents\Programming\python\Project\dgpo\scripts\train_rl.py", line 1072, in run
    self.replay_buffer.add(
  File "C:\Users\Hellx\Documents\Programming\python\Project\dgpo_project\venv\lib\site-packages\stable_baselines3\common\buffers.py", line 634, in add
    action = action.reshape((self.n_envs, self.action_dim))
ValueError: cannot reshape array of size 8 into shape (2,8)
[2025-10-25 12:15:29,749][__main__][ERROR] - Error processing step for env 1: cannot reshape array of size 8 into shape (2,8)
Traceback (most recent call last):
  File "C:\Users\Hellx\Documents\Programming\python\Project\dgpo\scripts\train_rl.py", line 1072, in run
    self.replay_buffer.add(
  File "C:\Users\Hellx\Documents\Programming\python\Project\dgpo_project\venv\lib\site-packages\stable_baselines3\common\buffers.py", line 634, in add
    action = action.reshape((self.n_envs, self.action_dim))
ValueError: cannot reshape array of size 8 into shape (2,8)
[2025-10-25 12:15:30,339][__main__][ERROR] - Error processing step for env 0: cannot reshape array of size 8 into shape (2,8)
Traceback (most recent call last):
  File "C:\Users\Hellx\Documents\Programming\python\Project\dgpo\scripts\train_rl.py", line 1072, in run
    self.replay_buffer.add(
  File "C:\Users\Hellx\Documents\Programming\python\Project\dgpo_project\venv\lib\site-packages\stable_baselines3\common\buffers.py", line 634, in add
    action = action.reshape((self.n_envs, self.action_dim))
ValueError: cannot reshape array of size 8 into shape (2,8)
[2025-10-25 12:15:30,341][__main__][ERROR] - Error processing step for env 1: cannot reshape array of size 8 into shape (2,8)
Traceback (most recent call last):
  File "C:\Users\Hellx\Documents\Programming\python\Project\dgpo\scripts\train_rl.py", line 1072, in run
    self.replay_buffer.add(
  File "C:\Users\Hellx\Documents\Programming\python\Project\dgpo_project\venv\lib\site-packages\stable_baselines3\common\buffers.py", line 634, in add
    action = action.reshape((self.n_envs, self.action_dim))
ValueError: cannot reshape array of size 8 into shape (2,8)
[2025-10-25 12:15:30,922][__main__][ERROR] - Error processing step for env 0: cannot reshape array of size 8 into shape (2,8)
Traceback (most recent call last):
  File "C:\Users\Hellx\Documents\Programming\python\Project\dgpo\scripts\train_rl.py", line 1072, in run
    self.replay_buffer.add(
  File "C:\Users\Hellx\Documents\Programming\python\Project\dgpo_project\venv\lib\site-packages\stable_baselines3\common\buffers.py", line 634, in add
    action = action.reshape((self.n_envs, self.action_dim))
ValueError: cannot reshape array of size 8 into shape (2,8)
[2025-10-25 12:15:30,925][__main__][ERROR] - Error processing step for env 1: cannot reshape array of size 8 into shape (2,8)
Traceback (most recent call last):
  File "C:\Users\Hellx\Documents\Programming\python\Project\dgpo\scripts\train_rl.py", line 1072, in run
    self.replay_buffer.add(
  File "C:\Users\Hellx\Documents\Programming\python\Project\dgpo_project\venv\lib\site-packages\stable_baselines3\common\buffers.py", line 634, in add
    action = action.reshape((self.n_envs, self.action_dim))
ValueError: cannot reshape array of size 8 into shape (2,8)
[2025-10-25 12:15:31,505][__main__][ERROR] - Error processing step for env 0: cannot reshape array of size 8 into shape (2,8)
Traceback (most recent call last):
  File "C:\Users\Hellx\Documents\Programming\python\Project\dgpo\scripts\train_rl.py", line 1072, in run
    self.replay_buffer.add(
  File "C:\Users\Hellx\Documents\Programming\python\Project\dgpo_project\venv\lib\site-packages\stable_baselines3\common\buffers.py", line 634, in add
    action = action.reshape((self.n_envs, self.action_dim))
ValueError: cannot reshape array of size 8 into shape (2,8)
[2025-10-25 12:15:31,508][__main__][ERROR] - Error processing step for env 1: cannot reshape array of size 8 into shape (2,8)
Traceback (most recent call last):
  File "C:\Users\Hellx\Documents\Programming\python\Project\dgpo\scripts\train_rl.py", line 1072, in run
    self.replay_buffer.add(
  File "C:\Users\Hellx\Documents\Programming\python\Project\dgpo_project\venv\lib\site-packages\stable_baselines3\common\buffers.py", line 634, in add
    action = action.reshape((self.n_envs, self.action_dim))
ValueError: cannot reshape array of size 8 into shape (2,8)
[2025-10-25 12:15:32,094][__main__][ERROR] - Error processing step for env 0: cannot reshape array of size 8 into shape (2,8)
Traceback (most recent call last):
  File "C:\Users\Hellx\Documents\Programming\python\Project\dgpo\scripts\train_rl.py", line 1072, in run
    self.replay_buffer.add(
  File "C:\Users\Hellx\Documents\Programming\python\Project\dgpo_project\venv\lib\site-packages\stable_baselines3\common\buffers.py", line 634, in add
    action = action.reshape((self.n_envs, self.action_dim))
ValueError: cannot reshape array of size 8 into shape (2,8)
[2025-10-25 12:15:32,097][__main__][ERROR] - Error processing step for env 1: cannot reshape array of size 8 into shape (2,8)
Traceback (most recent call last):
  File "C:\Users\Hellx\Documents\Programming\python\Project\dgpo\scripts\train_rl.py", line 1072, in run
    self.replay_buffer.add(
  File "C:\Users\Hellx\Documents\Programming\python\Project\dgpo_project\venv\lib\site-packages\stable_baselines3\common\buffers.py", line 634, in add
    action = action.reshape((self.n_envs, self.action_dim))
ValueError: cannot reshape array of size 8 into shape (2,8)
[2025-10-25 12:15:32,685][__main__][ERROR] - Error processing step for env 0: cannot reshape array of size 8 into shape (2,8)
Traceback (most recent call last):
  File "C:\Users\Hellx\Documents\Programming\python\Project\dgpo\scripts\train_rl.py", line 1072, in run
    self.replay_buffer.add(
  File "C:\Users\Hellx\Documents\Programming\python\Project\dgpo_project\venv\lib\site-packages\stable_baselines3\common\buffers.py", line 634, in add
    action = action.reshape((self.n_envs, self.action_dim))
ValueError: cannot reshape array of size 8 into shape (2,8)
[2025-10-25 12:15:32,687][__main__][ERROR] - Error processing step for env 1: cannot reshape array of size 8 into shape (2,8)
Traceback (most recent call last):
  File "C:\Users\Hellx\Documents\Programming\python\Project\dgpo\scripts\train_rl.py", line 1072, in run
    self.replay_buffer.add(
  File "C:\Users\Hellx\Documents\Programming\python\Project\dgpo_project\venv\lib\site-packages\stable_baselines3\common\buffers.py", line 634, in add
    action = action.reshape((self.n_envs, self.action_dim))
ValueError: cannot reshape array of size 8 into shape (2,8)
[2025-10-25 12:15:33,274][__main__][ERROR] - Error processing step for env 0: cannot reshape array of size 8 into shape (2,8)
Traceback (most recent call last):
  File "C:\Users\Hellx\Documents\Programming\python\Project\dgpo\scripts\train_rl.py", line 1072, in run
    self.replay_buffer.add(
  File "C:\Users\Hellx\Documents\Programming\python\Project\dgpo_project\venv\lib\site-packages\stable_baselines3\common\buffers.py", line 634, in add
    action = action.reshape((self.n_envs, self.action_dim))
ValueError: cannot reshape array of size 8 into shape (2,8)
[2025-10-25 12:15:33,276][__main__][ERROR] - Error processing step for env 1: cannot reshape array of size 8 into shape (2,8)
Traceback (most recent call last):
  File "C:\Users\Hellx\Documents\Programming\python\Project\dgpo\scripts\train_rl.py", line 1072, in run
    self.replay_buffer.add(
  File "C:\Users\Hellx\Documents\Programming\python\Project\dgpo_project\venv\lib\site-packages\stable_baselines3\common\buffers.py", line 634, in add
    action = action.reshape((self.n_envs, self.action_dim))
ValueError: cannot reshape array of size 8 into shape (2,8)
[2025-10-25 12:15:33,860][__main__][ERROR] - Error processing step for env 0: cannot reshape array of size 8 into shape (2,8)
Traceback (most recent call last):
  File "C:\Users\Hellx\Documents\Programming\python\Project\dgpo\scripts\train_rl.py", line 1072, in run
    self.replay_buffer.add(
  File "C:\Users\Hellx\Documents\Programming\python\Project\dgpo_project\venv\lib\site-packages\stable_baselines3\common\buffers.py", line 634, in add
    action = action.reshape((self.n_envs, self.action_dim))
ValueError: cannot reshape array of size 8 into shape (2,8)
[2025-10-25 12:15:33,862][__main__][ERROR] - Error processing step for env 1: cannot reshape array of size 8 into shape (2,8)
Traceback (most recent call last):
  File "C:\Users\Hellx\Documents\Programming\python\Project\dgpo\scripts\train_rl.py", line 1072, in run
    self.replay_buffer.add(
  File "C:\Users\Hellx\Documents\Programming\python\Project\dgpo_project\venv\lib\site-packages\stable_baselines3\common\buffers.py", line 634, in add
    action = action.reshape((self.n_envs, self.action_dim))
ValueError: cannot reshape array of size 8 into shape (2,8)
[2025-10-25 12:15:34,446][__main__][ERROR] - Error processing step for env 0: cannot reshape array of size 8 into shape (2,8)
Traceback (most recent call last):
  File "C:\Users\Hellx\Documents\Programming\python\Project\dgpo\scripts\train_rl.py", line 1072, in run
    self.replay_buffer.add(
  File "C:\Users\Hellx\Documents\Programming\python\Project\dgpo_project\venv\lib\site-packages\stable_baselines3\common\buffers.py", line 634, in add
    action = action.reshape((self.n_envs, self.action_dim))
ValueError: cannot reshape array of size 8 into shape (2,8)
[2025-10-25 12:15:34,448][__main__][ERROR] - Error processing step for env 1: cannot reshape array of size 8 into shape (2,8)
Traceback (most recent call last):
  File "C:\Users\Hellx\Documents\Programming\python\Project\dgpo\scripts\train_rl.py", line 1072, in run
    self.replay_buffer.add(
  File "C:\Users\Hellx\Documents\Programming\python\Project\dgpo_project\venv\lib\site-packages\stable_baselines3\common\buffers.py", line 634, in add
    action = action.reshape((self.n_envs, self.action_dim))
ValueError: cannot reshape array of size 8 into shape (2,8)
[2025-10-25 12:15:35,035][__main__][ERROR] - Error processing step for env 0: cannot reshape array of size 8 into shape (2,8)
Traceback (most recent call last):
  File "C:\Users\Hellx\Documents\Programming\python\Project\dgpo\scripts\train_rl.py", line 1072, in run
    self.replay_buffer.add(
  File "C:\Users\Hellx\Documents\Programming\python\Project\dgpo_project\venv\lib\site-packages\stable_baselines3\common\buffers.py", line 634, in add
    action = action.reshape((self.n_envs, self.action_dim))
ValueError: cannot reshape array of size 8 into shape (2,8)
[2025-10-25 12:15:35,037][__main__][ERROR] - Error processing step for env 1: cannot reshape array of size 8 into shape (2,8)
Traceback (most recent call last):
  File "C:\Users\Hellx\Documents\Programming\python\Project\dgpo\scripts\train_rl.py", line 1072, in run
    self.replay_buffer.add(
  File "C:\Users\Hellx\Documents\Programming\python\Project\dgpo_project\venv\lib\site-packages\stable_baselines3\common\buffers.py", line 634, in add
    action = action.reshape((self.n_envs, self.action_dim))
ValueError: cannot reshape array of size 8 into shape (2,8)
[2025-10-25 12:15:35,620][__main__][ERROR] - Error processing step for env 0: cannot reshape array of size 8 into shape (2,8)
Traceback (most recent call last):
  File "C:\Users\Hellx\Documents\Programming\python\Project\dgpo\scripts\train_rl.py", line 1072, in run
    self.replay_buffer.add(
  File "C:\Users\Hellx\Documents\Programming\python\Project\dgpo_project\venv\lib\site-packages\stable_baselines3\common\buffers.py", line 634, in add
    action = action.reshape((self.n_envs, self.action_dim))
ValueError: cannot reshape array of size 8 into shape (2,8)
[2025-10-25 12:15:35,622][__main__][ERROR] - Error processing step for env 1: cannot reshape array of size 8 into shape (2,8)
Traceback (most recent call last):
  File "C:\Users\Hellx\Documents\Programming\python\Project\dgpo\scripts\train_rl.py", line 1072, in run
    self.replay_buffer.add(
  File "C:\Users\Hellx\Documents\Programming\python\Project\dgpo_project\venv\lib\site-packages\stable_baselines3\common\buffers.py", line 634, in add
    action = action.reshape((self.n_envs, self.action_dim))
ValueError: cannot reshape array of size 8 into shape (2,8)
[2025-10-25 12:15:36,211][__main__][ERROR] - Error processing step for env 0: cannot reshape array of size 8 into shape (2,8)
Traceback (most recent call last):
  File "C:\Users\Hellx\Documents\Programming\python\Project\dgpo\scripts\train_rl.py", line 1072, in run
    self.replay_buffer.add(
  File "C:\Users\Hellx\Documents\Programming\python\Project\dgpo_project\venv\lib\site-packages\stable_baselines3\common\buffers.py", line 634, in add
    action = action.reshape((self.n_envs, self.action_dim))
ValueError: cannot reshape array of size 8 into shape (2,8)
[2025-10-25 12:15:36,212][__main__][ERROR] - Error processing step for env 1: cannot reshape array of size 8 into shape (2,8)
Traceback (most recent call last):
  File "C:\Users\Hellx\Documents\Programming\python\Project\dgpo\scripts\train_rl.py", line 1072, in run
    self.replay_buffer.add(
  File "C:\Users\Hellx\Documents\Programming\python\Project\dgpo_project\venv\lib\site-packages\stable_baselines3\common\buffers.py", line 634, in add
    action = action.reshape((self.n_envs, self.action_dim))
ValueError: cannot reshape array of size 8 into shape (2,8)
[2025-10-25 12:15:36,799][__main__][ERROR] - Error processing step for env 0: cannot reshape array of size 8 into shape (2,8)
Traceback (most recent call last):
  File "C:\Users\Hellx\Documents\Programming\python\Project\dgpo\scripts\train_rl.py", line 1072, in run
    self.replay_buffer.add(
  File "C:\Users\Hellx\Documents\Programming\python\Project\dgpo_project\venv\lib\site-packages\stable_baselines3\common\buffers.py", line 634, in add
    action = action.reshape((self.n_envs, self.action_dim))
ValueError: cannot reshape array of size 8 into shape (2,8)
[2025-10-25 12:15:36,801][__main__][ERROR] - Error processing step for env 1: cannot reshape array of size 8 into shape (2,8)
Traceback (most recent call last):
  File "C:\Users\Hellx\Documents\Programming\python\Project\dgpo\scripts\train_rl.py", line 1072, in run
    self.replay_buffer.add(
  File "C:\Users\Hellx\Documents\Programming\python\Project\dgpo_project\venv\lib\site-packages\stable_baselines3\common\buffers.py", line 634, in add
    action = action.reshape((self.n_envs, self.action_dim))
ValueError: cannot reshape array of size 8 into shape (2,8)
[2025-10-25 12:15:37,387][__main__][ERROR] - Error processing step for env 0: cannot reshape array of size 8 into shape (2,8)
Traceback (most recent call last):
  File "C:\Users\Hellx\Documents\Programming\python\Project\dgpo\scripts\train_rl.py", line 1072, in run
    self.replay_buffer.add(
  File "C:\Users\Hellx\Documents\Programming\python\Project\dgpo_project\venv\lib\site-packages\stable_baselines3\common\buffers.py", line 634, in add
    action = action.reshape((self.n_envs, self.action_dim))
ValueError: cannot reshape array of size 8 into shape (2,8)
[2025-10-25 12:15:37,388][__main__][ERROR] - Error processing step for env 1: cannot reshape array of size 8 into shape (2,8)
Traceback (most recent call last):
  File "C:\Users\Hellx\Documents\Programming\python\Project\dgpo\scripts\train_rl.py", line 1072, in run
    self.replay_buffer.add(
  File "C:\Users\Hellx\Documents\Programming\python\Project\dgpo_project\venv\lib\site-packages\stable_baselines3\common\buffers.py", line 634, in add
    action = action.reshape((self.n_envs, self.action_dim))
ValueError: cannot reshape array of size 8 into shape (2,8)
[2025-10-25 12:15:37,977][__main__][ERROR] - Error processing step for env 0: cannot reshape array of size 8 into shape (2,8)
Traceback (most recent call last):
  File "C:\Users\Hellx\Documents\Programming\python\Project\dgpo\scripts\train_rl.py", line 1072, in run
    self.replay_buffer.add(
  File "C:\Users\Hellx\Documents\Programming\python\Project\dgpo_project\venv\lib\site-packages\stable_baselines3\common\buffers.py", line 634, in add
    action = action.reshape((self.n_envs, self.action_dim))
ValueError: cannot reshape array of size 8 into shape (2,8)
[2025-10-25 12:15:37,979][__main__][ERROR] - Error processing step for env 1: cannot reshape array of size 8 into shape (2,8)
Traceback (most recent call last):
  File "C:\Users\Hellx\Documents\Programming\python\Project\dgpo\scripts\train_rl.py", line 1072, in run
    self.replay_buffer.add(
  File "C:\Users\Hellx\Documents\Programming\python\Project\dgpo_project\venv\lib\site-packages\stable_baselines3\common\buffers.py", line 634, in add
    action = action.reshape((self.n_envs, self.action_dim))
ValueError: cannot reshape array of size 8 into shape (2,8)
[2025-10-25 12:15:38,564][__main__][ERROR] - Error processing step for env 0: cannot reshape array of size 8 into shape (2,8)
Traceback (most recent call last):
  File "C:\Users\Hellx\Documents\Programming\python\Project\dgpo\scripts\train_rl.py", line 1072, in run
    self.replay_buffer.add(
  File "C:\Users\Hellx\Documents\Programming\python\Project\dgpo_project\venv\lib\site-packages\stable_baselines3\common\buffers.py", line 634, in add
    action = action.reshape((self.n_envs, self.action_dim))
ValueError: cannot reshape array of size 8 into shape (2,8)
[2025-10-25 12:15:38,567][__main__][ERROR] - Error processing step for env 1: cannot reshape array of size 8 into shape (2,8)
Traceback (most recent call last):
  File "C:\Users\Hellx\Documents\Programming\python\Project\dgpo\scripts\train_rl.py", line 1072, in run
    self.replay_buffer.add(
  File "C:\Users\Hellx\Documents\Programming\python\Project\dgpo_project\venv\lib\site-packages\stable_baselines3\common\buffers.py", line 634, in add
    action = action.reshape((self.n_envs, self.action_dim))
ValueError: cannot reshape array of size 8 into shape (2,8)
[2025-10-25 12:15:39,158][__main__][ERROR] - Error processing step for env 0: cannot reshape array of size 8 into shape (2,8)
Traceback (most recent call last):
  File "C:\Users\Hellx\Documents\Programming\python\Project\dgpo\scripts\train_rl.py", line 1072, in run
    self.replay_buffer.add(
  File "C:\Users\Hellx\Documents\Programming\python\Project\dgpo_project\venv\lib\site-packages\stable_baselines3\common\buffers.py", line 634, in add
    action = action.reshape((self.n_envs, self.action_dim))
ValueError: cannot reshape array of size 8 into shape (2,8)
[2025-10-25 12:15:39,160][__main__][ERROR] - Error processing step for env 1: cannot reshape array of size 8 into shape (2,8)
Traceback (most recent call last):
  File "C:\Users\Hellx\Documents\Programming\python\Project\dgpo\scripts\train_rl.py", line 1072, in run
    self.replay_buffer.add(
  File "C:\Users\Hellx\Documents\Programming\python\Project\dgpo_project\venv\lib\site-packages\stable_baselines3\common\buffers.py", line 634, in add
    action = action.reshape((self.n_envs, self.action_dim))
ValueError: cannot reshape array of size 8 into shape (2,8)
[2025-10-25 12:15:39,746][__main__][ERROR] - Error processing step for env 0: cannot reshape array of size 8 into shape (2,8)
Traceback (most recent call last):
  File "C:\Users\Hellx\Documents\Programming\python\Project\dgpo\scripts\train_rl.py", line 1072, in run
    self.replay_buffer.add(
  File "C:\Users\Hellx\Documents\Programming\python\Project\dgpo_project\venv\lib\site-packages\stable_baselines3\common\buffers.py", line 634, in add
    action = action.reshape((self.n_envs, self.action_dim))
ValueError: cannot reshape array of size 8 into shape (2,8)
[2025-10-25 12:15:39,748][__main__][ERROR] - Error processing step for env 1: cannot reshape array of size 8 into shape (2,8)
Traceback (most recent call last):
  File "C:\Users\Hellx\Documents\Programming\python\Project\dgpo\scripts\train_rl.py", line 1072, in run
    self.replay_buffer.add(
  File "C:\Users\Hellx\Documents\Programming\python\Project\dgpo_project\venv\lib\site-packages\stable_baselines3\common\buffers.py", line 634, in add
    action = action.reshape((self.n_envs, self.action_dim))
ValueError: cannot reshape array of size 8 into shape (2,8)
[2025-10-25 12:15:40,339][__main__][ERROR] - Error processing step for env 0: cannot reshape array of size 8 into shape (2,8)
Traceback (most recent call last):
  File "C:\Users\Hellx\Documents\Programming\python\Project\dgpo\scripts\train_rl.py", line 1072, in run
    self.replay_buffer.add(
  File "C:\Users\Hellx\Documents\Programming\python\Project\dgpo_project\venv\lib\site-packages\stable_baselines3\common\buffers.py", line 634, in add
    action = action.reshape((self.n_envs, self.action_dim))
ValueError: cannot reshape array of size 8 into shape (2,8)
[2025-10-25 12:15:40,342][__main__][ERROR] - Error processing step for env 1: cannot reshape array of size 8 into shape (2,8)
Traceback (most recent call last):
  File "C:\Users\Hellx\Documents\Programming\python\Project\dgpo\scripts\train_rl.py", line 1072, in run
    self.replay_buffer.add(
  File "C:\Users\Hellx\Documents\Programming\python\Project\dgpo_project\venv\lib\site-packages\stable_baselines3\common\buffers.py", line 634, in add
    action = action.reshape((self.n_envs, self.action_dim))
ValueError: cannot reshape array of size 8 into shape (2,8)
[2025-10-25 12:15:40,929][__main__][ERROR] - Error processing step for env 0: cannot reshape array of size 8 into shape (2,8)
Traceback (most recent call last):
  File "C:\Users\Hellx\Documents\Programming\python\Project\dgpo\scripts\train_rl.py", line 1072, in run
    self.replay_buffer.add(
  File "C:\Users\Hellx\Documents\Programming\python\Project\dgpo_project\venv\lib\site-packages\stable_baselines3\common\buffers.py", line 634, in add
    action = action.reshape((self.n_envs, self.action_dim))
ValueError: cannot reshape array of size 8 into shape (2,8)
[2025-10-25 12:15:40,931][__main__][ERROR] - Error processing step for env 1: cannot reshape array of size 8 into shape (2,8)
Traceback (most recent call last):
  File "C:\Users\Hellx\Documents\Programming\python\Project\dgpo\scripts\train_rl.py", line 1072, in run
    self.replay_buffer.add(
  File "C:\Users\Hellx\Documents\Programming\python\Project\dgpo_project\venv\lib\site-packages\stable_baselines3\common\buffers.py", line 634, in add
    action = action.reshape((self.n_envs, self.action_dim))
ValueError: cannot reshape array of size 8 into shape (2,8)
[2025-10-25 12:15:41,520][__main__][ERROR] - Error processing step for env 0: cannot reshape array of size 8 into shape (2,8)
Traceback (most recent call last):
  File "C:\Users\Hellx\Documents\Programming\python\Project\dgpo\scripts\train_rl.py", line 1072, in run
    self.replay_buffer.add(
  File "C:\Users\Hellx\Documents\Programming\python\Project\dgpo_project\venv\lib\site-packages\stable_baselines3\common\buffers.py", line 634, in add
    action = action.reshape((self.n_envs, self.action_dim))
ValueError: cannot reshape array of size 8 into shape (2,8)
[2025-10-25 12:15:41,522][__main__][ERROR] - Error processing step for env 1: cannot reshape array of size 8 into shape (2,8)
Traceback (most recent call last):
  File "C:\Users\Hellx\Documents\Programming\python\Project\dgpo\scripts\train_rl.py", line 1072, in run
    self.replay_buffer.add(
  File "C:\Users\Hellx\Documents\Programming\python\Project\dgpo_project\venv\lib\site-packages\stable_baselines3\common\buffers.py", line 634, in add
    action = action.reshape((self.n_envs, self.action_dim))
ValueError: cannot reshape array of size 8 into shape (2,8)
[2025-10-25 12:15:42,113][__main__][ERROR] - Error processing step for env 0: cannot reshape array of size 8 into shape (2,8)
Traceback (most recent call last):
  File "C:\Users\Hellx\Documents\Programming\python\Project\dgpo\scripts\train_rl.py", line 1072, in run
    self.replay_buffer.add(
  File "C:\Users\Hellx\Documents\Programming\python\Project\dgpo_project\venv\lib\site-packages\stable_baselines3\common\buffers.py", line 634, in add
    action = action.reshape((self.n_envs, self.action_dim))
ValueError: cannot reshape array of size 8 into shape (2,8)
[2025-10-25 12:15:42,115][__main__][ERROR] - Error processing step for env 1: cannot reshape array of size 8 into shape (2,8)
Traceback (most recent call last):
  File "C:\Users\Hellx\Documents\Programming\python\Project\dgpo\scripts\train_rl.py", line 1072, in run
    self.replay_buffer.add(
  File "C:\Users\Hellx\Documents\Programming\python\Project\dgpo_project\venv\lib\site-packages\stable_baselines3\common\buffers.py", line 634, in add
    action = action.reshape((self.n_envs, self.action_dim))
ValueError: cannot reshape array of size 8 into shape (2,8)
[2025-10-25 12:15:42,700][__main__][ERROR] - Error processing step for env 0: cannot reshape array of size 8 into shape (2,8)
Traceback (most recent call last):
  File "C:\Users\Hellx\Documents\Programming\python\Project\dgpo\scripts\train_rl.py", line 1072, in run
    self.replay_buffer.add(
  File "C:\Users\Hellx\Documents\Programming\python\Project\dgpo_project\venv\lib\site-packages\stable_baselines3\common\buffers.py", line 634, in add
    action = action.reshape((self.n_envs, self.action_dim))
ValueError: cannot reshape array of size 8 into shape (2,8)
[2025-10-25 12:15:42,702][__main__][ERROR] - Error processing step for env 1: cannot reshape array of size 8 into shape (2,8)
Traceback (most recent call last):
  File "C:\Users\Hellx\Documents\Programming\python\Project\dgpo\scripts\train_rl.py", line 1072, in run
    self.replay_buffer.add(
  File "C:\Users\Hellx\Documents\Programming\python\Project\dgpo_project\venv\lib\site-packages\stable_baselines3\common\buffers.py", line 634, in add
    action = action.reshape((self.n_envs, self.action_dim))
ValueError: cannot reshape array of size 8 into shape (2,8)
[2025-10-25 12:15:43,287][__main__][ERROR] - Error processing step for env 0: cannot reshape array of size 8 into shape (2,8)
Traceback (most recent call last):
  File "C:\Users\Hellx\Documents\Programming\python\Project\dgpo\scripts\train_rl.py", line 1072, in run
    self.replay_buffer.add(
  File "C:\Users\Hellx\Documents\Programming\python\Project\dgpo_project\venv\lib\site-packages\stable_baselines3\common\buffers.py", line 634, in add
    action = action.reshape((self.n_envs, self.action_dim))
ValueError: cannot reshape array of size 8 into shape (2,8)
[2025-10-25 12:15:43,289][__main__][ERROR] - Error processing step for env 1: cannot reshape array of size 8 into shape (2,8)
Traceback (most recent call last):
  File "C:\Users\Hellx\Documents\Programming\python\Project\dgpo\scripts\train_rl.py", line 1072, in run
    self.replay_buffer.add(
  File "C:\Users\Hellx\Documents\Programming\python\Project\dgpo_project\venv\lib\site-packages\stable_baselines3\common\buffers.py", line 634, in add
    action = action.reshape((self.n_envs, self.action_dim))
ValueError: cannot reshape array of size 8 into shape (2,8)
[2025-10-25 12:15:43,873][__main__][ERROR] - Error processing step for env 0: cannot reshape array of size 8 into shape (2,8)
Traceback (most recent call last):
  File "C:\Users\Hellx\Documents\Programming\python\Project\dgpo\scripts\train_rl.py", line 1072, in run
    self.replay_buffer.add(
  File "C:\Users\Hellx\Documents\Programming\python\Project\dgpo_project\venv\lib\site-packages\stable_baselines3\common\buffers.py", line 634, in add
    action = action.reshape((self.n_envs, self.action_dim))
ValueError: cannot reshape array of size 8 into shape (2,8)
[2025-10-25 12:15:43,876][__main__][ERROR] - Error processing step for env 1: cannot reshape array of size 8 into shape (2,8)
Traceback (most recent call last):
  File "C:\Users\Hellx\Documents\Programming\python\Project\dgpo\scripts\train_rl.py", line 1072, in run
    self.replay_buffer.add(
  File "C:\Users\Hellx\Documents\Programming\python\Project\dgpo_project\venv\lib\site-packages\stable_baselines3\common\buffers.py", line 634, in add
    action = action.reshape((self.n_envs, self.action_dim))
ValueError: cannot reshape array of size 8 into shape (2,8)
[2025-10-25 12:15:44,469][__main__][ERROR] - Error processing step for env 0: cannot reshape array of size 8 into shape (2,8)
Traceback (most recent call last):
  File "C:\Users\Hellx\Documents\Programming\python\Project\dgpo\scripts\train_rl.py", line 1072, in run
    self.replay_buffer.add(
  File "C:\Users\Hellx\Documents\Programming\python\Project\dgpo_project\venv\lib\site-packages\stable_baselines3\common\buffers.py", line 634, in add
    action = action.reshape((self.n_envs, self.action_dim))
ValueError: cannot reshape array of size 8 into shape (2,8)
[2025-10-25 12:15:44,471][__main__][ERROR] - Error processing step for env 1: cannot reshape array of size 8 into shape (2,8)
Traceback (most recent call last):
  File "C:\Users\Hellx\Documents\Programming\python\Project\dgpo\scripts\train_rl.py", line 1072, in run
    self.replay_buffer.add(
  File "C:\Users\Hellx\Documents\Programming\python\Project\dgpo_project\venv\lib\site-packages\stable_baselines3\common\buffers.py", line 634, in add
    action = action.reshape((self.n_envs, self.action_dim))
ValueError: cannot reshape array of size 8 into shape (2,8)
