[2025-11-04 20:05:56,652][train_vip_c][INFO] - ================================================================================
[2025-11-04 20:05:56,653][train_vip_c][INFO] - Initializing ViP-C Training Pipeline
[2025-11-04 20:05:56,653][train_vip_c][INFO] - ================================================================================
[2025-11-04 20:05:56,658][train_vip_c][INFO] - Full configuration:
seed: 42
project_name: vip_c_training
model:
  planner_cfg:
    vision_backbone_model: google/siglip-base-patch16-224
    num_task_phases: 5
    fusion_transformer_layers: 4
    fusion_transformer_heads: 12
    implicit_subgoal_dim: 128
  controller_cfg:
    action_dim: 8
    proprio_dim: 22
    action_horizon: 8
    obs_horizon: 2
    controller_hidden_dim: 512
    resnet_feature_dim: 256
    denoiser_layers: 6
    denoiser_heads: 8
    implicit_subgoal_dim: 128
scheduler:
  timesteps: 100
  beta_schedule: squaredcos_cap_v2
  beta_start: 0.0001
  beta_end: 0.02
dataset:
  train_path: C:/Users/Hellx/Documents/Programming/python/Project/redhot/data/validation/validation_dataset.lmdb
  val_path: C:/Users/Hellx/Documents/Programming/python/Project/redhot/data/validation/validation_dataset.lmdb
  num_workers: 2
resilience:
  use_per_epoch_backup: true
  backup_dir: /content/drive/MyDrive/pda/models/v1
  backup_every_n_epochs: 8
training:
  batch_size: 32
  val_batch_size: 32
  ema_decay: 0.999
  loss_weights:
    planner: 1.0
    controller: 0.5
  checkpoint_monitor: val/loss_planner_raw
  save_top_k: 3
  resume_from_checkpoint: null
  use_swa: false
  swa_lrs: 1.0e-05
validation:
  run_qualitative_every_n_epoch: 30
optimizer:
  lr: 0.0001
  weight_decay: 1.0e-06
  warmup_percentage: 0.05
trainer:
  accelerator: cpu
  devices: 1
  max_epochs: 1000
  precision: 16-mixed
  check_val_every_n_epoch: 130
  accumulate_grad_batches: 2
  gradient_clip_val: 1.0
logging:
  use_wandb: true
  wandb_project: ${project_name}
  wandb_run_name: null
  wandb_mode: offline
  log_grad_freq: 500
  progress_bar_refresh_rate: 10

[2025-11-04 20:05:56,663][train_vip_c][INFO] - W&B mode set to: 'offline'
[2025-11-04 20:05:56,669][models.vip_c][INFO] - Initializing the ViPC Orchestrator...
[2025-11-04 20:05:56,670][models.vip_c][INFO] - Initializing Planner with backbone: google/siglip-base-patch16-224
[2025-11-04 20:05:57,640][models.vip_c][INFO] - Initializing Controller with hidden_dim: 512
[2025-11-04 20:05:58,345][models.vip_c][INFO] - ViPC Orchestrator initialized successfully.
[2025-11-04 20:05:58,667][train_vip_c][INFO] - ViPCLightningModule initialized successfully.
[2025-11-04 20:05:58,673][train_vip_c][INFO] - TensorBoard logs will be saved to: C:\Users\Hellx\Documents\Programming\python\Project\redhot\outputs\2025-11-04\20-05-56/tb_logs
[2025-11-04 20:05:59,510][train_vip_c][INFO] - W&B logging enabled for project 'vip_c_training'.
[2025-11-04 20:05:59,511][train_vip_c][INFO] - ModelCheckpoint enabled. Monitoring 'val/loss_planner_raw'.
[2025-11-04 20:05:59,539][train_vip_c][INFO] - Starting trainer.fit()...
[2025-11-04 20:05:59,550][train_vip_c][INFO] - Setting up ViPCDataModule for stage: fit
[2025-11-04 20:05:59,551][train_vip_c][INFO] - Fresh run detected. Computing normalization stats...
[2025-11-04 20:05:59,551][utils.vip_c_dataset][INFO] - Initializing ViPCDataset (SOTA Orchestrator) with H_o=2, H_a=8
[2025-11-04 20:05:59,552][utils.expert_dataset][INFO] - Loading index from C:\Users\Hellx\Documents\Programming\python\Project\redhot\data\validation\validation_dataset_index.json...
[2025-11-04 20:05:59,553][utils.expert_dataset][INFO] - Loaded 10 episodes, 2580 total valid chunks (Virtually Indexed).
[2025-11-04 20:05:59,566][lmdb_utils][INFO] -  Opened LMDB at C:\Users\Hellx\Documents\Programming\python\Project\redhot\data\validation\validation_dataset.lmdb | mode=RO | file-mode
[2025-11-04 20:05:59,893][utils.vip_c_dataset][ERROR] - Error loading data for sample index 0 (ep: 0, t: 1). Error: "Modality 'goal_image_primary' not found in the index for episode 0. Please ensure the dataset was enhanced correctly."
[2025-11-04 20:05:59,894][utils.vip_c_dataset][ERROR] - Error loading data for sample index 1 (ep: 0, t: 2). Error: "Modality 'goal_image_primary' not found in the index for episode 0. Please ensure the dataset was enhanced correctly."
[2025-11-04 20:05:59,894][utils.vip_c_dataset][ERROR] - Error loading data for sample index 2 (ep: 0, t: 3). Error: "Modality 'goal_image_primary' not found in the index for episode 0. Please ensure the dataset was enhanced correctly."
[2025-11-04 20:05:59,895][utils.vip_c_dataset][ERROR] - Error loading data for sample index 3 (ep: 0, t: 4). Error: "Modality 'goal_image_primary' not found in the index for episode 0. Please ensure the dataset was enhanced correctly."
[2025-11-04 20:05:59,896][utils.vip_c_dataset][ERROR] - Error loading data for sample index 4 (ep: 0, t: 5). Error: "Modality 'goal_image_primary' not found in the index for episode 0. Please ensure the dataset was enhanced correctly."
[2025-11-04 20:05:59,897][utils.vip_c_dataset][ERROR] - Error loading data for sample index 5 (ep: 0, t: 6). Error: "Modality 'goal_image_primary' not found in the index for episode 0. Please ensure the dataset was enhanced correctly."
[2025-11-04 20:05:59,897][utils.vip_c_dataset][ERROR] - Error loading data for sample index 6 (ep: 0, t: 7). Error: "Modality 'goal_image_primary' not found in the index for episode 0. Please ensure the dataset was enhanced correctly."
[2025-11-04 20:05:59,898][utils.vip_c_dataset][ERROR] - Error loading data for sample index 7 (ep: 0, t: 8). Error: "Modality 'goal_image_primary' not found in the index for episode 0. Please ensure the dataset was enhanced correctly."
[2025-11-04 20:05:59,898][utils.vip_c_dataset][ERROR] - Error loading data for sample index 8 (ep: 0, t: 9). Error: "Modality 'goal_image_primary' not found in the index for episode 0. Please ensure the dataset was enhanced correctly."
[2025-11-04 20:05:59,899][utils.vip_c_dataset][ERROR] - Error loading data for sample index 9 (ep: 0, t: 10). Error: "Modality 'goal_image_primary' not found in the index for episode 0. Please ensure the dataset was enhanced correctly."
[2025-11-04 20:05:59,899][utils.vip_c_dataset][ERROR] - Error loading data for sample index 10 (ep: 0, t: 11). Error: "Modality 'goal_image_primary' not found in the index for episode 0. Please ensure the dataset was enhanced correctly."
[2025-11-04 20:05:59,900][utils.vip_c_dataset][ERROR] - Error loading data for sample index 11 (ep: 0, t: 12). Error: "Modality 'goal_image_primary' not found in the index for episode 0. Please ensure the dataset was enhanced correctly."
[2025-11-04 20:05:59,901][utils.vip_c_dataset][ERROR] - Error loading data for sample index 12 (ep: 0, t: 13). Error: "Modality 'goal_image_primary' not found in the index for episode 0. Please ensure the dataset was enhanced correctly."
[2025-11-04 20:05:59,901][utils.vip_c_dataset][ERROR] - Error loading data for sample index 13 (ep: 0, t: 14). Error: "Modality 'goal_image_primary' not found in the index for episode 0. Please ensure the dataset was enhanced correctly."
[2025-11-04 20:05:59,902][utils.vip_c_dataset][ERROR] - Error loading data for sample index 14 (ep: 0, t: 15). Error: "Modality 'goal_image_primary' not found in the index for episode 0. Please ensure the dataset was enhanced correctly."
[2025-11-04 20:05:59,902][utils.vip_c_dataset][ERROR] - Error loading data for sample index 15 (ep: 0, t: 16). Error: "Modality 'goal_image_primary' not found in the index for episode 0. Please ensure the dataset was enhanced correctly."
[2025-11-04 20:05:59,903][utils.vip_c_dataset][ERROR] - Error loading data for sample index 16 (ep: 0, t: 17). Error: "Modality 'goal_image_primary' not found in the index for episode 0. Please ensure the dataset was enhanced correctly."
[2025-11-04 20:05:59,903][utils.vip_c_dataset][ERROR] - Error loading data for sample index 17 (ep: 0, t: 18). Error: "Modality 'goal_image_primary' not found in the index for episode 0. Please ensure the dataset was enhanced correctly."
[2025-11-04 20:05:59,904][utils.vip_c_dataset][ERROR] - Error loading data for sample index 18 (ep: 0, t: 19). Error: "Modality 'goal_image_primary' not found in the index for episode 0. Please ensure the dataset was enhanced correctly."
[2025-11-04 20:05:59,905][utils.vip_c_dataset][ERROR] - Error loading data for sample index 19 (ep: 0, t: 20). Error: "Modality 'goal_image_primary' not found in the index for episode 0. Please ensure the dataset was enhanced correctly."
[2025-11-04 20:05:59,906][utils.vip_c_dataset][ERROR] - Error loading data for sample index 20 (ep: 0, t: 21). Error: "Modality 'goal_image_primary' not found in the index for episode 0. Please ensure the dataset was enhanced correctly."
[2025-11-04 20:05:59,906][utils.vip_c_dataset][ERROR] - Error loading data for sample index 21 (ep: 0, t: 22). Error: "Modality 'goal_image_primary' not found in the index for episode 0. Please ensure the dataset was enhanced correctly."
[2025-11-04 20:05:59,907][utils.vip_c_dataset][ERROR] - Error loading data for sample index 22 (ep: 0, t: 23). Error: "Modality 'goal_image_primary' not found in the index for episode 0. Please ensure the dataset was enhanced correctly."
[2025-11-04 20:05:59,907][utils.vip_c_dataset][ERROR] - Error loading data for sample index 23 (ep: 0, t: 24). Error: "Modality 'goal_image_primary' not found in the index for episode 0. Please ensure the dataset was enhanced correctly."
[2025-11-04 20:05:59,908][utils.vip_c_dataset][ERROR] - Error loading data for sample index 24 (ep: 0, t: 25). Error: "Modality 'goal_image_primary' not found in the index for episode 0. Please ensure the dataset was enhanced correctly."
[2025-11-04 20:05:59,908][utils.vip_c_dataset][ERROR] - Error loading data for sample index 25 (ep: 0, t: 26). Error: "Modality 'goal_image_primary' not found in the index for episode 0. Please ensure the dataset was enhanced correctly."
[2025-11-04 20:05:59,909][utils.vip_c_dataset][ERROR] - Error loading data for sample index 26 (ep: 0, t: 27). Error: "Modality 'goal_image_primary' not found in the index for episode 0. Please ensure the dataset was enhanced correctly."
[2025-11-04 20:05:59,910][utils.vip_c_dataset][ERROR] - Error loading data for sample index 27 (ep: 0, t: 28). Error: "Modality 'goal_image_primary' not found in the index for episode 0. Please ensure the dataset was enhanced correctly."
[2025-11-04 20:05:59,910][utils.vip_c_dataset][ERROR] - Error loading data for sample index 28 (ep: 0, t: 29). Error: "Modality 'goal_image_primary' not found in the index for episode 0. Please ensure the dataset was enhanced correctly."
[2025-11-04 20:05:59,911][utils.vip_c_dataset][ERROR] - Error loading data for sample index 29 (ep: 0, t: 30). Error: "Modality 'goal_image_primary' not found in the index for episode 0. Please ensure the dataset was enhanced correctly."
[2025-11-04 20:05:59,911][utils.vip_c_dataset][ERROR] - Error loading data for sample index 30 (ep: 0, t: 31). Error: "Modality 'goal_image_primary' not found in the index for episode 0. Please ensure the dataset was enhanced correctly."
[2025-11-04 20:05:59,912][utils.vip_c_dataset][ERROR] - Error loading data for sample index 31 (ep: 0, t: 32). Error: "Modality 'goal_image_primary' not found in the index for episode 0. Please ensure the dataset was enhanced correctly."
[2025-11-04 20:05:59,912][utils.vip_c_dataset][WARNING] - An entire batch of data loading failed. Skipping batch.
[2025-11-04 20:05:59,915][utils.vip_c_dataset][ERROR] - Error loading data for sample index 32 (ep: 0, t: 33). Error: "Modality 'goal_image_primary' not found in the index for episode 0. Please ensure the dataset was enhanced correctly."
[2025-11-04 20:05:59,916][utils.vip_c_dataset][ERROR] - Error loading data for sample index 33 (ep: 0, t: 34). Error: "Modality 'goal_image_primary' not found in the index for episode 0. Please ensure the dataset was enhanced correctly."
[2025-11-04 20:05:59,917][utils.vip_c_dataset][ERROR] - Error loading data for sample index 34 (ep: 0, t: 35). Error: "Modality 'goal_image_primary' not found in the index for episode 0. Please ensure the dataset was enhanced correctly."
[2025-11-04 20:05:59,917][utils.vip_c_dataset][ERROR] - Error loading data for sample index 35 (ep: 0, t: 36). Error: "Modality 'goal_image_primary' not found in the index for episode 0. Please ensure the dataset was enhanced correctly."
[2025-11-04 20:05:59,918][utils.vip_c_dataset][ERROR] - Error loading data for sample index 36 (ep: 0, t: 37). Error: "Modality 'goal_image_primary' not found in the index for episode 0. Please ensure the dataset was enhanced correctly."
[2025-11-04 20:05:59,918][utils.vip_c_dataset][ERROR] - Error loading data for sample index 37 (ep: 0, t: 38). Error: "Modality 'goal_image_primary' not found in the index for episode 0. Please ensure the dataset was enhanced correctly."
[2025-11-04 20:05:59,919][utils.vip_c_dataset][ERROR] - Error loading data for sample index 38 (ep: 0, t: 39). Error: "Modality 'goal_image_primary' not found in the index for episode 0. Please ensure the dataset was enhanced correctly."
[2025-11-04 20:05:59,919][utils.vip_c_dataset][ERROR] - Error loading data for sample index 39 (ep: 0, t: 40). Error: "Modality 'goal_image_primary' not found in the index for episode 0. Please ensure the dataset was enhanced correctly."
[2025-11-04 20:05:59,920][utils.vip_c_dataset][ERROR] - Error loading data for sample index 40 (ep: 0, t: 41). Error: "Modality 'goal_image_primary' not found in the index for episode 0. Please ensure the dataset was enhanced correctly."
[2025-11-04 20:05:59,920][utils.vip_c_dataset][ERROR] - Error loading data for sample index 41 (ep: 0, t: 42). Error: "Modality 'goal_image_primary' not found in the index for episode 0. Please ensure the dataset was enhanced correctly."
[2025-11-04 20:05:59,921][utils.vip_c_dataset][ERROR] - Error loading data for sample index 42 (ep: 0, t: 43). Error: "Modality 'goal_image_primary' not found in the index for episode 0. Please ensure the dataset was enhanced correctly."
[2025-11-04 20:05:59,922][utils.vip_c_dataset][ERROR] - Error loading data for sample index 43 (ep: 0, t: 44). Error: "Modality 'goal_image_primary' not found in the index for episode 0. Please ensure the dataset was enhanced correctly."
[2025-11-04 20:05:59,923][utils.vip_c_dataset][ERROR] - Error loading data for sample index 44 (ep: 0, t: 45). Error: "Modality 'goal_image_primary' not found in the index for episode 0. Please ensure the dataset was enhanced correctly."
[2025-11-04 20:05:59,923][utils.vip_c_dataset][ERROR] - Error loading data for sample index 45 (ep: 0, t: 46). Error: "Modality 'goal_image_primary' not found in the index for episode 0. Please ensure the dataset was enhanced correctly."
[2025-11-04 20:05:59,924][utils.vip_c_dataset][ERROR] - Error loading data for sample index 46 (ep: 0, t: 47). Error: "Modality 'goal_image_primary' not found in the index for episode 0. Please ensure the dataset was enhanced correctly."
[2025-11-04 20:05:59,925][utils.vip_c_dataset][ERROR] - Error loading data for sample index 47 (ep: 0, t: 48). Error: "Modality 'goal_image_primary' not found in the index for episode 0. Please ensure the dataset was enhanced correctly."
[2025-11-04 20:05:59,925][utils.vip_c_dataset][ERROR] - Error loading data for sample index 48 (ep: 0, t: 49). Error: "Modality 'goal_image_primary' not found in the index for episode 0. Please ensure the dataset was enhanced correctly."
[2025-11-04 20:05:59,926][utils.vip_c_dataset][ERROR] - Error loading data for sample index 49 (ep: 0, t: 50). Error: "Modality 'goal_image_primary' not found in the index for episode 0. Please ensure the dataset was enhanced correctly."
[2025-11-04 20:05:59,927][utils.vip_c_dataset][ERROR] - Error loading data for sample index 50 (ep: 0, t: 51). Error: "Modality 'goal_image_primary' not found in the index for episode 0. Please ensure the dataset was enhanced correctly."
[2025-11-04 20:05:59,927][utils.vip_c_dataset][ERROR] - Error loading data for sample index 51 (ep: 0, t: 52). Error: "Modality 'goal_image_primary' not found in the index for episode 0. Please ensure the dataset was enhanced correctly."
[2025-11-04 20:05:59,928][utils.vip_c_dataset][ERROR] - Error loading data for sample index 52 (ep: 0, t: 53). Error: "Modality 'goal_image_primary' not found in the index for episode 0. Please ensure the dataset was enhanced correctly."
[2025-11-04 20:05:59,929][utils.vip_c_dataset][ERROR] - Error loading data for sample index 53 (ep: 0, t: 54). Error: "Modality 'goal_image_primary' not found in the index for episode 0. Please ensure the dataset was enhanced correctly."
[2025-11-04 20:05:59,929][utils.vip_c_dataset][ERROR] - Error loading data for sample index 54 (ep: 0, t: 55). Error: "Modality 'goal_image_primary' not found in the index for episode 0. Please ensure the dataset was enhanced correctly."
[2025-11-04 20:05:59,930][utils.vip_c_dataset][ERROR] - Error loading data for sample index 55 (ep: 0, t: 56). Error: "Modality 'goal_image_primary' not found in the index for episode 0. Please ensure the dataset was enhanced correctly."
[2025-11-04 20:05:59,930][utils.vip_c_dataset][ERROR] - Error loading data for sample index 56 (ep: 0, t: 57). Error: "Modality 'goal_image_primary' not found in the index for episode 0. Please ensure the dataset was enhanced correctly."
[2025-11-04 20:05:59,931][utils.vip_c_dataset][ERROR] - Error loading data for sample index 57 (ep: 0, t: 58). Error: "Modality 'goal_image_primary' not found in the index for episode 0. Please ensure the dataset was enhanced correctly."
[2025-11-04 20:05:59,931][utils.vip_c_dataset][ERROR] - Error loading data for sample index 58 (ep: 0, t: 59). Error: "Modality 'goal_image_primary' not found in the index for episode 0. Please ensure the dataset was enhanced correctly."
[2025-11-04 20:05:59,932][utils.vip_c_dataset][ERROR] - Error loading data for sample index 59 (ep: 0, t: 60). Error: "Modality 'goal_image_primary' not found in the index for episode 0. Please ensure the dataset was enhanced correctly."
[2025-11-04 20:05:59,933][utils.vip_c_dataset][ERROR] - Error loading data for sample index 60 (ep: 0, t: 61). Error: "Modality 'goal_image_primary' not found in the index for episode 0. Please ensure the dataset was enhanced correctly."
[2025-11-04 20:05:59,933][utils.vip_c_dataset][ERROR] - Error loading data for sample index 61 (ep: 0, t: 62). Error: "Modality 'goal_image_primary' not found in the index for episode 0. Please ensure the dataset was enhanced correctly."
[2025-11-04 20:05:59,934][utils.vip_c_dataset][ERROR] - Error loading data for sample index 62 (ep: 0, t: 63). Error: "Modality 'goal_image_primary' not found in the index for episode 0. Please ensure the dataset was enhanced correctly."
[2025-11-04 20:05:59,934][utils.vip_c_dataset][ERROR] - Error loading data for sample index 63 (ep: 0, t: 64). Error: "Modality 'goal_image_primary' not found in the index for episode 0. Please ensure the dataset was enhanced correctly."
[2025-11-04 20:05:59,935][utils.vip_c_dataset][WARNING] - An entire batch of data loading failed. Skipping batch.
[2025-11-04 20:05:59,935][utils.vip_c_dataset][ERROR] - Error loading data for sample index 64 (ep: 0, t: 65). Error: "Modality 'goal_image_primary' not found in the index for episode 0. Please ensure the dataset was enhanced correctly."
[2025-11-04 20:05:59,936][utils.vip_c_dataset][ERROR] - Error loading data for sample index 65 (ep: 0, t: 66). Error: "Modality 'goal_image_primary' not found in the index for episode 0. Please ensure the dataset was enhanced correctly."
[2025-11-04 20:05:59,936][utils.vip_c_dataset][ERROR] - Error loading data for sample index 66 (ep: 0, t: 67). Error: "Modality 'goal_image_primary' not found in the index for episode 0. Please ensure the dataset was enhanced correctly."
[2025-11-04 20:05:59,936][utils.vip_c_dataset][ERROR] - Error loading data for sample index 67 (ep: 0, t: 68). Error: "Modality 'goal_image_primary' not found in the index for episode 0. Please ensure the dataset was enhanced correctly."
[2025-11-04 20:05:59,937][utils.vip_c_dataset][ERROR] - Error loading data for sample index 68 (ep: 0, t: 69). Error: "Modality 'goal_image_primary' not found in the index for episode 0. Please ensure the dataset was enhanced correctly."
[2025-11-04 20:05:59,938][utils.vip_c_dataset][ERROR] - Error loading data for sample index 69 (ep: 0, t: 70). Error: "Modality 'goal_image_primary' not found in the index for episode 0. Please ensure the dataset was enhanced correctly."
[2025-11-04 20:05:59,939][utils.vip_c_dataset][ERROR] - Error loading data for sample index 70 (ep: 0, t: 71). Error: "Modality 'goal_image_primary' not found in the index for episode 0. Please ensure the dataset was enhanced correctly."
[2025-11-04 20:05:59,940][utils.vip_c_dataset][ERROR] - Error loading data for sample index 71 (ep: 0, t: 72). Error: "Modality 'goal_image_primary' not found in the index for episode 0. Please ensure the dataset was enhanced correctly."
[2025-11-04 20:05:59,941][utils.vip_c_dataset][ERROR] - Error loading data for sample index 72 (ep: 0, t: 73). Error: "Modality 'goal_image_primary' not found in the index for episode 0. Please ensure the dataset was enhanced correctly."
[2025-11-04 20:05:59,942][utils.vip_c_dataset][ERROR] - Error loading data for sample index 73 (ep: 0, t: 74). Error: "Modality 'goal_image_primary' not found in the index for episode 0. Please ensure the dataset was enhanced correctly."
[2025-11-04 20:05:59,942][utils.vip_c_dataset][ERROR] - Error loading data for sample index 74 (ep: 0, t: 75). Error: "Modality 'goal_image_primary' not found in the index for episode 0. Please ensure the dataset was enhanced correctly."
[2025-11-04 20:05:59,943][utils.vip_c_dataset][ERROR] - Error loading data for sample index 75 (ep: 0, t: 76). Error: "Modality 'goal_image_primary' not found in the index for episode 0. Please ensure the dataset was enhanced correctly."
[2025-11-04 20:05:59,943][utils.vip_c_dataset][ERROR] - Error loading data for sample index 76 (ep: 0, t: 77). Error: "Modality 'goal_image_primary' not found in the index for episode 0. Please ensure the dataset was enhanced correctly."
[2025-11-04 20:05:59,944][utils.vip_c_dataset][ERROR] - Error loading data for sample index 77 (ep: 0, t: 78). Error: "Modality 'goal_image_primary' not found in the index for episode 0. Please ensure the dataset was enhanced correctly."
[2025-11-04 20:05:59,944][utils.vip_c_dataset][ERROR] - Error loading data for sample index 78 (ep: 0, t: 79). Error: "Modality 'goal_image_primary' not found in the index for episode 0. Please ensure the dataset was enhanced correctly."
[2025-11-04 20:05:59,944][utils.vip_c_dataset][ERROR] - Error loading data for sample index 79 (ep: 0, t: 80). Error: "Modality 'goal_image_primary' not found in the index for episode 0. Please ensure the dataset was enhanced correctly."
[2025-11-04 20:05:59,945][utils.vip_c_dataset][ERROR] - Error loading data for sample index 80 (ep: 0, t: 81). Error: "Modality 'goal_image_primary' not found in the index for episode 0. Please ensure the dataset was enhanced correctly."
[2025-11-04 20:05:59,945][utils.vip_c_dataset][ERROR] - Error loading data for sample index 81 (ep: 0, t: 82). Error: "Modality 'goal_image_primary' not found in the index for episode 0. Please ensure the dataset was enhanced correctly."
[2025-11-04 20:05:59,946][utils.vip_c_dataset][ERROR] - Error loading data for sample index 82 (ep: 0, t: 83). Error: "Modality 'goal_image_primary' not found in the index for episode 0. Please ensure the dataset was enhanced correctly."
[2025-11-04 20:05:59,946][utils.vip_c_dataset][ERROR] - Error loading data for sample index 83 (ep: 0, t: 84). Error: "Modality 'goal_image_primary' not found in the index for episode 0. Please ensure the dataset was enhanced correctly."
[2025-11-04 20:05:59,947][utils.vip_c_dataset][ERROR] - Error loading data for sample index 84 (ep: 0, t: 85). Error: "Modality 'goal_image_primary' not found in the index for episode 0. Please ensure the dataset was enhanced correctly."
[2025-11-04 20:05:59,947][utils.vip_c_dataset][ERROR] - Error loading data for sample index 85 (ep: 0, t: 86). Error: "Modality 'goal_image_primary' not found in the index for episode 0. Please ensure the dataset was enhanced correctly."
[2025-11-04 20:05:59,948][utils.vip_c_dataset][ERROR] - Error loading data for sample index 86 (ep: 0, t: 87). Error: "Modality 'goal_image_primary' not found in the index for episode 0. Please ensure the dataset was enhanced correctly."
[2025-11-04 20:05:59,948][utils.vip_c_dataset][ERROR] - Error loading data for sample index 87 (ep: 0, t: 88). Error: "Modality 'goal_image_primary' not found in the index for episode 0. Please ensure the dataset was enhanced correctly."
[2025-11-04 20:05:59,949][utils.vip_c_dataset][ERROR] - Error loading data for sample index 88 (ep: 0, t: 89). Error: "Modality 'goal_image_primary' not found in the index for episode 0. Please ensure the dataset was enhanced correctly."
[2025-11-04 20:05:59,949][utils.vip_c_dataset][ERROR] - Error loading data for sample index 89 (ep: 0, t: 90). Error: "Modality 'goal_image_primary' not found in the index for episode 0. Please ensure the dataset was enhanced correctly."
[2025-11-04 20:05:59,950][utils.vip_c_dataset][ERROR] - Error loading data for sample index 90 (ep: 0, t: 91). Error: "Modality 'goal_image_primary' not found in the index for episode 0. Please ensure the dataset was enhanced correctly."
[2025-11-04 20:05:59,950][utils.vip_c_dataset][ERROR] - Error loading data for sample index 91 (ep: 0, t: 92). Error: "Modality 'goal_image_primary' not found in the index for episode 0. Please ensure the dataset was enhanced correctly."
[2025-11-04 20:05:59,951][utils.vip_c_dataset][ERROR] - Error loading data for sample index 92 (ep: 0, t: 93). Error: "Modality 'goal_image_primary' not found in the index for episode 0. Please ensure the dataset was enhanced correctly."
[2025-11-04 20:05:59,951][utils.vip_c_dataset][ERROR] - Error loading data for sample index 93 (ep: 0, t: 94). Error: "Modality 'goal_image_primary' not found in the index for episode 0. Please ensure the dataset was enhanced correctly."
[2025-11-04 20:05:59,952][utils.vip_c_dataset][ERROR] - Error loading data for sample index 94 (ep: 0, t: 95). Error: "Modality 'goal_image_primary' not found in the index for episode 0. Please ensure the dataset was enhanced correctly."
[2025-11-04 20:05:59,952][utils.vip_c_dataset][ERROR] - Error loading data for sample index 95 (ep: 0, t: 96). Error: "Modality 'goal_image_primary' not found in the index for episode 0. Please ensure the dataset was enhanced correctly."
[2025-11-04 20:05:59,952][utils.vip_c_dataset][WARNING] - An entire batch of data loading failed. Skipping batch.
[2025-11-04 20:05:59,953][utils.vip_c_dataset][ERROR] - Error loading data for sample index 96 (ep: 0, t: 97). Error: "Modality 'goal_image_primary' not found in the index for episode 0. Please ensure the dataset was enhanced correctly."
[2025-11-04 20:05:59,954][utils.vip_c_dataset][ERROR] - Error loading data for sample index 97 (ep: 0, t: 98). Error: "Modality 'goal_image_primary' not found in the index for episode 0. Please ensure the dataset was enhanced correctly."
[2025-11-04 20:05:59,955][utils.vip_c_dataset][ERROR] - Error loading data for sample index 98 (ep: 0, t: 99). Error: "Modality 'goal_image_primary' not found in the index for episode 0. Please ensure the dataset was enhanced correctly."
[2025-11-04 20:05:59,956][utils.vip_c_dataset][ERROR] - Error loading data for sample index 99 (ep: 0, t: 100). Error: "Modality 'goal_image_primary' not found in the index for episode 0. Please ensure the dataset was enhanced correctly."
[2025-11-04 20:05:59,956][utils.vip_c_dataset][ERROR] - Error loading data for sample index 100 (ep: 0, t: 101). Error: "Modality 'goal_image_primary' not found in the index for episode 0. Please ensure the dataset was enhanced correctly."
[2025-11-04 20:05:59,957][utils.vip_c_dataset][ERROR] - Error loading data for sample index 101 (ep: 0, t: 102). Error: "Modality 'goal_image_primary' not found in the index for episode 0. Please ensure the dataset was enhanced correctly."
[2025-11-04 20:05:59,957][utils.vip_c_dataset][ERROR] - Error loading data for sample index 102 (ep: 0, t: 103). Error: "Modality 'goal_image_primary' not found in the index for episode 0. Please ensure the dataset was enhanced correctly."
[2025-11-04 20:05:59,958][utils.vip_c_dataset][ERROR] - Error loading data for sample index 103 (ep: 0, t: 104). Error: "Modality 'goal_image_primary' not found in the index for episode 0. Please ensure the dataset was enhanced correctly."
[2025-11-04 20:05:59,958][utils.vip_c_dataset][ERROR] - Error loading data for sample index 104 (ep: 0, t: 105). Error: "Modality 'goal_image_primary' not found in the index for episode 0. Please ensure the dataset was enhanced correctly."
[2025-11-04 20:05:59,958][utils.vip_c_dataset][ERROR] - Error loading data for sample index 105 (ep: 0, t: 106). Error: "Modality 'goal_image_primary' not found in the index for episode 0. Please ensure the dataset was enhanced correctly."
[2025-11-04 20:05:59,959][utils.vip_c_dataset][ERROR] - Error loading data for sample index 106 (ep: 0, t: 107). Error: "Modality 'goal_image_primary' not found in the index for episode 0. Please ensure the dataset was enhanced correctly."
[2025-11-04 20:05:59,959][utils.vip_c_dataset][ERROR] - Error loading data for sample index 107 (ep: 0, t: 108). Error: "Modality 'goal_image_primary' not found in the index for episode 0. Please ensure the dataset was enhanced correctly."
[2025-11-04 20:05:59,960][utils.vip_c_dataset][ERROR] - Error loading data for sample index 108 (ep: 0, t: 109). Error: "Modality 'goal_image_primary' not found in the index for episode 0. Please ensure the dataset was enhanced correctly."
[2025-11-04 20:05:59,960][utils.vip_c_dataset][ERROR] - Error loading data for sample index 109 (ep: 0, t: 110). Error: "Modality 'goal_image_primary' not found in the index for episode 0. Please ensure the dataset was enhanced correctly."
[2025-11-04 20:05:59,961][utils.vip_c_dataset][ERROR] - Error loading data for sample index 110 (ep: 0, t: 111). Error: "Modality 'goal_image_primary' not found in the index for episode 0. Please ensure the dataset was enhanced correctly."
[2025-11-04 20:05:59,961][utils.vip_c_dataset][ERROR] - Error loading data for sample index 111 (ep: 0, t: 112). Error: "Modality 'goal_image_primary' not found in the index for episode 0. Please ensure the dataset was enhanced correctly."
[2025-11-04 20:05:59,962][utils.vip_c_dataset][ERROR] - Error loading data for sample index 112 (ep: 0, t: 113). Error: "Modality 'goal_image_primary' not found in the index for episode 0. Please ensure the dataset was enhanced correctly."
[2025-11-04 20:05:59,962][utils.vip_c_dataset][ERROR] - Error loading data for sample index 113 (ep: 0, t: 114). Error: "Modality 'goal_image_primary' not found in the index for episode 0. Please ensure the dataset was enhanced correctly."
[2025-11-04 20:05:59,962][utils.vip_c_dataset][ERROR] - Error loading data for sample index 114 (ep: 0, t: 115). Error: "Modality 'goal_image_primary' not found in the index for episode 0. Please ensure the dataset was enhanced correctly."
[2025-11-04 20:05:59,963][utils.vip_c_dataset][ERROR] - Error loading data for sample index 115 (ep: 0, t: 116). Error: "Modality 'goal_image_primary' not found in the index for episode 0. Please ensure the dataset was enhanced correctly."
[2025-11-04 20:05:59,963][utils.vip_c_dataset][ERROR] - Error loading data for sample index 116 (ep: 0, t: 117). Error: "Modality 'goal_image_primary' not found in the index for episode 0. Please ensure the dataset was enhanced correctly."
[2025-11-04 20:05:59,964][utils.vip_c_dataset][ERROR] - Error loading data for sample index 117 (ep: 0, t: 118). Error: "Modality 'goal_image_primary' not found in the index for episode 0. Please ensure the dataset was enhanced correctly."
[2025-11-04 20:05:59,964][utils.vip_c_dataset][ERROR] - Error loading data for sample index 118 (ep: 0, t: 119). Error: "Modality 'goal_image_primary' not found in the index for episode 0. Please ensure the dataset was enhanced correctly."
[2025-11-04 20:05:59,964][utils.vip_c_dataset][ERROR] - Error loading data for sample index 119 (ep: 0, t: 120). Error: "Modality 'goal_image_primary' not found in the index for episode 0. Please ensure the dataset was enhanced correctly."
[2025-11-04 20:05:59,965][utils.vip_c_dataset][ERROR] - Error loading data for sample index 120 (ep: 0, t: 121). Error: "Modality 'goal_image_primary' not found in the index for episode 0. Please ensure the dataset was enhanced correctly."
[2025-11-04 20:05:59,965][utils.vip_c_dataset][ERROR] - Error loading data for sample index 121 (ep: 0, t: 122). Error: "Modality 'goal_image_primary' not found in the index for episode 0. Please ensure the dataset was enhanced correctly."
[2025-11-04 20:05:59,966][utils.vip_c_dataset][ERROR] - Error loading data for sample index 122 (ep: 0, t: 123). Error: "Modality 'goal_image_primary' not found in the index for episode 0. Please ensure the dataset was enhanced correctly."
[2025-11-04 20:05:59,966][utils.vip_c_dataset][ERROR] - Error loading data for sample index 123 (ep: 0, t: 124). Error: "Modality 'goal_image_primary' not found in the index for episode 0. Please ensure the dataset was enhanced correctly."
[2025-11-04 20:05:59,966][utils.vip_c_dataset][ERROR] - Error loading data for sample index 124 (ep: 0, t: 125). Error: "Modality 'goal_image_primary' not found in the index for episode 0. Please ensure the dataset was enhanced correctly."
[2025-11-04 20:05:59,967][utils.vip_c_dataset][ERROR] - Error loading data for sample index 125 (ep: 0, t: 126). Error: "Modality 'goal_image_primary' not found in the index for episode 0. Please ensure the dataset was enhanced correctly."
[2025-11-04 20:05:59,967][utils.vip_c_dataset][ERROR] - Error loading data for sample index 126 (ep: 0, t: 127). Error: "Modality 'goal_image_primary' not found in the index for episode 0. Please ensure the dataset was enhanced correctly."
[2025-11-04 20:05:59,968][utils.vip_c_dataset][ERROR] - Error loading data for sample index 127 (ep: 0, t: 128). Error: "Modality 'goal_image_primary' not found in the index for episode 0. Please ensure the dataset was enhanced correctly."
[2025-11-04 20:05:59,968][utils.vip_c_dataset][WARNING] - An entire batch of data loading failed. Skipping batch.
[2025-11-04 20:05:59,968][utils.vip_c_dataset][ERROR] - Error loading data for sample index 128 (ep: 0, t: 129). Error: "Modality 'goal_image_primary' not found in the index for episode 0. Please ensure the dataset was enhanced correctly."
[2025-11-04 20:05:59,969][utils.vip_c_dataset][ERROR] - Error loading data for sample index 129 (ep: 0, t: 130). Error: "Modality 'goal_image_primary' not found in the index for episode 0. Please ensure the dataset was enhanced correctly."
[2025-11-04 20:05:59,969][utils.vip_c_dataset][ERROR] - Error loading data for sample index 130 (ep: 0, t: 131). Error: "Modality 'goal_image_primary' not found in the index for episode 0. Please ensure the dataset was enhanced correctly."
[2025-11-04 20:05:59,970][utils.vip_c_dataset][ERROR] - Error loading data for sample index 131 (ep: 0, t: 132). Error: "Modality 'goal_image_primary' not found in the index for episode 0. Please ensure the dataset was enhanced correctly."
[2025-11-04 20:05:59,970][utils.vip_c_dataset][ERROR] - Error loading data for sample index 132 (ep: 0, t: 133). Error: "Modality 'goal_image_primary' not found in the index for episode 0. Please ensure the dataset was enhanced correctly."
[2025-11-04 20:05:59,970][utils.vip_c_dataset][ERROR] - Error loading data for sample index 133 (ep: 0, t: 134). Error: "Modality 'goal_image_primary' not found in the index for episode 0. Please ensure the dataset was enhanced correctly."
[2025-11-04 20:05:59,972][utils.vip_c_dataset][ERROR] - Error loading data for sample index 134 (ep: 0, t: 135). Error: "Modality 'goal_image_primary' not found in the index for episode 0. Please ensure the dataset was enhanced correctly."
[2025-11-04 20:05:59,973][utils.vip_c_dataset][ERROR] - Error loading data for sample index 135 (ep: 0, t: 136). Error: "Modality 'goal_image_primary' not found in the index for episode 0. Please ensure the dataset was enhanced correctly."
[2025-11-04 20:05:59,974][utils.vip_c_dataset][ERROR] - Error loading data for sample index 136 (ep: 0, t: 137). Error: "Modality 'goal_image_primary' not found in the index for episode 0. Please ensure the dataset was enhanced correctly."
[2025-11-04 20:05:59,974][utils.vip_c_dataset][ERROR] - Error loading data for sample index 137 (ep: 0, t: 138). Error: "Modality 'goal_image_primary' not found in the index for episode 0. Please ensure the dataset was enhanced correctly."
[2025-11-04 20:05:59,975][utils.vip_c_dataset][ERROR] - Error loading data for sample index 138 (ep: 0, t: 139). Error: "Modality 'goal_image_primary' not found in the index for episode 0. Please ensure the dataset was enhanced correctly."
[2025-11-04 20:05:59,975][utils.vip_c_dataset][ERROR] - Error loading data for sample index 139 (ep: 0, t: 140). Error: "Modality 'goal_image_primary' not found in the index for episode 0. Please ensure the dataset was enhanced correctly."
[2025-11-04 20:05:59,976][utils.vip_c_dataset][ERROR] - Error loading data for sample index 140 (ep: 0, t: 141). Error: "Modality 'goal_image_primary' not found in the index for episode 0. Please ensure the dataset was enhanced correctly."
[2025-11-04 20:05:59,976][utils.vip_c_dataset][ERROR] - Error loading data for sample index 141 (ep: 0, t: 142). Error: "Modality 'goal_image_primary' not found in the index for episode 0. Please ensure the dataset was enhanced correctly."
[2025-11-04 20:05:59,976][utils.vip_c_dataset][ERROR] - Error loading data for sample index 142 (ep: 0, t: 143). Error: "Modality 'goal_image_primary' not found in the index for episode 0. Please ensure the dataset was enhanced correctly."
[2025-11-04 20:05:59,977][utils.vip_c_dataset][ERROR] - Error loading data for sample index 143 (ep: 0, t: 144). Error: "Modality 'goal_image_primary' not found in the index for episode 0. Please ensure the dataset was enhanced correctly."
[2025-11-04 20:05:59,977][utils.vip_c_dataset][ERROR] - Error loading data for sample index 144 (ep: 0, t: 145). Error: "Modality 'goal_image_primary' not found in the index for episode 0. Please ensure the dataset was enhanced correctly."
[2025-11-04 20:05:59,978][utils.vip_c_dataset][ERROR] - Error loading data for sample index 145 (ep: 0, t: 146). Error: "Modality 'goal_image_primary' not found in the index for episode 0. Please ensure the dataset was enhanced correctly."
[2025-11-04 20:05:59,978][utils.vip_c_dataset][ERROR] - Error loading data for sample index 146 (ep: 0, t: 147). Error: "Modality 'goal_image_primary' not found in the index for episode 0. Please ensure the dataset was enhanced correctly."
[2025-11-04 20:05:59,978][utils.vip_c_dataset][ERROR] - Error loading data for sample index 147 (ep: 0, t: 148). Error: "Modality 'goal_image_primary' not found in the index for episode 0. Please ensure the dataset was enhanced correctly."
[2025-11-04 20:05:59,979][utils.vip_c_dataset][ERROR] - Error loading data for sample index 148 (ep: 0, t: 149). Error: "Modality 'goal_image_primary' not found in the index for episode 0. Please ensure the dataset was enhanced correctly."
[2025-11-04 20:05:59,979][utils.vip_c_dataset][ERROR] - Error loading data for sample index 149 (ep: 0, t: 150). Error: "Modality 'goal_image_primary' not found in the index for episode 0. Please ensure the dataset was enhanced correctly."
[2025-11-04 20:05:59,980][utils.vip_c_dataset][ERROR] - Error loading data for sample index 150 (ep: 0, t: 151). Error: "Modality 'goal_image_primary' not found in the index for episode 0. Please ensure the dataset was enhanced correctly."
[2025-11-04 20:05:59,980][utils.vip_c_dataset][ERROR] - Error loading data for sample index 151 (ep: 0, t: 152). Error: "Modality 'goal_image_primary' not found in the index for episode 0. Please ensure the dataset was enhanced correctly."
[2025-11-04 20:05:59,980][utils.vip_c_dataset][ERROR] - Error loading data for sample index 152 (ep: 0, t: 153). Error: "Modality 'goal_image_primary' not found in the index for episode 0. Please ensure the dataset was enhanced correctly."
[2025-11-04 20:05:59,981][utils.vip_c_dataset][ERROR] - Error loading data for sample index 153 (ep: 0, t: 154). Error: "Modality 'goal_image_primary' not found in the index for episode 0. Please ensure the dataset was enhanced correctly."
[2025-11-04 20:05:59,981][utils.vip_c_dataset][ERROR] - Error loading data for sample index 154 (ep: 0, t: 155). Error: "Modality 'goal_image_primary' not found in the index for episode 0. Please ensure the dataset was enhanced correctly."
[2025-11-04 20:05:59,981][utils.vip_c_dataset][ERROR] - Error loading data for sample index 155 (ep: 0, t: 156). Error: "Modality 'goal_image_primary' not found in the index for episode 0. Please ensure the dataset was enhanced correctly."
[2025-11-04 20:05:59,982][utils.vip_c_dataset][ERROR] - Error loading data for sample index 156 (ep: 0, t: 157). Error: "Modality 'goal_image_primary' not found in the index for episode 0. Please ensure the dataset was enhanced correctly."
[2025-11-04 20:05:59,982][utils.vip_c_dataset][ERROR] - Error loading data for sample index 157 (ep: 0, t: 158). Error: "Modality 'goal_image_primary' not found in the index for episode 0. Please ensure the dataset was enhanced correctly."
[2025-11-04 20:05:59,983][utils.vip_c_dataset][ERROR] - Error loading data for sample index 158 (ep: 0, t: 159). Error: "Modality 'goal_image_primary' not found in the index for episode 0. Please ensure the dataset was enhanced correctly."
[2025-11-04 20:05:59,983][utils.vip_c_dataset][ERROR] - Error loading data for sample index 159 (ep: 0, t: 160). Error: "Modality 'goal_image_primary' not found in the index for episode 0. Please ensure the dataset was enhanced correctly."
[2025-11-04 20:05:59,983][utils.vip_c_dataset][WARNING] - An entire batch of data loading failed. Skipping batch.
[2025-11-04 20:05:59,984][utils.vip_c_dataset][ERROR] - Error loading data for sample index 160 (ep: 0, t: 161). Error: "Modality 'goal_image_primary' not found in the index for episode 0. Please ensure the dataset was enhanced correctly."
[2025-11-04 20:05:59,984][utils.vip_c_dataset][ERROR] - Error loading data for sample index 161 (ep: 0, t: 162). Error: "Modality 'goal_image_primary' not found in the index for episode 0. Please ensure the dataset was enhanced correctly."
[2025-11-04 20:05:59,985][utils.vip_c_dataset][ERROR] - Error loading data for sample index 162 (ep: 0, t: 163). Error: "Modality 'goal_image_primary' not found in the index for episode 0. Please ensure the dataset was enhanced correctly."
[2025-11-04 20:05:59,985][utils.vip_c_dataset][ERROR] - Error loading data for sample index 163 (ep: 0, t: 164). Error: "Modality 'goal_image_primary' not found in the index for episode 0. Please ensure the dataset was enhanced correctly."
[2025-11-04 20:05:59,985][utils.vip_c_dataset][ERROR] - Error loading data for sample index 164 (ep: 0, t: 165). Error: "Modality 'goal_image_primary' not found in the index for episode 0. Please ensure the dataset was enhanced correctly."
[2025-11-04 20:05:59,986][utils.vip_c_dataset][ERROR] - Error loading data for sample index 165 (ep: 0, t: 166). Error: "Modality 'goal_image_primary' not found in the index for episode 0. Please ensure the dataset was enhanced correctly."
[2025-11-04 20:05:59,986][utils.vip_c_dataset][ERROR] - Error loading data for sample index 166 (ep: 0, t: 167). Error: "Modality 'goal_image_primary' not found in the index for episode 0. Please ensure the dataset was enhanced correctly."
[2025-11-04 20:05:59,986][utils.vip_c_dataset][ERROR] - Error loading data for sample index 167 (ep: 0, t: 168). Error: "Modality 'goal_image_primary' not found in the index for episode 0. Please ensure the dataset was enhanced correctly."
[2025-11-04 20:05:59,987][utils.vip_c_dataset][ERROR] - Error loading data for sample index 168 (ep: 0, t: 169). Error: "Modality 'goal_image_primary' not found in the index for episode 0. Please ensure the dataset was enhanced correctly."
[2025-11-04 20:05:59,988][utils.vip_c_dataset][ERROR] - Error loading data for sample index 169 (ep: 0, t: 170). Error: "Modality 'goal_image_primary' not found in the index for episode 0. Please ensure the dataset was enhanced correctly."
[2025-11-04 20:05:59,989][utils.vip_c_dataset][ERROR] - Error loading data for sample index 170 (ep: 0, t: 171). Error: "Modality 'goal_image_primary' not found in the index for episode 0. Please ensure the dataset was enhanced correctly."
[2025-11-04 20:05:59,989][utils.vip_c_dataset][ERROR] - Error loading data for sample index 171 (ep: 0, t: 172). Error: "Modality 'goal_image_primary' not found in the index for episode 0. Please ensure the dataset was enhanced correctly."
[2025-11-04 20:05:59,990][utils.vip_c_dataset][ERROR] - Error loading data for sample index 172 (ep: 0, t: 173). Error: "Modality 'goal_image_primary' not found in the index for episode 0. Please ensure the dataset was enhanced correctly."
[2025-11-04 20:05:59,991][utils.vip_c_dataset][ERROR] - Error loading data for sample index 173 (ep: 0, t: 174). Error: "Modality 'goal_image_primary' not found in the index for episode 0. Please ensure the dataset was enhanced correctly."
[2025-11-04 20:05:59,991][utils.vip_c_dataset][ERROR] - Error loading data for sample index 174 (ep: 0, t: 175). Error: "Modality 'goal_image_primary' not found in the index for episode 0. Please ensure the dataset was enhanced correctly."
[2025-11-04 20:05:59,992][utils.vip_c_dataset][ERROR] - Error loading data for sample index 175 (ep: 0, t: 176). Error: "Modality 'goal_image_primary' not found in the index for episode 0. Please ensure the dataset was enhanced correctly."
[2025-11-04 20:05:59,992][utils.vip_c_dataset][ERROR] - Error loading data for sample index 176 (ep: 0, t: 177). Error: "Modality 'goal_image_primary' not found in the index for episode 0. Please ensure the dataset was enhanced correctly."
[2025-11-04 20:05:59,992][utils.vip_c_dataset][ERROR] - Error loading data for sample index 177 (ep: 0, t: 178). Error: "Modality 'goal_image_primary' not found in the index for episode 0. Please ensure the dataset was enhanced correctly."
[2025-11-04 20:05:59,993][utils.vip_c_dataset][ERROR] - Error loading data for sample index 178 (ep: 0, t: 179). Error: "Modality 'goal_image_primary' not found in the index for episode 0. Please ensure the dataset was enhanced correctly."
[2025-11-04 20:05:59,993][utils.vip_c_dataset][ERROR] - Error loading data for sample index 179 (ep: 0, t: 180). Error: "Modality 'goal_image_primary' not found in the index for episode 0. Please ensure the dataset was enhanced correctly."
[2025-11-04 20:05:59,994][utils.vip_c_dataset][ERROR] - Error loading data for sample index 180 (ep: 0, t: 181). Error: "Modality 'goal_image_primary' not found in the index for episode 0. Please ensure the dataset was enhanced correctly."
[2025-11-04 20:05:59,994][utils.vip_c_dataset][ERROR] - Error loading data for sample index 181 (ep: 0, t: 182). Error: "Modality 'goal_image_primary' not found in the index for episode 0. Please ensure the dataset was enhanced correctly."
[2025-11-04 20:05:59,995][utils.vip_c_dataset][ERROR] - Error loading data for sample index 182 (ep: 0, t: 183). Error: "Modality 'goal_image_primary' not found in the index for episode 0. Please ensure the dataset was enhanced correctly."
[2025-11-04 20:05:59,995][utils.vip_c_dataset][ERROR] - Error loading data for sample index 183 (ep: 0, t: 184). Error: "Modality 'goal_image_primary' not found in the index for episode 0. Please ensure the dataset was enhanced correctly."
[2025-11-04 20:05:59,995][utils.vip_c_dataset][ERROR] - Error loading data for sample index 184 (ep: 0, t: 185). Error: "Modality 'goal_image_primary' not found in the index for episode 0. Please ensure the dataset was enhanced correctly."
[2025-11-04 20:05:59,996][utils.vip_c_dataset][ERROR] - Error loading data for sample index 185 (ep: 0, t: 186). Error: "Modality 'goal_image_primary' not found in the index for episode 0. Please ensure the dataset was enhanced correctly."
[2025-11-04 20:05:59,996][utils.vip_c_dataset][ERROR] - Error loading data for sample index 186 (ep: 0, t: 187). Error: "Modality 'goal_image_primary' not found in the index for episode 0. Please ensure the dataset was enhanced correctly."
[2025-11-04 20:05:59,997][utils.vip_c_dataset][ERROR] - Error loading data for sample index 187 (ep: 0, t: 188). Error: "Modality 'goal_image_primary' not found in the index for episode 0. Please ensure the dataset was enhanced correctly."
[2025-11-04 20:05:59,997][utils.vip_c_dataset][ERROR] - Error loading data for sample index 188 (ep: 0, t: 189). Error: "Modality 'goal_image_primary' not found in the index for episode 0. Please ensure the dataset was enhanced correctly."
[2025-11-04 20:05:59,997][utils.vip_c_dataset][ERROR] - Error loading data for sample index 189 (ep: 0, t: 190). Error: "Modality 'goal_image_primary' not found in the index for episode 0. Please ensure the dataset was enhanced correctly."
[2025-11-04 20:05:59,998][utils.vip_c_dataset][ERROR] - Error loading data for sample index 190 (ep: 0, t: 191). Error: "Modality 'goal_image_primary' not found in the index for episode 0. Please ensure the dataset was enhanced correctly."
[2025-11-04 20:05:59,998][utils.vip_c_dataset][ERROR] - Error loading data for sample index 191 (ep: 0, t: 192). Error: "Modality 'goal_image_primary' not found in the index for episode 0. Please ensure the dataset was enhanced correctly."
[2025-11-04 20:05:59,998][utils.vip_c_dataset][WARNING] - An entire batch of data loading failed. Skipping batch.
[2025-11-04 20:05:59,999][utils.vip_c_dataset][ERROR] - Error loading data for sample index 192 (ep: 0, t: 193). Error: "Modality 'goal_image_primary' not found in the index for episode 0. Please ensure the dataset was enhanced correctly."
[2025-11-04 20:06:00,000][utils.vip_c_dataset][ERROR] - Error loading data for sample index 193 (ep: 0, t: 194). Error: "Modality 'goal_image_primary' not found in the index for episode 0. Please ensure the dataset was enhanced correctly."
[2025-11-04 20:06:00,000][utils.vip_c_dataset][ERROR] - Error loading data for sample index 194 (ep: 0, t: 195). Error: "Modality 'goal_image_primary' not found in the index for episode 0. Please ensure the dataset was enhanced correctly."
[2025-11-04 20:06:00,000][utils.vip_c_dataset][ERROR] - Error loading data for sample index 195 (ep: 0, t: 196). Error: "Modality 'goal_image_primary' not found in the index for episode 0. Please ensure the dataset was enhanced correctly."
[2025-11-04 20:06:00,001][utils.vip_c_dataset][ERROR] - Error loading data for sample index 196 (ep: 0, t: 197). Error: "Modality 'goal_image_primary' not found in the index for episode 0. Please ensure the dataset was enhanced correctly."
[2025-11-04 20:06:00,002][utils.vip_c_dataset][ERROR] - Error loading data for sample index 197 (ep: 0, t: 198). Error: "Modality 'goal_image_primary' not found in the index for episode 0. Please ensure the dataset was enhanced correctly."
[2025-11-04 20:06:00,002][utils.vip_c_dataset][ERROR] - Error loading data for sample index 198 (ep: 0, t: 199). Error: "Modality 'goal_image_primary' not found in the index for episode 0. Please ensure the dataset was enhanced correctly."
[2025-11-04 20:06:00,003][utils.vip_c_dataset][ERROR] - Error loading data for sample index 199 (ep: 0, t: 200). Error: "Modality 'goal_image_primary' not found in the index for episode 0. Please ensure the dataset was enhanced correctly."
[2025-11-04 20:06:00,009][utils.vip_c_dataset][ERROR] - Error loading data for sample index 200 (ep: 0, t: 201). Error: "Modality 'goal_image_primary' not found in the index for episode 0. Please ensure the dataset was enhanced correctly."
[2025-11-04 20:06:00,010][utils.vip_c_dataset][ERROR] - Error loading data for sample index 201 (ep: 0, t: 202). Error: "Modality 'goal_image_primary' not found in the index for episode 0. Please ensure the dataset was enhanced correctly."
[2025-11-04 20:06:00,010][utils.vip_c_dataset][ERROR] - Error loading data for sample index 202 (ep: 0, t: 203). Error: "Modality 'goal_image_primary' not found in the index for episode 0. Please ensure the dataset was enhanced correctly."
[2025-11-04 20:06:00,012][utils.vip_c_dataset][ERROR] - Error loading data for sample index 203 (ep: 0, t: 204). Error: "Modality 'goal_image_primary' not found in the index for episode 0. Please ensure the dataset was enhanced correctly."
[2025-11-04 20:06:00,013][utils.vip_c_dataset][ERROR] - Error loading data for sample index 204 (ep: 0, t: 205). Error: "Modality 'goal_image_primary' not found in the index for episode 0. Please ensure the dataset was enhanced correctly."
[2025-11-04 20:06:00,013][utils.vip_c_dataset][ERROR] - Error loading data for sample index 205 (ep: 0, t: 206). Error: "Modality 'goal_image_primary' not found in the index for episode 0. Please ensure the dataset was enhanced correctly."
[2025-11-04 20:06:00,014][utils.vip_c_dataset][ERROR] - Error loading data for sample index 206 (ep: 0, t: 207). Error: "Modality 'goal_image_primary' not found in the index for episode 0. Please ensure the dataset was enhanced correctly."
[2025-11-04 20:06:00,014][utils.vip_c_dataset][ERROR] - Error loading data for sample index 207 (ep: 0, t: 208). Error: "Modality 'goal_image_primary' not found in the index for episode 0. Please ensure the dataset was enhanced correctly."
[2025-11-04 20:06:00,014][utils.vip_c_dataset][ERROR] - Error loading data for sample index 208 (ep: 0, t: 209). Error: "Modality 'goal_image_primary' not found in the index for episode 0. Please ensure the dataset was enhanced correctly."
[2025-11-04 20:06:00,015][utils.vip_c_dataset][ERROR] - Error loading data for sample index 209 (ep: 0, t: 210). Error: "Modality 'goal_image_primary' not found in the index for episode 0. Please ensure the dataset was enhanced correctly."
[2025-11-04 20:06:00,015][utils.vip_c_dataset][ERROR] - Error loading data for sample index 210 (ep: 0, t: 211). Error: "Modality 'goal_image_primary' not found in the index for episode 0. Please ensure the dataset was enhanced correctly."
[2025-11-04 20:06:00,016][utils.vip_c_dataset][ERROR] - Error loading data for sample index 211 (ep: 0, t: 212). Error: "Modality 'goal_image_primary' not found in the index for episode 0. Please ensure the dataset was enhanced correctly."
[2025-11-04 20:06:00,016][utils.vip_c_dataset][ERROR] - Error loading data for sample index 212 (ep: 0, t: 213). Error: "Modality 'goal_image_primary' not found in the index for episode 0. Please ensure the dataset was enhanced correctly."
[2025-11-04 20:06:00,017][utils.vip_c_dataset][ERROR] - Error loading data for sample index 213 (ep: 0, t: 214). Error: "Modality 'goal_image_primary' not found in the index for episode 0. Please ensure the dataset was enhanced correctly."
[2025-11-04 20:06:00,017][utils.vip_c_dataset][ERROR] - Error loading data for sample index 214 (ep: 0, t: 215). Error: "Modality 'goal_image_primary' not found in the index for episode 0. Please ensure the dataset was enhanced correctly."
[2025-11-04 20:06:00,017][utils.vip_c_dataset][ERROR] - Error loading data for sample index 215 (ep: 0, t: 216). Error: "Modality 'goal_image_primary' not found in the index for episode 0. Please ensure the dataset was enhanced correctly."
[2025-11-04 20:06:00,018][utils.vip_c_dataset][ERROR] - Error loading data for sample index 216 (ep: 0, t: 217). Error: "Modality 'goal_image_primary' not found in the index for episode 0. Please ensure the dataset was enhanced correctly."
[2025-11-04 20:06:00,018][utils.vip_c_dataset][ERROR] - Error loading data for sample index 217 (ep: 0, t: 218). Error: "Modality 'goal_image_primary' not found in the index for episode 0. Please ensure the dataset was enhanced correctly."
[2025-11-04 20:06:00,019][utils.vip_c_dataset][ERROR] - Error loading data for sample index 218 (ep: 0, t: 219). Error: "Modality 'goal_image_primary' not found in the index for episode 0. Please ensure the dataset was enhanced correctly."
[2025-11-04 20:06:00,019][utils.vip_c_dataset][ERROR] - Error loading data for sample index 219 (ep: 0, t: 220). Error: "Modality 'goal_image_primary' not found in the index for episode 0. Please ensure the dataset was enhanced correctly."
[2025-11-04 20:06:00,020][utils.vip_c_dataset][ERROR] - Error loading data for sample index 220 (ep: 0, t: 221). Error: "Modality 'goal_image_primary' not found in the index for episode 0. Please ensure the dataset was enhanced correctly."
[2025-11-04 20:06:00,020][utils.vip_c_dataset][ERROR] - Error loading data for sample index 221 (ep: 0, t: 222). Error: "Modality 'goal_image_primary' not found in the index for episode 0. Please ensure the dataset was enhanced correctly."
[2025-11-04 20:06:00,021][utils.vip_c_dataset][ERROR] - Error loading data for sample index 222 (ep: 0, t: 223). Error: "Modality 'goal_image_primary' not found in the index for episode 0. Please ensure the dataset was enhanced correctly."
[2025-11-04 20:06:00,022][utils.vip_c_dataset][ERROR] - Error loading data for sample index 223 (ep: 0, t: 224). Error: "Modality 'goal_image_primary' not found in the index for episode 0. Please ensure the dataset was enhanced correctly."
[2025-11-04 20:06:00,022][utils.vip_c_dataset][WARNING] - An entire batch of data loading failed. Skipping batch.
[2025-11-04 20:06:00,024][utils.vip_c_dataset][ERROR] - Error loading data for sample index 224 (ep: 0, t: 225). Error: "Modality 'goal_image_primary' not found in the index for episode 0. Please ensure the dataset was enhanced correctly."
[2025-11-04 20:06:00,024][utils.vip_c_dataset][ERROR] - Error loading data for sample index 225 (ep: 0, t: 226). Error: "Modality 'goal_image_primary' not found in the index for episode 0. Please ensure the dataset was enhanced correctly."
[2025-11-04 20:06:00,025][utils.vip_c_dataset][ERROR] - Error loading data for sample index 226 (ep: 0, t: 227). Error: "Modality 'goal_image_primary' not found in the index for episode 0. Please ensure the dataset was enhanced correctly."
[2025-11-04 20:06:00,025][utils.vip_c_dataset][ERROR] - Error loading data for sample index 227 (ep: 0, t: 228). Error: "Modality 'goal_image_primary' not found in the index for episode 0. Please ensure the dataset was enhanced correctly."
[2025-11-04 20:06:00,025][utils.vip_c_dataset][ERROR] - Error loading data for sample index 228 (ep: 0, t: 229). Error: "Modality 'goal_image_primary' not found in the index for episode 0. Please ensure the dataset was enhanced correctly."
[2025-11-04 20:06:00,026][utils.vip_c_dataset][ERROR] - Error loading data for sample index 229 (ep: 0, t: 230). Error: "Modality 'goal_image_primary' not found in the index for episode 0. Please ensure the dataset was enhanced correctly."
[2025-11-04 20:06:00,027][utils.vip_c_dataset][ERROR] - Error loading data for sample index 230 (ep: 0, t: 231). Error: "Modality 'goal_image_primary' not found in the index for episode 0. Please ensure the dataset was enhanced correctly."
[2025-11-04 20:06:00,027][utils.vip_c_dataset][ERROR] - Error loading data for sample index 231 (ep: 0, t: 232). Error: "Modality 'goal_image_primary' not found in the index for episode 0. Please ensure the dataset was enhanced correctly."
[2025-11-04 20:06:00,028][utils.vip_c_dataset][ERROR] - Error loading data for sample index 232 (ep: 0, t: 233). Error: "Modality 'goal_image_primary' not found in the index for episode 0. Please ensure the dataset was enhanced correctly."
[2025-11-04 20:06:00,028][utils.vip_c_dataset][ERROR] - Error loading data for sample index 233 (ep: 0, t: 234). Error: "Modality 'goal_image_primary' not found in the index for episode 0. Please ensure the dataset was enhanced correctly."
[2025-11-04 20:06:00,028][utils.vip_c_dataset][ERROR] - Error loading data for sample index 234 (ep: 0, t: 235). Error: "Modality 'goal_image_primary' not found in the index for episode 0. Please ensure the dataset was enhanced correctly."
[2025-11-04 20:06:00,029][utils.vip_c_dataset][ERROR] - Error loading data for sample index 235 (ep: 0, t: 236). Error: "Modality 'goal_image_primary' not found in the index for episode 0. Please ensure the dataset was enhanced correctly."
[2025-11-04 20:06:00,029][utils.vip_c_dataset][ERROR] - Error loading data for sample index 236 (ep: 0, t: 237). Error: "Modality 'goal_image_primary' not found in the index for episode 0. Please ensure the dataset was enhanced correctly."
[2025-11-04 20:06:00,029][utils.vip_c_dataset][ERROR] - Error loading data for sample index 237 (ep: 0, t: 238). Error: "Modality 'goal_image_primary' not found in the index for episode 0. Please ensure the dataset was enhanced correctly."
[2025-11-04 20:06:00,030][utils.vip_c_dataset][ERROR] - Error loading data for sample index 238 (ep: 0, t: 239). Error: "Modality 'goal_image_primary' not found in the index for episode 0. Please ensure the dataset was enhanced correctly."
[2025-11-04 20:06:00,030][utils.vip_c_dataset][ERROR] - Error loading data for sample index 239 (ep: 0, t: 240). Error: "Modality 'goal_image_primary' not found in the index for episode 0. Please ensure the dataset was enhanced correctly."
[2025-11-04 20:06:00,031][utils.vip_c_dataset][ERROR] - Error loading data for sample index 240 (ep: 0, t: 241). Error: "Modality 'goal_image_primary' not found in the index for episode 0. Please ensure the dataset was enhanced correctly."
[2025-11-04 20:06:00,031][utils.vip_c_dataset][ERROR] - Error loading data for sample index 241 (ep: 0, t: 242). Error: "Modality 'goal_image_primary' not found in the index for episode 0. Please ensure the dataset was enhanced correctly."
[2025-11-04 20:06:00,032][utils.vip_c_dataset][ERROR] - Error loading data for sample index 242 (ep: 0, t: 243). Error: "Modality 'goal_image_primary' not found in the index for episode 0. Please ensure the dataset was enhanced correctly."
[2025-11-04 20:06:00,032][utils.vip_c_dataset][ERROR] - Error loading data for sample index 243 (ep: 0, t: 244). Error: "Modality 'goal_image_primary' not found in the index for episode 0. Please ensure the dataset was enhanced correctly."
[2025-11-04 20:06:00,032][utils.vip_c_dataset][ERROR] - Error loading data for sample index 244 (ep: 0, t: 245). Error: "Modality 'goal_image_primary' not found in the index for episode 0. Please ensure the dataset was enhanced correctly."
[2025-11-04 20:06:00,033][utils.vip_c_dataset][ERROR] - Error loading data for sample index 245 (ep: 0, t: 246). Error: "Modality 'goal_image_primary' not found in the index for episode 0. Please ensure the dataset was enhanced correctly."
[2025-11-04 20:06:00,033][utils.vip_c_dataset][ERROR] - Error loading data for sample index 246 (ep: 0, t: 247). Error: "Modality 'goal_image_primary' not found in the index for episode 0. Please ensure the dataset was enhanced correctly."
[2025-11-04 20:06:00,034][utils.vip_c_dataset][ERROR] - Error loading data for sample index 247 (ep: 0, t: 248). Error: "Modality 'goal_image_primary' not found in the index for episode 0. Please ensure the dataset was enhanced correctly."
[2025-11-04 20:06:00,034][utils.vip_c_dataset][ERROR] - Error loading data for sample index 248 (ep: 0, t: 249). Error: "Modality 'goal_image_primary' not found in the index for episode 0. Please ensure the dataset was enhanced correctly."
[2025-11-04 20:06:00,034][utils.vip_c_dataset][ERROR] - Error loading data for sample index 249 (ep: 0, t: 250). Error: "Modality 'goal_image_primary' not found in the index for episode 0. Please ensure the dataset was enhanced correctly."
[2025-11-04 20:06:00,035][utils.vip_c_dataset][ERROR] - Error loading data for sample index 250 (ep: 0, t: 251). Error: "Modality 'goal_image_primary' not found in the index for episode 0. Please ensure the dataset was enhanced correctly."
[2025-11-04 20:06:00,035][utils.vip_c_dataset][ERROR] - Error loading data for sample index 251 (ep: 0, t: 252). Error: "Modality 'goal_image_primary' not found in the index for episode 0. Please ensure the dataset was enhanced correctly."
[2025-11-04 20:06:00,036][utils.vip_c_dataset][ERROR] - Error loading data for sample index 252 (ep: 0, t: 253). Error: "Modality 'goal_image_primary' not found in the index for episode 0. Please ensure the dataset was enhanced correctly."
[2025-11-04 20:06:00,036][utils.vip_c_dataset][ERROR] - Error loading data for sample index 253 (ep: 0, t: 254). Error: "Modality 'goal_image_primary' not found in the index for episode 0. Please ensure the dataset was enhanced correctly."
[2025-11-04 20:06:00,037][utils.vip_c_dataset][ERROR] - Error loading data for sample index 254 (ep: 0, t: 255). Error: "Modality 'goal_image_primary' not found in the index for episode 0. Please ensure the dataset was enhanced correctly."
[2025-11-04 20:06:00,037][utils.vip_c_dataset][ERROR] - Error loading data for sample index 255 (ep: 0, t: 256). Error: "Modality 'goal_image_primary' not found in the index for episode 0. Please ensure the dataset was enhanced correctly."
[2025-11-04 20:06:00,037][utils.vip_c_dataset][WARNING] - An entire batch of data loading failed. Skipping batch.
[2025-11-04 20:06:00,039][utils.vip_c_dataset][ERROR] - Error loading data for sample index 256 (ep: 0, t: 257). Error: "Modality 'goal_image_primary' not found in the index for episode 0. Please ensure the dataset was enhanced correctly."
[2025-11-04 20:06:00,039][utils.vip_c_dataset][ERROR] - Error loading data for sample index 257 (ep: 0, t: 258). Error: "Modality 'goal_image_primary' not found in the index for episode 0. Please ensure the dataset was enhanced correctly."
[2025-11-04 20:06:00,040][utils.vip_c_dataset][ERROR] - Error loading data for sample index 258 (ep: 0, t: 259). Error: "Modality 'goal_image_primary' not found in the index for episode 0. Please ensure the dataset was enhanced correctly."
[2025-11-04 20:06:00,041][utils.vip_c_dataset][ERROR] - Error loading data for sample index 259 (ep: 0, t: 260). Error: "Modality 'goal_image_primary' not found in the index for episode 0. Please ensure the dataset was enhanced correctly."
[2025-11-04 20:06:00,041][utils.vip_c_dataset][ERROR] - Error loading data for sample index 260 (ep: 0, t: 261). Error: "Modality 'goal_image_primary' not found in the index for episode 0. Please ensure the dataset was enhanced correctly."
[2025-11-04 20:06:00,042][utils.vip_c_dataset][ERROR] - Error loading data for sample index 261 (ep: 0, t: 262). Error: "Modality 'goal_image_primary' not found in the index for episode 0. Please ensure the dataset was enhanced correctly."
[2025-11-04 20:06:00,042][utils.vip_c_dataset][ERROR] - Error loading data for sample index 262 (ep: 0, t: 263). Error: "Modality 'goal_image_primary' not found in the index for episode 0. Please ensure the dataset was enhanced correctly."
[2025-11-04 20:06:00,043][utils.vip_c_dataset][ERROR] - Error loading data for sample index 263 (ep: 0, t: 264). Error: "Modality 'goal_image_primary' not found in the index for episode 0. Please ensure the dataset was enhanced correctly."
[2025-11-04 20:06:00,043][utils.vip_c_dataset][ERROR] - Error loading data for sample index 264 (ep: 0, t: 265). Error: "Modality 'goal_image_primary' not found in the index for episode 0. Please ensure the dataset was enhanced correctly."
[2025-11-04 20:06:00,044][utils.vip_c_dataset][ERROR] - Error loading data for sample index 265 (ep: 0, t: 266). Error: "Modality 'goal_image_primary' not found in the index for episode 0. Please ensure the dataset was enhanced correctly."
[2025-11-04 20:06:00,044][utils.vip_c_dataset][ERROR] - Error loading data for sample index 266 (ep: 0, t: 267). Error: "Modality 'goal_image_primary' not found in the index for episode 0. Please ensure the dataset was enhanced correctly."
[2025-11-04 20:06:00,044][utils.vip_c_dataset][ERROR] - Error loading data for sample index 267 (ep: 0, t: 268). Error: "Modality 'goal_image_primary' not found in the index for episode 0. Please ensure the dataset was enhanced correctly."
[2025-11-04 20:06:00,045][utils.vip_c_dataset][ERROR] - Error loading data for sample index 268 (ep: 0, t: 269). Error: "Modality 'goal_image_primary' not found in the index for episode 0. Please ensure the dataset was enhanced correctly."
[2025-11-04 20:06:00,045][utils.vip_c_dataset][ERROR] - Error loading data for sample index 269 (ep: 0, t: 270). Error: "Modality 'goal_image_primary' not found in the index for episode 0. Please ensure the dataset was enhanced correctly."
[2025-11-04 20:06:00,046][utils.vip_c_dataset][ERROR] - Error loading data for sample index 270 (ep: 0, t: 271). Error: "Modality 'goal_image_primary' not found in the index for episode 0. Please ensure the dataset was enhanced correctly."
[2025-11-04 20:06:00,046][utils.vip_c_dataset][ERROR] - Error loading data for sample index 271 (ep: 0, t: 272). Error: "Modality 'goal_image_primary' not found in the index for episode 0. Please ensure the dataset was enhanced correctly."
[2025-11-04 20:06:00,046][utils.vip_c_dataset][ERROR] - Error loading data for sample index 272 (ep: 0, t: 273). Error: "Modality 'goal_image_primary' not found in the index for episode 0. Please ensure the dataset was enhanced correctly."
[2025-11-04 20:06:00,047][utils.vip_c_dataset][ERROR] - Error loading data for sample index 273 (ep: 0, t: 274). Error: "Modality 'goal_image_primary' not found in the index for episode 0. Please ensure the dataset was enhanced correctly."
[2025-11-04 20:06:00,047][utils.vip_c_dataset][ERROR] - Error loading data for sample index 274 (ep: 0, t: 275). Error: "Modality 'goal_image_primary' not found in the index for episode 0. Please ensure the dataset was enhanced correctly."
[2025-11-04 20:06:00,048][utils.vip_c_dataset][ERROR] - Error loading data for sample index 275 (ep: 0, t: 276). Error: "Modality 'goal_image_primary' not found in the index for episode 0. Please ensure the dataset was enhanced correctly."
[2025-11-04 20:06:00,048][utils.vip_c_dataset][ERROR] - Error loading data for sample index 276 (ep: 0, t: 277). Error: "Modality 'goal_image_primary' not found in the index for episode 0. Please ensure the dataset was enhanced correctly."
[2025-11-04 20:06:00,049][utils.vip_c_dataset][ERROR] - Error loading data for sample index 277 (ep: 0, t: 278). Error: "Modality 'goal_image_primary' not found in the index for episode 0. Please ensure the dataset was enhanced correctly."
[2025-11-04 20:06:00,049][utils.vip_c_dataset][ERROR] - Error loading data for sample index 278 (ep: 0, t: 279). Error: "Modality 'goal_image_primary' not found in the index for episode 0. Please ensure the dataset was enhanced correctly."
[2025-11-04 20:06:00,049][utils.vip_c_dataset][ERROR] - Error loading data for sample index 279 (ep: 0, t: 280). Error: "Modality 'goal_image_primary' not found in the index for episode 0. Please ensure the dataset was enhanced correctly."
[2025-11-04 20:06:00,050][utils.vip_c_dataset][ERROR] - Error loading data for sample index 280 (ep: 0, t: 281). Error: "Modality 'goal_image_primary' not found in the index for episode 0. Please ensure the dataset was enhanced correctly."
[2025-11-04 20:06:00,050][utils.vip_c_dataset][ERROR] - Error loading data for sample index 281 (ep: 0, t: 282). Error: "Modality 'goal_image_primary' not found in the index for episode 0. Please ensure the dataset was enhanced correctly."
[2025-11-04 20:06:00,051][utils.vip_c_dataset][ERROR] - Error loading data for sample index 282 (ep: 0, t: 283). Error: "Modality 'goal_image_primary' not found in the index for episode 0. Please ensure the dataset was enhanced correctly."
[2025-11-04 20:06:00,051][utils.vip_c_dataset][ERROR] - Error loading data for sample index 283 (ep: 0, t: 284). Error: "Modality 'goal_image_primary' not found in the index for episode 0. Please ensure the dataset was enhanced correctly."
[2025-11-04 20:06:00,051][utils.vip_c_dataset][ERROR] - Error loading data for sample index 284 (ep: 0, t: 285). Error: "Modality 'goal_image_primary' not found in the index for episode 0. Please ensure the dataset was enhanced correctly."
[2025-11-04 20:06:00,052][utils.vip_c_dataset][ERROR] - Error loading data for sample index 285 (ep: 0, t: 286). Error: "Modality 'goal_image_primary' not found in the index for episode 0. Please ensure the dataset was enhanced correctly."
[2025-11-04 20:06:00,052][utils.vip_c_dataset][ERROR] - Error loading data for sample index 286 (ep: 0, t: 287). Error: "Modality 'goal_image_primary' not found in the index for episode 0. Please ensure the dataset was enhanced correctly."
[2025-11-04 20:06:00,053][utils.vip_c_dataset][ERROR] - Error loading data for sample index 287 (ep: 0, t: 288). Error: "Modality 'goal_image_primary' not found in the index for episode 0. Please ensure the dataset was enhanced correctly."
[2025-11-04 20:06:00,053][utils.vip_c_dataset][WARNING] - An entire batch of data loading failed. Skipping batch.
[2025-11-04 20:06:00,054][utils.vip_c_dataset][ERROR] - Error loading data for sample index 288 (ep: 0, t: 289). Error: "Modality 'goal_image_primary' not found in the index for episode 0. Please ensure the dataset was enhanced correctly."
[2025-11-04 20:06:00,054][utils.vip_c_dataset][ERROR] - Error loading data for sample index 289 (ep: 0, t: 290). Error: "Modality 'goal_image_primary' not found in the index for episode 0. Please ensure the dataset was enhanced correctly."
[2025-11-04 20:06:00,055][utils.vip_c_dataset][ERROR] - Error loading data for sample index 290 (ep: 0, t: 291). Error: "Modality 'goal_image_primary' not found in the index for episode 0. Please ensure the dataset was enhanced correctly."
[2025-11-04 20:06:00,055][utils.vip_c_dataset][ERROR] - Error loading data for sample index 291 (ep: 0, t: 292). Error: "Modality 'goal_image_primary' not found in the index for episode 0. Please ensure the dataset was enhanced correctly."
[2025-11-04 20:06:00,056][utils.vip_c_dataset][ERROR] - Error loading data for sample index 292 (ep: 0, t: 293). Error: "Modality 'goal_image_primary' not found in the index for episode 0. Please ensure the dataset was enhanced correctly."
[2025-11-04 20:06:00,244][utils.vip_c_dataset][ERROR] - Error loading data for sample index 293 (ep: 1, t: 1). Error: "Modality 'goal_image_primary' not found in the index for episode 1. Please ensure the dataset was enhanced correctly."
[2025-11-04 20:06:00,244][utils.vip_c_dataset][ERROR] - Error loading data for sample index 294 (ep: 1, t: 2). Error: "Modality 'goal_image_primary' not found in the index for episode 1. Please ensure the dataset was enhanced correctly."
[2025-11-04 20:06:00,245][utils.vip_c_dataset][ERROR] - Error loading data for sample index 295 (ep: 1, t: 3). Error: "Modality 'goal_image_primary' not found in the index for episode 1. Please ensure the dataset was enhanced correctly."
[2025-11-04 20:06:00,246][utils.vip_c_dataset][ERROR] - Error loading data for sample index 296 (ep: 1, t: 4). Error: "Modality 'goal_image_primary' not found in the index for episode 1. Please ensure the dataset was enhanced correctly."
[2025-11-04 20:06:00,246][utils.vip_c_dataset][ERROR] - Error loading data for sample index 297 (ep: 1, t: 5). Error: "Modality 'goal_image_primary' not found in the index for episode 1. Please ensure the dataset was enhanced correctly."
[2025-11-04 20:06:00,247][utils.vip_c_dataset][ERROR] - Error loading data for sample index 298 (ep: 1, t: 6). Error: "Modality 'goal_image_primary' not found in the index for episode 1. Please ensure the dataset was enhanced correctly."
[2025-11-04 20:06:00,248][utils.vip_c_dataset][ERROR] - Error loading data for sample index 299 (ep: 1, t: 7). Error: "Modality 'goal_image_primary' not found in the index for episode 1. Please ensure the dataset was enhanced correctly."
[2025-11-04 20:06:00,248][utils.vip_c_dataset][ERROR] - Error loading data for sample index 300 (ep: 1, t: 8). Error: "Modality 'goal_image_primary' not found in the index for episode 1. Please ensure the dataset was enhanced correctly."
[2025-11-04 20:06:00,249][utils.vip_c_dataset][ERROR] - Error loading data for sample index 301 (ep: 1, t: 9). Error: "Modality 'goal_image_primary' not found in the index for episode 1. Please ensure the dataset was enhanced correctly."
[2025-11-04 20:06:00,249][utils.vip_c_dataset][ERROR] - Error loading data for sample index 302 (ep: 1, t: 10). Error: "Modality 'goal_image_primary' not found in the index for episode 1. Please ensure the dataset was enhanced correctly."
[2025-11-04 20:06:00,250][utils.vip_c_dataset][ERROR] - Error loading data for sample index 303 (ep: 1, t: 11). Error: "Modality 'goal_image_primary' not found in the index for episode 1. Please ensure the dataset was enhanced correctly."
[2025-11-04 20:06:00,250][utils.vip_c_dataset][ERROR] - Error loading data for sample index 304 (ep: 1, t: 12). Error: "Modality 'goal_image_primary' not found in the index for episode 1. Please ensure the dataset was enhanced correctly."
[2025-11-04 20:06:00,251][utils.vip_c_dataset][ERROR] - Error loading data for sample index 305 (ep: 1, t: 13). Error: "Modality 'goal_image_primary' not found in the index for episode 1. Please ensure the dataset was enhanced correctly."
[2025-11-04 20:06:00,251][utils.vip_c_dataset][ERROR] - Error loading data for sample index 306 (ep: 1, t: 14). Error: "Modality 'goal_image_primary' not found in the index for episode 1. Please ensure the dataset was enhanced correctly."
[2025-11-04 20:06:00,252][utils.vip_c_dataset][ERROR] - Error loading data for sample index 307 (ep: 1, t: 15). Error: "Modality 'goal_image_primary' not found in the index for episode 1. Please ensure the dataset was enhanced correctly."
[2025-11-04 20:06:00,252][utils.vip_c_dataset][ERROR] - Error loading data for sample index 308 (ep: 1, t: 16). Error: "Modality 'goal_image_primary' not found in the index for episode 1. Please ensure the dataset was enhanced correctly."
[2025-11-04 20:06:00,253][utils.vip_c_dataset][ERROR] - Error loading data for sample index 309 (ep: 1, t: 17). Error: "Modality 'goal_image_primary' not found in the index for episode 1. Please ensure the dataset was enhanced correctly."
[2025-11-04 20:06:00,254][utils.vip_c_dataset][ERROR] - Error loading data for sample index 310 (ep: 1, t: 18). Error: "Modality 'goal_image_primary' not found in the index for episode 1. Please ensure the dataset was enhanced correctly."
[2025-11-04 20:06:00,254][utils.vip_c_dataset][ERROR] - Error loading data for sample index 311 (ep: 1, t: 19). Error: "Modality 'goal_image_primary' not found in the index for episode 1. Please ensure the dataset was enhanced correctly."
[2025-11-04 20:06:00,255][utils.vip_c_dataset][ERROR] - Error loading data for sample index 312 (ep: 1, t: 20). Error: "Modality 'goal_image_primary' not found in the index for episode 1. Please ensure the dataset was enhanced correctly."
[2025-11-04 20:06:00,255][utils.vip_c_dataset][ERROR] - Error loading data for sample index 313 (ep: 1, t: 21). Error: "Modality 'goal_image_primary' not found in the index for episode 1. Please ensure the dataset was enhanced correctly."
[2025-11-04 20:06:00,256][utils.vip_c_dataset][ERROR] - Error loading data for sample index 314 (ep: 1, t: 22). Error: "Modality 'goal_image_primary' not found in the index for episode 1. Please ensure the dataset was enhanced correctly."
[2025-11-04 20:06:00,256][utils.vip_c_dataset][ERROR] - Error loading data for sample index 315 (ep: 1, t: 23). Error: "Modality 'goal_image_primary' not found in the index for episode 1. Please ensure the dataset was enhanced correctly."
[2025-11-04 20:06:00,257][utils.vip_c_dataset][ERROR] - Error loading data for sample index 316 (ep: 1, t: 24). Error: "Modality 'goal_image_primary' not found in the index for episode 1. Please ensure the dataset was enhanced correctly."
[2025-11-04 20:06:00,258][utils.vip_c_dataset][ERROR] - Error loading data for sample index 317 (ep: 1, t: 25). Error: "Modality 'goal_image_primary' not found in the index for episode 1. Please ensure the dataset was enhanced correctly."
[2025-11-04 20:06:00,258][utils.vip_c_dataset][ERROR] - Error loading data for sample index 318 (ep: 1, t: 26). Error: "Modality 'goal_image_primary' not found in the index for episode 1. Please ensure the dataset was enhanced correctly."
[2025-11-04 20:06:00,259][utils.vip_c_dataset][ERROR] - Error loading data for sample index 319 (ep: 1, t: 27). Error: "Modality 'goal_image_primary' not found in the index for episode 1. Please ensure the dataset was enhanced correctly."
[2025-11-04 20:06:00,259][utils.vip_c_dataset][WARNING] - An entire batch of data loading failed. Skipping batch.
[2025-11-04 20:06:00,260][utils.vip_c_dataset][ERROR] - Error loading data for sample index 320 (ep: 1, t: 28). Error: "Modality 'goal_image_primary' not found in the index for episode 1. Please ensure the dataset was enhanced correctly."
[2025-11-04 20:06:00,260][utils.vip_c_dataset][ERROR] - Error loading data for sample index 321 (ep: 1, t: 29). Error: "Modality 'goal_image_primary' not found in the index for episode 1. Please ensure the dataset was enhanced correctly."
[2025-11-04 20:06:00,261][utils.vip_c_dataset][ERROR] - Error loading data for sample index 322 (ep: 1, t: 30). Error: "Modality 'goal_image_primary' not found in the index for episode 1. Please ensure the dataset was enhanced correctly."
[2025-11-04 20:06:00,262][utils.vip_c_dataset][ERROR] - Error loading data for sample index 323 (ep: 1, t: 31). Error: "Modality 'goal_image_primary' not found in the index for episode 1. Please ensure the dataset was enhanced correctly."
[2025-11-04 20:06:00,262][utils.vip_c_dataset][ERROR] - Error loading data for sample index 324 (ep: 1, t: 32). Error: "Modality 'goal_image_primary' not found in the index for episode 1. Please ensure the dataset was enhanced correctly."
[2025-11-04 20:06:00,263][utils.vip_c_dataset][ERROR] - Error loading data for sample index 325 (ep: 1, t: 33). Error: "Modality 'goal_image_primary' not found in the index for episode 1. Please ensure the dataset was enhanced correctly."
[2025-11-04 20:06:00,263][utils.vip_c_dataset][ERROR] - Error loading data for sample index 326 (ep: 1, t: 34). Error: "Modality 'goal_image_primary' not found in the index for episode 1. Please ensure the dataset was enhanced correctly."
[2025-11-04 20:06:00,264][utils.vip_c_dataset][ERROR] - Error loading data for sample index 327 (ep: 1, t: 35). Error: "Modality 'goal_image_primary' not found in the index for episode 1. Please ensure the dataset was enhanced correctly."
[2025-11-04 20:06:00,264][utils.vip_c_dataset][ERROR] - Error loading data for sample index 328 (ep: 1, t: 36). Error: "Modality 'goal_image_primary' not found in the index for episode 1. Please ensure the dataset was enhanced correctly."
[2025-11-04 20:06:00,265][utils.vip_c_dataset][ERROR] - Error loading data for sample index 329 (ep: 1, t: 37). Error: "Modality 'goal_image_primary' not found in the index for episode 1. Please ensure the dataset was enhanced correctly."
[2025-11-04 20:06:00,265][utils.vip_c_dataset][ERROR] - Error loading data for sample index 330 (ep: 1, t: 38). Error: "Modality 'goal_image_primary' not found in the index for episode 1. Please ensure the dataset was enhanced correctly."
[2025-11-04 20:06:00,266][utils.vip_c_dataset][ERROR] - Error loading data for sample index 331 (ep: 1, t: 39). Error: "Modality 'goal_image_primary' not found in the index for episode 1. Please ensure the dataset was enhanced correctly."
[2025-11-04 20:06:00,266][utils.vip_c_dataset][ERROR] - Error loading data for sample index 332 (ep: 1, t: 40). Error: "Modality 'goal_image_primary' not found in the index for episode 1. Please ensure the dataset was enhanced correctly."
[2025-11-04 20:06:00,267][utils.vip_c_dataset][ERROR] - Error loading data for sample index 333 (ep: 1, t: 41). Error: "Modality 'goal_image_primary' not found in the index for episode 1. Please ensure the dataset was enhanced correctly."
[2025-11-04 20:06:00,267][utils.vip_c_dataset][ERROR] - Error loading data for sample index 334 (ep: 1, t: 42). Error: "Modality 'goal_image_primary' not found in the index for episode 1. Please ensure the dataset was enhanced correctly."
[2025-11-04 20:06:00,268][utils.vip_c_dataset][ERROR] - Error loading data for sample index 335 (ep: 1, t: 43). Error: "Modality 'goal_image_primary' not found in the index for episode 1. Please ensure the dataset was enhanced correctly."
[2025-11-04 20:06:00,269][utils.vip_c_dataset][ERROR] - Error loading data for sample index 336 (ep: 1, t: 44). Error: "Modality 'goal_image_primary' not found in the index for episode 1. Please ensure the dataset was enhanced correctly."
[2025-11-04 20:06:00,269][utils.vip_c_dataset][ERROR] - Error loading data for sample index 337 (ep: 1, t: 45). Error: "Modality 'goal_image_primary' not found in the index for episode 1. Please ensure the dataset was enhanced correctly."
[2025-11-04 20:06:00,270][utils.vip_c_dataset][ERROR] - Error loading data for sample index 338 (ep: 1, t: 46). Error: "Modality 'goal_image_primary' not found in the index for episode 1. Please ensure the dataset was enhanced correctly."
[2025-11-04 20:06:00,270][utils.vip_c_dataset][ERROR] - Error loading data for sample index 339 (ep: 1, t: 47). Error: "Modality 'goal_image_primary' not found in the index for episode 1. Please ensure the dataset was enhanced correctly."
[2025-11-04 20:06:00,271][utils.vip_c_dataset][ERROR] - Error loading data for sample index 340 (ep: 1, t: 48). Error: "Modality 'goal_image_primary' not found in the index for episode 1. Please ensure the dataset was enhanced correctly."
[2025-11-04 20:06:00,271][utils.vip_c_dataset][ERROR] - Error loading data for sample index 341 (ep: 1, t: 49). Error: "Modality 'goal_image_primary' not found in the index for episode 1. Please ensure the dataset was enhanced correctly."
[2025-11-04 20:06:00,272][utils.vip_c_dataset][ERROR] - Error loading data for sample index 342 (ep: 1, t: 50). Error: "Modality 'goal_image_primary' not found in the index for episode 1. Please ensure the dataset was enhanced correctly."
[2025-11-04 20:06:00,272][utils.vip_c_dataset][ERROR] - Error loading data for sample index 343 (ep: 1, t: 51). Error: "Modality 'goal_image_primary' not found in the index for episode 1. Please ensure the dataset was enhanced correctly."
[2025-11-04 20:06:00,273][utils.vip_c_dataset][ERROR] - Error loading data for sample index 344 (ep: 1, t: 52). Error: "Modality 'goal_image_primary' not found in the index for episode 1. Please ensure the dataset was enhanced correctly."
[2025-11-04 20:06:00,274][utils.vip_c_dataset][ERROR] - Error loading data for sample index 345 (ep: 1, t: 53). Error: "Modality 'goal_image_primary' not found in the index for episode 1. Please ensure the dataset was enhanced correctly."
[2025-11-04 20:06:00,275][utils.vip_c_dataset][ERROR] - Error loading data for sample index 346 (ep: 1, t: 54). Error: "Modality 'goal_image_primary' not found in the index for episode 1. Please ensure the dataset was enhanced correctly."
[2025-11-04 20:06:00,275][utils.vip_c_dataset][ERROR] - Error loading data for sample index 347 (ep: 1, t: 55). Error: "Modality 'goal_image_primary' not found in the index for episode 1. Please ensure the dataset was enhanced correctly."
[2025-11-04 20:06:00,276][utils.vip_c_dataset][ERROR] - Error loading data for sample index 348 (ep: 1, t: 56). Error: "Modality 'goal_image_primary' not found in the index for episode 1. Please ensure the dataset was enhanced correctly."
[2025-11-04 20:06:00,276][utils.vip_c_dataset][ERROR] - Error loading data for sample index 349 (ep: 1, t: 57). Error: "Modality 'goal_image_primary' not found in the index for episode 1. Please ensure the dataset was enhanced correctly."
[2025-11-04 20:06:00,277][utils.vip_c_dataset][ERROR] - Error loading data for sample index 350 (ep: 1, t: 58). Error: "Modality 'goal_image_primary' not found in the index for episode 1. Please ensure the dataset was enhanced correctly."
[2025-11-04 20:06:00,277][utils.vip_c_dataset][ERROR] - Error loading data for sample index 351 (ep: 1, t: 59). Error: "Modality 'goal_image_primary' not found in the index for episode 1. Please ensure the dataset was enhanced correctly."
[2025-11-04 20:06:00,278][utils.vip_c_dataset][WARNING] - An entire batch of data loading failed. Skipping batch.
[2025-11-04 20:06:00,279][utils.vip_c_dataset][ERROR] - Error loading data for sample index 352 (ep: 1, t: 60). Error: "Modality 'goal_image_primary' not found in the index for episode 1. Please ensure the dataset was enhanced correctly."
[2025-11-04 20:06:00,279][utils.vip_c_dataset][ERROR] - Error loading data for sample index 353 (ep: 1, t: 61). Error: "Modality 'goal_image_primary' not found in the index for episode 1. Please ensure the dataset was enhanced correctly."
[2025-11-04 20:06:00,280][utils.vip_c_dataset][ERROR] - Error loading data for sample index 354 (ep: 1, t: 62). Error: "Modality 'goal_image_primary' not found in the index for episode 1. Please ensure the dataset was enhanced correctly."
[2025-11-04 20:06:00,281][utils.vip_c_dataset][ERROR] - Error loading data for sample index 355 (ep: 1, t: 63). Error: "Modality 'goal_image_primary' not found in the index for episode 1. Please ensure the dataset was enhanced correctly."
[2025-11-04 20:06:00,281][utils.vip_c_dataset][ERROR] - Error loading data for sample index 356 (ep: 1, t: 64). Error: "Modality 'goal_image_primary' not found in the index for episode 1. Please ensure the dataset was enhanced correctly."
[2025-11-04 20:06:00,282][utils.vip_c_dataset][ERROR] - Error loading data for sample index 357 (ep: 1, t: 65). Error: "Modality 'goal_image_primary' not found in the index for episode 1. Please ensure the dataset was enhanced correctly."
[2025-11-04 20:06:00,282][utils.vip_c_dataset][ERROR] - Error loading data for sample index 358 (ep: 1, t: 66). Error: "Modality 'goal_image_primary' not found in the index for episode 1. Please ensure the dataset was enhanced correctly."
[2025-11-04 20:06:00,283][utils.vip_c_dataset][ERROR] - Error loading data for sample index 359 (ep: 1, t: 67). Error: "Modality 'goal_image_primary' not found in the index for episode 1. Please ensure the dataset was enhanced correctly."
[2025-11-04 20:06:00,283][utils.vip_c_dataset][ERROR] - Error loading data for sample index 360 (ep: 1, t: 68). Error: "Modality 'goal_image_primary' not found in the index for episode 1. Please ensure the dataset was enhanced correctly."
[2025-11-04 20:06:00,284][utils.vip_c_dataset][ERROR] - Error loading data for sample index 361 (ep: 1, t: 69). Error: "Modality 'goal_image_primary' not found in the index for episode 1. Please ensure the dataset was enhanced correctly."
[2025-11-04 20:06:00,285][utils.vip_c_dataset][ERROR] - Error loading data for sample index 362 (ep: 1, t: 70). Error: "Modality 'goal_image_primary' not found in the index for episode 1. Please ensure the dataset was enhanced correctly."
[2025-11-04 20:06:00,285][utils.vip_c_dataset][ERROR] - Error loading data for sample index 363 (ep: 1, t: 71). Error: "Modality 'goal_image_primary' not found in the index for episode 1. Please ensure the dataset was enhanced correctly."
[2025-11-04 20:06:00,286][utils.vip_c_dataset][ERROR] - Error loading data for sample index 364 (ep: 1, t: 72). Error: "Modality 'goal_image_primary' not found in the index for episode 1. Please ensure the dataset was enhanced correctly."
[2025-11-04 20:06:00,286][utils.vip_c_dataset][ERROR] - Error loading data for sample index 365 (ep: 1, t: 73). Error: "Modality 'goal_image_primary' not found in the index for episode 1. Please ensure the dataset was enhanced correctly."
[2025-11-04 20:06:00,287][utils.vip_c_dataset][ERROR] - Error loading data for sample index 366 (ep: 1, t: 74). Error: "Modality 'goal_image_primary' not found in the index for episode 1. Please ensure the dataset was enhanced correctly."
[2025-11-04 20:06:00,287][utils.vip_c_dataset][ERROR] - Error loading data for sample index 367 (ep: 1, t: 75). Error: "Modality 'goal_image_primary' not found in the index for episode 1. Please ensure the dataset was enhanced correctly."
[2025-11-04 20:06:00,288][utils.vip_c_dataset][ERROR] - Error loading data for sample index 368 (ep: 1, t: 76). Error: "Modality 'goal_image_primary' not found in the index for episode 1. Please ensure the dataset was enhanced correctly."
[2025-11-04 20:06:00,289][utils.vip_c_dataset][ERROR] - Error loading data for sample index 369 (ep: 1, t: 77). Error: "Modality 'goal_image_primary' not found in the index for episode 1. Please ensure the dataset was enhanced correctly."
[2025-11-04 20:06:00,289][utils.vip_c_dataset][ERROR] - Error loading data for sample index 370 (ep: 1, t: 78). Error: "Modality 'goal_image_primary' not found in the index for episode 1. Please ensure the dataset was enhanced correctly."
[2025-11-04 20:06:00,290][utils.vip_c_dataset][ERROR] - Error loading data for sample index 371 (ep: 1, t: 79). Error: "Modality 'goal_image_primary' not found in the index for episode 1. Please ensure the dataset was enhanced correctly."
[2025-11-04 20:06:00,290][utils.vip_c_dataset][ERROR] - Error loading data for sample index 372 (ep: 1, t: 80). Error: "Modality 'goal_image_primary' not found in the index for episode 1. Please ensure the dataset was enhanced correctly."
[2025-11-04 20:06:00,291][utils.vip_c_dataset][ERROR] - Error loading data for sample index 373 (ep: 1, t: 81). Error: "Modality 'goal_image_primary' not found in the index for episode 1. Please ensure the dataset was enhanced correctly."
[2025-11-04 20:06:00,291][utils.vip_c_dataset][ERROR] - Error loading data for sample index 374 (ep: 1, t: 82). Error: "Modality 'goal_image_primary' not found in the index for episode 1. Please ensure the dataset was enhanced correctly."
[2025-11-04 20:06:00,292][utils.vip_c_dataset][ERROR] - Error loading data for sample index 375 (ep: 1, t: 83). Error: "Modality 'goal_image_primary' not found in the index for episode 1. Please ensure the dataset was enhanced correctly."
[2025-11-04 20:06:00,293][utils.vip_c_dataset][ERROR] - Error loading data for sample index 376 (ep: 1, t: 84). Error: "Modality 'goal_image_primary' not found in the index for episode 1. Please ensure the dataset was enhanced correctly."
[2025-11-04 20:06:00,293][utils.vip_c_dataset][ERROR] - Error loading data for sample index 377 (ep: 1, t: 85). Error: "Modality 'goal_image_primary' not found in the index for episode 1. Please ensure the dataset was enhanced correctly."
[2025-11-04 20:06:00,294][utils.vip_c_dataset][ERROR] - Error loading data for sample index 378 (ep: 1, t: 86). Error: "Modality 'goal_image_primary' not found in the index for episode 1. Please ensure the dataset was enhanced correctly."
[2025-11-04 20:06:00,294][utils.vip_c_dataset][ERROR] - Error loading data for sample index 379 (ep: 1, t: 87). Error: "Modality 'goal_image_primary' not found in the index for episode 1. Please ensure the dataset was enhanced correctly."
[2025-11-04 20:06:00,294][utils.vip_c_dataset][ERROR] - Error loading data for sample index 380 (ep: 1, t: 88). Error: "Modality 'goal_image_primary' not found in the index for episode 1. Please ensure the dataset was enhanced correctly."
[2025-11-04 20:06:00,295][utils.vip_c_dataset][ERROR] - Error loading data for sample index 381 (ep: 1, t: 89). Error: "Modality 'goal_image_primary' not found in the index for episode 1. Please ensure the dataset was enhanced correctly."
[2025-11-04 20:06:00,296][utils.vip_c_dataset][ERROR] - Error loading data for sample index 382 (ep: 1, t: 90). Error: "Modality 'goal_image_primary' not found in the index for episode 1. Please ensure the dataset was enhanced correctly."
[2025-11-04 20:06:00,296][utils.vip_c_dataset][ERROR] - Error loading data for sample index 383 (ep: 1, t: 91). Error: "Modality 'goal_image_primary' not found in the index for episode 1. Please ensure the dataset was enhanced correctly."
[2025-11-04 20:06:00,296][utils.vip_c_dataset][WARNING] - An entire batch of data loading failed. Skipping batch.
[2025-11-04 20:06:00,297][utils.vip_c_dataset][ERROR] - Error loading data for sample index 384 (ep: 1, t: 92). Error: "Modality 'goal_image_primary' not found in the index for episode 1. Please ensure the dataset was enhanced correctly."
[2025-11-04 20:06:00,297][utils.vip_c_dataset][ERROR] - Error loading data for sample index 385 (ep: 1, t: 93). Error: "Modality 'goal_image_primary' not found in the index for episode 1. Please ensure the dataset was enhanced correctly."
[2025-11-04 20:06:00,298][utils.vip_c_dataset][ERROR] - Error loading data for sample index 386 (ep: 1, t: 94). Error: "Modality 'goal_image_primary' not found in the index for episode 1. Please ensure the dataset was enhanced correctly."
[2025-11-04 20:06:00,298][utils.vip_c_dataset][ERROR] - Error loading data for sample index 387 (ep: 1, t: 95). Error: "Modality 'goal_image_primary' not found in the index for episode 1. Please ensure the dataset was enhanced correctly."
[2025-11-04 20:06:00,299][utils.vip_c_dataset][ERROR] - Error loading data for sample index 388 (ep: 1, t: 96). Error: "Modality 'goal_image_primary' not found in the index for episode 1. Please ensure the dataset was enhanced correctly."
[2025-11-04 20:06:00,299][utils.vip_c_dataset][ERROR] - Error loading data for sample index 389 (ep: 1, t: 97). Error: "Modality 'goal_image_primary' not found in the index for episode 1. Please ensure the dataset was enhanced correctly."
[2025-11-04 20:06:00,299][utils.vip_c_dataset][ERROR] - Error loading data for sample index 390 (ep: 1, t: 98). Error: "Modality 'goal_image_primary' not found in the index for episode 1. Please ensure the dataset was enhanced correctly."
[2025-11-04 20:06:00,300][utils.vip_c_dataset][ERROR] - Error loading data for sample index 391 (ep: 1, t: 99). Error: "Modality 'goal_image_primary' not found in the index for episode 1. Please ensure the dataset was enhanced correctly."
[2025-11-04 20:06:00,301][utils.vip_c_dataset][ERROR] - Error loading data for sample index 392 (ep: 1, t: 100). Error: "Modality 'goal_image_primary' not found in the index for episode 1. Please ensure the dataset was enhanced correctly."
[2025-11-04 20:06:00,301][utils.vip_c_dataset][ERROR] - Error loading data for sample index 393 (ep: 1, t: 101). Error: "Modality 'goal_image_primary' not found in the index for episode 1. Please ensure the dataset was enhanced correctly."
[2025-11-04 20:06:00,302][utils.vip_c_dataset][ERROR] - Error loading data for sample index 394 (ep: 1, t: 102). Error: "Modality 'goal_image_primary' not found in the index for episode 1. Please ensure the dataset was enhanced correctly."
[2025-11-04 20:06:00,302][utils.vip_c_dataset][ERROR] - Error loading data for sample index 395 (ep: 1, t: 103). Error: "Modality 'goal_image_primary' not found in the index for episode 1. Please ensure the dataset was enhanced correctly."
[2025-11-04 20:06:00,302][utils.vip_c_dataset][ERROR] - Error loading data for sample index 396 (ep: 1, t: 104). Error: "Modality 'goal_image_primary' not found in the index for episode 1. Please ensure the dataset was enhanced correctly."
[2025-11-04 20:06:00,303][utils.vip_c_dataset][ERROR] - Error loading data for sample index 397 (ep: 1, t: 105). Error: "Modality 'goal_image_primary' not found in the index for episode 1. Please ensure the dataset was enhanced correctly."
[2025-11-04 20:06:00,303][utils.vip_c_dataset][ERROR] - Error loading data for sample index 398 (ep: 1, t: 106). Error: "Modality 'goal_image_primary' not found in the index for episode 1. Please ensure the dataset was enhanced correctly."
[2025-11-04 20:06:00,303][utils.vip_c_dataset][ERROR] - Error loading data for sample index 399 (ep: 1, t: 107). Error: "Modality 'goal_image_primary' not found in the index for episode 1. Please ensure the dataset was enhanced correctly."
[2025-11-04 20:06:00,304][utils.vip_c_dataset][ERROR] - Error loading data for sample index 400 (ep: 1, t: 108). Error: "Modality 'goal_image_primary' not found in the index for episode 1. Please ensure the dataset was enhanced correctly."
[2025-11-04 20:06:00,304][utils.vip_c_dataset][ERROR] - Error loading data for sample index 401 (ep: 1, t: 109). Error: "Modality 'goal_image_primary' not found in the index for episode 1. Please ensure the dataset was enhanced correctly."
[2025-11-04 20:06:00,305][utils.vip_c_dataset][ERROR] - Error loading data for sample index 402 (ep: 1, t: 110). Error: "Modality 'goal_image_primary' not found in the index for episode 1. Please ensure the dataset was enhanced correctly."
[2025-11-04 20:06:00,306][utils.vip_c_dataset][ERROR] - Error loading data for sample index 403 (ep: 1, t: 111). Error: "Modality 'goal_image_primary' not found in the index for episode 1. Please ensure the dataset was enhanced correctly."
[2025-11-04 20:06:00,306][utils.vip_c_dataset][ERROR] - Error loading data for sample index 404 (ep: 1, t: 112). Error: "Modality 'goal_image_primary' not found in the index for episode 1. Please ensure the dataset was enhanced correctly."
[2025-11-04 20:06:00,307][utils.vip_c_dataset][ERROR] - Error loading data for sample index 405 (ep: 1, t: 113). Error: "Modality 'goal_image_primary' not found in the index for episode 1. Please ensure the dataset was enhanced correctly."
[2025-11-04 20:06:00,307][utils.vip_c_dataset][ERROR] - Error loading data for sample index 406 (ep: 1, t: 114). Error: "Modality 'goal_image_primary' not found in the index for episode 1. Please ensure the dataset was enhanced correctly."
[2025-11-04 20:06:00,308][utils.vip_c_dataset][ERROR] - Error loading data for sample index 407 (ep: 1, t: 115). Error: "Modality 'goal_image_primary' not found in the index for episode 1. Please ensure the dataset was enhanced correctly."
[2025-11-04 20:06:00,308][utils.vip_c_dataset][ERROR] - Error loading data for sample index 408 (ep: 1, t: 116). Error: "Modality 'goal_image_primary' not found in the index for episode 1. Please ensure the dataset was enhanced correctly."
[2025-11-04 20:06:00,309][utils.vip_c_dataset][ERROR] - Error loading data for sample index 409 (ep: 1, t: 117). Error: "Modality 'goal_image_primary' not found in the index for episode 1. Please ensure the dataset was enhanced correctly."
[2025-11-04 20:06:00,309][utils.vip_c_dataset][ERROR] - Error loading data for sample index 410 (ep: 1, t: 118). Error: "Modality 'goal_image_primary' not found in the index for episode 1. Please ensure the dataset was enhanced correctly."
[2025-11-04 20:06:00,309][utils.vip_c_dataset][ERROR] - Error loading data for sample index 411 (ep: 1, t: 119). Error: "Modality 'goal_image_primary' not found in the index for episode 1. Please ensure the dataset was enhanced correctly."
[2025-11-04 20:06:00,310][utils.vip_c_dataset][ERROR] - Error loading data for sample index 412 (ep: 1, t: 120). Error: "Modality 'goal_image_primary' not found in the index for episode 1. Please ensure the dataset was enhanced correctly."
[2025-11-04 20:06:00,310][utils.vip_c_dataset][ERROR] - Error loading data for sample index 413 (ep: 1, t: 121). Error: "Modality 'goal_image_primary' not found in the index for episode 1. Please ensure the dataset was enhanced correctly."
[2025-11-04 20:06:00,310][utils.vip_c_dataset][ERROR] - Error loading data for sample index 414 (ep: 1, t: 122). Error: "Modality 'goal_image_primary' not found in the index for episode 1. Please ensure the dataset was enhanced correctly."
[2025-11-04 20:06:00,311][utils.vip_c_dataset][ERROR] - Error loading data for sample index 415 (ep: 1, t: 123). Error: "Modality 'goal_image_primary' not found in the index for episode 1. Please ensure the dataset was enhanced correctly."
[2025-11-04 20:06:00,311][utils.vip_c_dataset][WARNING] - An entire batch of data loading failed. Skipping batch.
[2025-11-04 20:06:00,312][utils.vip_c_dataset][ERROR] - Error loading data for sample index 416 (ep: 1, t: 124). Error: "Modality 'goal_image_primary' not found in the index for episode 1. Please ensure the dataset was enhanced correctly."
[2025-11-04 20:06:00,312][utils.vip_c_dataset][ERROR] - Error loading data for sample index 417 (ep: 1, t: 125). Error: "Modality 'goal_image_primary' not found in the index for episode 1. Please ensure the dataset was enhanced correctly."
[2025-11-04 20:06:00,313][utils.vip_c_dataset][ERROR] - Error loading data for sample index 418 (ep: 1, t: 126). Error: "Modality 'goal_image_primary' not found in the index for episode 1. Please ensure the dataset was enhanced correctly."
[2025-11-04 20:06:00,313][utils.vip_c_dataset][ERROR] - Error loading data for sample index 419 (ep: 1, t: 127). Error: "Modality 'goal_image_primary' not found in the index for episode 1. Please ensure the dataset was enhanced correctly."
[2025-11-04 20:06:00,314][utils.vip_c_dataset][ERROR] - Error loading data for sample index 420 (ep: 1, t: 128). Error: "Modality 'goal_image_primary' not found in the index for episode 1. Please ensure the dataset was enhanced correctly."
[2025-11-04 20:06:00,314][utils.vip_c_dataset][ERROR] - Error loading data for sample index 421 (ep: 1, t: 129). Error: "Modality 'goal_image_primary' not found in the index for episode 1. Please ensure the dataset was enhanced correctly."
[2025-11-04 20:06:00,314][utils.vip_c_dataset][ERROR] - Error loading data for sample index 422 (ep: 1, t: 130). Error: "Modality 'goal_image_primary' not found in the index for episode 1. Please ensure the dataset was enhanced correctly."
[2025-11-04 20:06:00,315][utils.vip_c_dataset][ERROR] - Error loading data for sample index 423 (ep: 1, t: 131). Error: "Modality 'goal_image_primary' not found in the index for episode 1. Please ensure the dataset was enhanced correctly."
[2025-11-04 20:06:00,315][utils.vip_c_dataset][ERROR] - Error loading data for sample index 424 (ep: 1, t: 132). Error: "Modality 'goal_image_primary' not found in the index for episode 1. Please ensure the dataset was enhanced correctly."
[2025-11-04 20:06:00,316][utils.vip_c_dataset][ERROR] - Error loading data for sample index 425 (ep: 1, t: 133). Error: "Modality 'goal_image_primary' not found in the index for episode 1. Please ensure the dataset was enhanced correctly."
[2025-11-04 20:06:00,316][utils.vip_c_dataset][ERROR] - Error loading data for sample index 426 (ep: 1, t: 134). Error: "Modality 'goal_image_primary' not found in the index for episode 1. Please ensure the dataset was enhanced correctly."
[2025-11-04 20:06:00,317][utils.vip_c_dataset][ERROR] - Error loading data for sample index 427 (ep: 1, t: 135). Error: "Modality 'goal_image_primary' not found in the index for episode 1. Please ensure the dataset was enhanced correctly."
[2025-11-04 20:06:00,317][utils.vip_c_dataset][ERROR] - Error loading data for sample index 428 (ep: 1, t: 136). Error: "Modality 'goal_image_primary' not found in the index for episode 1. Please ensure the dataset was enhanced correctly."
[2025-11-04 20:06:00,317][utils.vip_c_dataset][ERROR] - Error loading data for sample index 429 (ep: 1, t: 137). Error: "Modality 'goal_image_primary' not found in the index for episode 1. Please ensure the dataset was enhanced correctly."
[2025-11-04 20:06:00,318][utils.vip_c_dataset][ERROR] - Error loading data for sample index 430 (ep: 1, t: 138). Error: "Modality 'goal_image_primary' not found in the index for episode 1. Please ensure the dataset was enhanced correctly."
[2025-11-04 20:06:00,318][utils.vip_c_dataset][ERROR] - Error loading data for sample index 431 (ep: 1, t: 139). Error: "Modality 'goal_image_primary' not found in the index for episode 1. Please ensure the dataset was enhanced correctly."
[2025-11-04 20:06:00,318][utils.vip_c_dataset][ERROR] - Error loading data for sample index 432 (ep: 1, t: 140). Error: "Modality 'goal_image_primary' not found in the index for episode 1. Please ensure the dataset was enhanced correctly."
[2025-11-04 20:06:00,319][utils.vip_c_dataset][ERROR] - Error loading data for sample index 433 (ep: 1, t: 141). Error: "Modality 'goal_image_primary' not found in the index for episode 1. Please ensure the dataset was enhanced correctly."
[2025-11-04 20:06:00,319][utils.vip_c_dataset][ERROR] - Error loading data for sample index 434 (ep: 1, t: 142). Error: "Modality 'goal_image_primary' not found in the index for episode 1. Please ensure the dataset was enhanced correctly."
[2025-11-04 20:06:00,320][utils.vip_c_dataset][ERROR] - Error loading data for sample index 435 (ep: 1, t: 143). Error: "Modality 'goal_image_primary' not found in the index for episode 1. Please ensure the dataset was enhanced correctly."
[2025-11-04 20:06:00,320][utils.vip_c_dataset][ERROR] - Error loading data for sample index 436 (ep: 1, t: 144). Error: "Modality 'goal_image_primary' not found in the index for episode 1. Please ensure the dataset was enhanced correctly."
[2025-11-04 20:06:00,320][utils.vip_c_dataset][ERROR] - Error loading data for sample index 437 (ep: 1, t: 145). Error: "Modality 'goal_image_primary' not found in the index for episode 1. Please ensure the dataset was enhanced correctly."
[2025-11-04 20:06:00,321][utils.vip_c_dataset][ERROR] - Error loading data for sample index 438 (ep: 1, t: 146). Error: "Modality 'goal_image_primary' not found in the index for episode 1. Please ensure the dataset was enhanced correctly."
[2025-11-04 20:06:00,322][utils.vip_c_dataset][ERROR] - Error loading data for sample index 439 (ep: 1, t: 147). Error: "Modality 'goal_image_primary' not found in the index for episode 1. Please ensure the dataset was enhanced correctly."
[2025-11-04 20:06:00,322][utils.vip_c_dataset][ERROR] - Error loading data for sample index 440 (ep: 1, t: 148). Error: "Modality 'goal_image_primary' not found in the index for episode 1. Please ensure the dataset was enhanced correctly."
[2025-11-04 20:06:00,323][utils.vip_c_dataset][ERROR] - Error loading data for sample index 441 (ep: 1, t: 149). Error: "Modality 'goal_image_primary' not found in the index for episode 1. Please ensure the dataset was enhanced correctly."
[2025-11-04 20:06:00,323][utils.vip_c_dataset][ERROR] - Error loading data for sample index 442 (ep: 1, t: 150). Error: "Modality 'goal_image_primary' not found in the index for episode 1. Please ensure the dataset was enhanced correctly."
[2025-11-04 20:06:00,324][utils.vip_c_dataset][ERROR] - Error loading data for sample index 443 (ep: 1, t: 151). Error: "Modality 'goal_image_primary' not found in the index for episode 1. Please ensure the dataset was enhanced correctly."
[2025-11-04 20:06:00,324][utils.vip_c_dataset][ERROR] - Error loading data for sample index 444 (ep: 1, t: 152). Error: "Modality 'goal_image_primary' not found in the index for episode 1. Please ensure the dataset was enhanced correctly."
[2025-11-04 20:06:00,324][utils.vip_c_dataset][ERROR] - Error loading data for sample index 445 (ep: 1, t: 153). Error: "Modality 'goal_image_primary' not found in the index for episode 1. Please ensure the dataset was enhanced correctly."
[2025-11-04 20:06:00,325][utils.vip_c_dataset][ERROR] - Error loading data for sample index 446 (ep: 1, t: 154). Error: "Modality 'goal_image_primary' not found in the index for episode 1. Please ensure the dataset was enhanced correctly."
[2025-11-04 20:06:00,325][utils.vip_c_dataset][ERROR] - Error loading data for sample index 447 (ep: 1, t: 155). Error: "Modality 'goal_image_primary' not found in the index for episode 1. Please ensure the dataset was enhanced correctly."
[2025-11-04 20:06:00,325][utils.vip_c_dataset][WARNING] - An entire batch of data loading failed. Skipping batch.
[2025-11-04 20:06:00,326][utils.vip_c_dataset][ERROR] - Error loading data for sample index 448 (ep: 1, t: 156). Error: "Modality 'goal_image_primary' not found in the index for episode 1. Please ensure the dataset was enhanced correctly."
[2025-11-04 20:06:00,326][utils.vip_c_dataset][ERROR] - Error loading data for sample index 449 (ep: 1, t: 157). Error: "Modality 'goal_image_primary' not found in the index for episode 1. Please ensure the dataset was enhanced correctly."
[2025-11-04 20:06:00,327][utils.vip_c_dataset][ERROR] - Error loading data for sample index 450 (ep: 1, t: 158). Error: "Modality 'goal_image_primary' not found in the index for episode 1. Please ensure the dataset was enhanced correctly."
[2025-11-04 20:06:00,327][utils.vip_c_dataset][ERROR] - Error loading data for sample index 451 (ep: 1, t: 159). Error: "Modality 'goal_image_primary' not found in the index for episode 1. Please ensure the dataset was enhanced correctly."
[2025-11-04 20:06:00,328][utils.vip_c_dataset][ERROR] - Error loading data for sample index 452 (ep: 1, t: 160). Error: "Modality 'goal_image_primary' not found in the index for episode 1. Please ensure the dataset was enhanced correctly."
[2025-11-04 20:06:00,328][utils.vip_c_dataset][ERROR] - Error loading data for sample index 453 (ep: 1, t: 161). Error: "Modality 'goal_image_primary' not found in the index for episode 1. Please ensure the dataset was enhanced correctly."
[2025-11-04 20:06:00,329][utils.vip_c_dataset][ERROR] - Error loading data for sample index 454 (ep: 1, t: 162). Error: "Modality 'goal_image_primary' not found in the index for episode 1. Please ensure the dataset was enhanced correctly."
[2025-11-04 20:06:00,329][utils.vip_c_dataset][ERROR] - Error loading data for sample index 455 (ep: 1, t: 163). Error: "Modality 'goal_image_primary' not found in the index for episode 1. Please ensure the dataset was enhanced correctly."
[2025-11-04 20:06:00,329][utils.vip_c_dataset][ERROR] - Error loading data for sample index 456 (ep: 1, t: 164). Error: "Modality 'goal_image_primary' not found in the index for episode 1. Please ensure the dataset was enhanced correctly."
[2025-11-04 20:06:00,330][utils.vip_c_dataset][ERROR] - Error loading data for sample index 457 (ep: 1, t: 165). Error: "Modality 'goal_image_primary' not found in the index for episode 1. Please ensure the dataset was enhanced correctly."
[2025-11-04 20:06:00,330][utils.vip_c_dataset][ERROR] - Error loading data for sample index 458 (ep: 1, t: 166). Error: "Modality 'goal_image_primary' not found in the index for episode 1. Please ensure the dataset was enhanced correctly."
[2025-11-04 20:06:00,331][utils.vip_c_dataset][ERROR] - Error loading data for sample index 459 (ep: 1, t: 167). Error: "Modality 'goal_image_primary' not found in the index for episode 1. Please ensure the dataset was enhanced correctly."
[2025-11-04 20:06:00,331][utils.vip_c_dataset][ERROR] - Error loading data for sample index 460 (ep: 1, t: 168). Error: "Modality 'goal_image_primary' not found in the index for episode 1. Please ensure the dataset was enhanced correctly."
[2025-11-04 20:06:00,332][utils.vip_c_dataset][ERROR] - Error loading data for sample index 461 (ep: 1, t: 169). Error: "Modality 'goal_image_primary' not found in the index for episode 1. Please ensure the dataset was enhanced correctly."
[2025-11-04 20:06:00,332][utils.vip_c_dataset][ERROR] - Error loading data for sample index 462 (ep: 1, t: 170). Error: "Modality 'goal_image_primary' not found in the index for episode 1. Please ensure the dataset was enhanced correctly."
[2025-11-04 20:06:00,332][utils.vip_c_dataset][ERROR] - Error loading data for sample index 463 (ep: 1, t: 171). Error: "Modality 'goal_image_primary' not found in the index for episode 1. Please ensure the dataset was enhanced correctly."
[2025-11-04 20:06:00,333][utils.vip_c_dataset][ERROR] - Error loading data for sample index 464 (ep: 1, t: 172). Error: "Modality 'goal_image_primary' not found in the index for episode 1. Please ensure the dataset was enhanced correctly."
[2025-11-04 20:06:00,333][utils.vip_c_dataset][ERROR] - Error loading data for sample index 465 (ep: 1, t: 173). Error: "Modality 'goal_image_primary' not found in the index for episode 1. Please ensure the dataset was enhanced correctly."
[2025-11-04 20:06:00,333][utils.vip_c_dataset][ERROR] - Error loading data for sample index 466 (ep: 1, t: 174). Error: "Modality 'goal_image_primary' not found in the index for episode 1. Please ensure the dataset was enhanced correctly."
[2025-11-04 20:06:00,333][utils.vip_c_dataset][ERROR] - Error loading data for sample index 467 (ep: 1, t: 175). Error: "Modality 'goal_image_primary' not found in the index for episode 1. Please ensure the dataset was enhanced correctly."
[2025-11-04 20:06:00,334][utils.vip_c_dataset][ERROR] - Error loading data for sample index 468 (ep: 1, t: 176). Error: "Modality 'goal_image_primary' not found in the index for episode 1. Please ensure the dataset was enhanced correctly."
[2025-11-04 20:06:00,335][utils.vip_c_dataset][ERROR] - Error loading data for sample index 469 (ep: 1, t: 177). Error: "Modality 'goal_image_primary' not found in the index for episode 1. Please ensure the dataset was enhanced correctly."
[2025-11-04 20:06:00,335][utils.vip_c_dataset][ERROR] - Error loading data for sample index 470 (ep: 1, t: 178). Error: "Modality 'goal_image_primary' not found in the index for episode 1. Please ensure the dataset was enhanced correctly."
[2025-11-04 20:06:00,335][utils.vip_c_dataset][ERROR] - Error loading data for sample index 471 (ep: 1, t: 179). Error: "Modality 'goal_image_primary' not found in the index for episode 1. Please ensure the dataset was enhanced correctly."
[2025-11-04 20:06:00,336][utils.vip_c_dataset][ERROR] - Error loading data for sample index 472 (ep: 1, t: 180). Error: "Modality 'goal_image_primary' not found in the index for episode 1. Please ensure the dataset was enhanced correctly."
[2025-11-04 20:06:00,336][utils.vip_c_dataset][ERROR] - Error loading data for sample index 473 (ep: 1, t: 181). Error: "Modality 'goal_image_primary' not found in the index for episode 1. Please ensure the dataset was enhanced correctly."
[2025-11-04 20:06:00,336][utils.vip_c_dataset][ERROR] - Error loading data for sample index 474 (ep: 1, t: 182). Error: "Modality 'goal_image_primary' not found in the index for episode 1. Please ensure the dataset was enhanced correctly."
[2025-11-04 20:06:00,336][utils.vip_c_dataset][ERROR] - Error loading data for sample index 475 (ep: 1, t: 183). Error: "Modality 'goal_image_primary' not found in the index for episode 1. Please ensure the dataset was enhanced correctly."
[2025-11-04 20:06:00,337][utils.vip_c_dataset][ERROR] - Error loading data for sample index 476 (ep: 1, t: 184). Error: "Modality 'goal_image_primary' not found in the index for episode 1. Please ensure the dataset was enhanced correctly."
[2025-11-04 20:06:00,338][utils.vip_c_dataset][ERROR] - Error loading data for sample index 477 (ep: 1, t: 185). Error: "Modality 'goal_image_primary' not found in the index for episode 1. Please ensure the dataset was enhanced correctly."
[2025-11-04 20:06:00,338][utils.vip_c_dataset][ERROR] - Error loading data for sample index 478 (ep: 1, t: 186). Error: "Modality 'goal_image_primary' not found in the index for episode 1. Please ensure the dataset was enhanced correctly."
[2025-11-04 20:06:00,339][utils.vip_c_dataset][ERROR] - Error loading data for sample index 479 (ep: 1, t: 187). Error: "Modality 'goal_image_primary' not found in the index for episode 1. Please ensure the dataset was enhanced correctly."
[2025-11-04 20:06:00,339][utils.vip_c_dataset][WARNING] - An entire batch of data loading failed. Skipping batch.
[2025-11-04 20:06:00,340][utils.vip_c_dataset][ERROR] - Error loading data for sample index 480 (ep: 1, t: 188). Error: "Modality 'goal_image_primary' not found in the index for episode 1. Please ensure the dataset was enhanced correctly."
[2025-11-04 20:06:00,340][utils.vip_c_dataset][ERROR] - Error loading data for sample index 481 (ep: 1, t: 189). Error: "Modality 'goal_image_primary' not found in the index for episode 1. Please ensure the dataset was enhanced correctly."
[2025-11-04 20:06:00,341][utils.vip_c_dataset][ERROR] - Error loading data for sample index 482 (ep: 1, t: 190). Error: "Modality 'goal_image_primary' not found in the index for episode 1. Please ensure the dataset was enhanced correctly."
[2025-11-04 20:06:00,341][utils.vip_c_dataset][ERROR] - Error loading data for sample index 483 (ep: 1, t: 191). Error: "Modality 'goal_image_primary' not found in the index for episode 1. Please ensure the dataset was enhanced correctly."
[2025-11-04 20:06:00,342][utils.vip_c_dataset][ERROR] - Error loading data for sample index 484 (ep: 1, t: 192). Error: "Modality 'goal_image_primary' not found in the index for episode 1. Please ensure the dataset was enhanced correctly."
[2025-11-04 20:06:00,342][utils.vip_c_dataset][ERROR] - Error loading data for sample index 485 (ep: 1, t: 193). Error: "Modality 'goal_image_primary' not found in the index for episode 1. Please ensure the dataset was enhanced correctly."
[2025-11-04 20:06:00,343][utils.vip_c_dataset][ERROR] - Error loading data for sample index 486 (ep: 1, t: 194). Error: "Modality 'goal_image_primary' not found in the index for episode 1. Please ensure the dataset was enhanced correctly."
[2025-11-04 20:06:00,343][utils.vip_c_dataset][ERROR] - Error loading data for sample index 487 (ep: 1, t: 195). Error: "Modality 'goal_image_primary' not found in the index for episode 1. Please ensure the dataset was enhanced correctly."
[2025-11-04 20:06:00,343][utils.vip_c_dataset][ERROR] - Error loading data for sample index 488 (ep: 1, t: 196). Error: "Modality 'goal_image_primary' not found in the index for episode 1. Please ensure the dataset was enhanced correctly."
[2025-11-04 20:06:00,344][utils.vip_c_dataset][ERROR] - Error loading data for sample index 489 (ep: 1, t: 197). Error: "Modality 'goal_image_primary' not found in the index for episode 1. Please ensure the dataset was enhanced correctly."
[2025-11-04 20:06:00,344][utils.vip_c_dataset][ERROR] - Error loading data for sample index 490 (ep: 1, t: 198). Error: "Modality 'goal_image_primary' not found in the index for episode 1. Please ensure the dataset was enhanced correctly."
[2025-11-04 20:06:00,345][utils.vip_c_dataset][ERROR] - Error loading data for sample index 491 (ep: 1, t: 199). Error: "Modality 'goal_image_primary' not found in the index for episode 1. Please ensure the dataset was enhanced correctly."
[2025-11-04 20:06:00,345][utils.vip_c_dataset][ERROR] - Error loading data for sample index 492 (ep: 1, t: 200). Error: "Modality 'goal_image_primary' not found in the index for episode 1. Please ensure the dataset was enhanced correctly."
[2025-11-04 20:06:00,346][utils.vip_c_dataset][ERROR] - Error loading data for sample index 493 (ep: 1, t: 201). Error: "Modality 'goal_image_primary' not found in the index for episode 1. Please ensure the dataset was enhanced correctly."
[2025-11-04 20:06:00,346][utils.vip_c_dataset][ERROR] - Error loading data for sample index 494 (ep: 1, t: 202). Error: "Modality 'goal_image_primary' not found in the index for episode 1. Please ensure the dataset was enhanced correctly."
[2025-11-04 20:06:00,346][utils.vip_c_dataset][ERROR] - Error loading data for sample index 495 (ep: 1, t: 203). Error: "Modality 'goal_image_primary' not found in the index for episode 1. Please ensure the dataset was enhanced correctly."
[2025-11-04 20:06:00,347][utils.vip_c_dataset][ERROR] - Error loading data for sample index 496 (ep: 1, t: 204). Error: "Modality 'goal_image_primary' not found in the index for episode 1. Please ensure the dataset was enhanced correctly."
[2025-11-04 20:06:00,347][utils.vip_c_dataset][ERROR] - Error loading data for sample index 497 (ep: 1, t: 205). Error: "Modality 'goal_image_primary' not found in the index for episode 1. Please ensure the dataset was enhanced correctly."
[2025-11-04 20:06:00,348][utils.vip_c_dataset][ERROR] - Error loading data for sample index 498 (ep: 1, t: 206). Error: "Modality 'goal_image_primary' not found in the index for episode 1. Please ensure the dataset was enhanced correctly."
[2025-11-04 20:06:00,348][utils.vip_c_dataset][ERROR] - Error loading data for sample index 499 (ep: 1, t: 207). Error: "Modality 'goal_image_primary' not found in the index for episode 1. Please ensure the dataset was enhanced correctly."
[2025-11-04 20:06:00,348][utils.vip_c_dataset][ERROR] - Error loading data for sample index 500 (ep: 1, t: 208). Error: "Modality 'goal_image_primary' not found in the index for episode 1. Please ensure the dataset was enhanced correctly."
[2025-11-04 20:06:00,349][utils.vip_c_dataset][ERROR] - Error loading data for sample index 501 (ep: 1, t: 209). Error: "Modality 'goal_image_primary' not found in the index for episode 1. Please ensure the dataset was enhanced correctly."
[2025-11-04 20:06:00,349][utils.vip_c_dataset][ERROR] - Error loading data for sample index 502 (ep: 1, t: 210). Error: "Modality 'goal_image_primary' not found in the index for episode 1. Please ensure the dataset was enhanced correctly."
[2025-11-04 20:06:00,350][utils.vip_c_dataset][ERROR] - Error loading data for sample index 503 (ep: 1, t: 211). Error: "Modality 'goal_image_primary' not found in the index for episode 1. Please ensure the dataset was enhanced correctly."
[2025-11-04 20:06:00,350][utils.vip_c_dataset][ERROR] - Error loading data for sample index 504 (ep: 1, t: 212). Error: "Modality 'goal_image_primary' not found in the index for episode 1. Please ensure the dataset was enhanced correctly."
[2025-11-04 20:06:00,350][utils.vip_c_dataset][ERROR] - Error loading data for sample index 505 (ep: 1, t: 213). Error: "Modality 'goal_image_primary' not found in the index for episode 1. Please ensure the dataset was enhanced correctly."
[2025-11-04 20:06:00,351][utils.vip_c_dataset][ERROR] - Error loading data for sample index 506 (ep: 1, t: 214). Error: "Modality 'goal_image_primary' not found in the index for episode 1. Please ensure the dataset was enhanced correctly."
[2025-11-04 20:06:00,351][utils.vip_c_dataset][ERROR] - Error loading data for sample index 507 (ep: 1, t: 215). Error: "Modality 'goal_image_primary' not found in the index for episode 1. Please ensure the dataset was enhanced correctly."
[2025-11-04 20:06:00,351][utils.vip_c_dataset][ERROR] - Error loading data for sample index 508 (ep: 1, t: 216). Error: "Modality 'goal_image_primary' not found in the index for episode 1. Please ensure the dataset was enhanced correctly."
[2025-11-04 20:06:00,352][utils.vip_c_dataset][ERROR] - Error loading data for sample index 509 (ep: 1, t: 217). Error: "Modality 'goal_image_primary' not found in the index for episode 1. Please ensure the dataset was enhanced correctly."
[2025-11-04 20:06:00,352][utils.vip_c_dataset][ERROR] - Error loading data for sample index 510 (ep: 1, t: 218). Error: "Modality 'goal_image_primary' not found in the index for episode 1. Please ensure the dataset was enhanced correctly."
[2025-11-04 20:06:00,353][utils.vip_c_dataset][ERROR] - Error loading data for sample index 511 (ep: 1, t: 219). Error: "Modality 'goal_image_primary' not found in the index for episode 1. Please ensure the dataset was enhanced correctly."
[2025-11-04 20:06:00,353][utils.vip_c_dataset][WARNING] - An entire batch of data loading failed. Skipping batch.
[2025-11-04 20:06:00,354][utils.vip_c_dataset][ERROR] - Error loading data for sample index 512 (ep: 1, t: 220). Error: "Modality 'goal_image_primary' not found in the index for episode 1. Please ensure the dataset was enhanced correctly."
[2025-11-04 20:06:00,354][utils.vip_c_dataset][ERROR] - Error loading data for sample index 513 (ep: 1, t: 221). Error: "Modality 'goal_image_primary' not found in the index for episode 1. Please ensure the dataset was enhanced correctly."
[2025-11-04 20:06:00,355][utils.vip_c_dataset][ERROR] - Error loading data for sample index 514 (ep: 1, t: 222). Error: "Modality 'goal_image_primary' not found in the index for episode 1. Please ensure the dataset was enhanced correctly."
[2025-11-04 20:06:00,355][utils.vip_c_dataset][ERROR] - Error loading data for sample index 515 (ep: 1, t: 223). Error: "Modality 'goal_image_primary' not found in the index for episode 1. Please ensure the dataset was enhanced correctly."
[2025-11-04 20:06:00,356][utils.vip_c_dataset][ERROR] - Error loading data for sample index 516 (ep: 1, t: 224). Error: "Modality 'goal_image_primary' not found in the index for episode 1. Please ensure the dataset was enhanced correctly."
[2025-11-04 20:06:00,356][utils.vip_c_dataset][ERROR] - Error loading data for sample index 517 (ep: 1, t: 225). Error: "Modality 'goal_image_primary' not found in the index for episode 1. Please ensure the dataset was enhanced correctly."
[2025-11-04 20:06:00,357][utils.vip_c_dataset][ERROR] - Error loading data for sample index 518 (ep: 1, t: 226). Error: "Modality 'goal_image_primary' not found in the index for episode 1. Please ensure the dataset was enhanced correctly."
[2025-11-04 20:06:00,357][utils.vip_c_dataset][ERROR] - Error loading data for sample index 519 (ep: 1, t: 227). Error: "Modality 'goal_image_primary' not found in the index for episode 1. Please ensure the dataset was enhanced correctly."
[2025-11-04 20:06:00,357][utils.vip_c_dataset][ERROR] - Error loading data for sample index 520 (ep: 1, t: 228). Error: "Modality 'goal_image_primary' not found in the index for episode 1. Please ensure the dataset was enhanced correctly."
[2025-11-04 20:06:00,358][utils.vip_c_dataset][ERROR] - Error loading data for sample index 521 (ep: 1, t: 229). Error: "Modality 'goal_image_primary' not found in the index for episode 1. Please ensure the dataset was enhanced correctly."
[2025-11-04 20:06:00,358][utils.vip_c_dataset][ERROR] - Error loading data for sample index 522 (ep: 1, t: 230). Error: "Modality 'goal_image_primary' not found in the index for episode 1. Please ensure the dataset was enhanced correctly."
[2025-11-04 20:06:00,359][utils.vip_c_dataset][ERROR] - Error loading data for sample index 523 (ep: 1, t: 231). Error: "Modality 'goal_image_primary' not found in the index for episode 1. Please ensure the dataset was enhanced correctly."
[2025-11-04 20:06:00,359][utils.vip_c_dataset][ERROR] - Error loading data for sample index 524 (ep: 1, t: 232). Error: "Modality 'goal_image_primary' not found in the index for episode 1. Please ensure the dataset was enhanced correctly."
[2025-11-04 20:06:00,360][utils.vip_c_dataset][ERROR] - Error loading data for sample index 525 (ep: 1, t: 233). Error: "Modality 'goal_image_primary' not found in the index for episode 1. Please ensure the dataset was enhanced correctly."
[2025-11-04 20:06:00,360][utils.vip_c_dataset][ERROR] - Error loading data for sample index 526 (ep: 1, t: 234). Error: "Modality 'goal_image_primary' not found in the index for episode 1. Please ensure the dataset was enhanced correctly."
[2025-11-04 20:06:00,361][utils.vip_c_dataset][ERROR] - Error loading data for sample index 527 (ep: 1, t: 235). Error: "Modality 'goal_image_primary' not found in the index for episode 1. Please ensure the dataset was enhanced correctly."
[2025-11-04 20:06:00,361][utils.vip_c_dataset][ERROR] - Error loading data for sample index 528 (ep: 1, t: 236). Error: "Modality 'goal_image_primary' not found in the index for episode 1. Please ensure the dataset was enhanced correctly."
[2025-11-04 20:06:00,362][utils.vip_c_dataset][ERROR] - Error loading data for sample index 529 (ep: 1, t: 237). Error: "Modality 'goal_image_primary' not found in the index for episode 1. Please ensure the dataset was enhanced correctly."
[2025-11-04 20:06:00,362][utils.vip_c_dataset][ERROR] - Error loading data for sample index 530 (ep: 1, t: 238). Error: "Modality 'goal_image_primary' not found in the index for episode 1. Please ensure the dataset was enhanced correctly."
[2025-11-04 20:06:00,362][utils.vip_c_dataset][ERROR] - Error loading data for sample index 531 (ep: 1, t: 239). Error: "Modality 'goal_image_primary' not found in the index for episode 1. Please ensure the dataset was enhanced correctly."
[2025-11-04 20:06:00,363][utils.vip_c_dataset][ERROR] - Error loading data for sample index 532 (ep: 1, t: 240). Error: "Modality 'goal_image_primary' not found in the index for episode 1. Please ensure the dataset was enhanced correctly."
[2025-11-04 20:06:00,363][utils.vip_c_dataset][ERROR] - Error loading data for sample index 533 (ep: 1, t: 241). Error: "Modality 'goal_image_primary' not found in the index for episode 1. Please ensure the dataset was enhanced correctly."
[2025-11-04 20:06:00,363][utils.vip_c_dataset][ERROR] - Error loading data for sample index 534 (ep: 1, t: 242). Error: "Modality 'goal_image_primary' not found in the index for episode 1. Please ensure the dataset was enhanced correctly."
[2025-11-04 20:06:00,364][utils.vip_c_dataset][ERROR] - Error loading data for sample index 535 (ep: 1, t: 243). Error: "Modality 'goal_image_primary' not found in the index for episode 1. Please ensure the dataset was enhanced correctly."
[2025-11-04 20:06:00,557][utils.vip_c_dataset][ERROR] - Error loading data for sample index 536 (ep: 2, t: 1). Error: "Modality 'goal_image_primary' not found in the index for episode 2. Please ensure the dataset was enhanced correctly."
[2025-11-04 20:06:00,558][utils.vip_c_dataset][ERROR] - Error loading data for sample index 537 (ep: 2, t: 2). Error: "Modality 'goal_image_primary' not found in the index for episode 2. Please ensure the dataset was enhanced correctly."
[2025-11-04 20:06:00,559][utils.vip_c_dataset][ERROR] - Error loading data for sample index 538 (ep: 2, t: 3). Error: "Modality 'goal_image_primary' not found in the index for episode 2. Please ensure the dataset was enhanced correctly."
[2025-11-04 20:06:00,559][utils.vip_c_dataset][ERROR] - Error loading data for sample index 539 (ep: 2, t: 4). Error: "Modality 'goal_image_primary' not found in the index for episode 2. Please ensure the dataset was enhanced correctly."
[2025-11-04 20:06:00,560][utils.vip_c_dataset][ERROR] - Error loading data for sample index 540 (ep: 2, t: 5). Error: "Modality 'goal_image_primary' not found in the index for episode 2. Please ensure the dataset was enhanced correctly."
[2025-11-04 20:06:00,561][utils.vip_c_dataset][ERROR] - Error loading data for sample index 541 (ep: 2, t: 6). Error: "Modality 'goal_image_primary' not found in the index for episode 2. Please ensure the dataset was enhanced correctly."
[2025-11-04 20:06:00,561][utils.vip_c_dataset][ERROR] - Error loading data for sample index 542 (ep: 2, t: 7). Error: "Modality 'goal_image_primary' not found in the index for episode 2. Please ensure the dataset was enhanced correctly."
[2025-11-04 20:06:00,562][utils.vip_c_dataset][ERROR] - Error loading data for sample index 543 (ep: 2, t: 8). Error: "Modality 'goal_image_primary' not found in the index for episode 2. Please ensure the dataset was enhanced correctly."
[2025-11-04 20:06:00,563][utils.vip_c_dataset][WARNING] - An entire batch of data loading failed. Skipping batch.
[2025-11-04 20:06:00,564][utils.vip_c_dataset][ERROR] - Error loading data for sample index 544 (ep: 2, t: 9). Error: "Modality 'goal_image_primary' not found in the index for episode 2. Please ensure the dataset was enhanced correctly."
[2025-11-04 20:06:00,564][utils.vip_c_dataset][ERROR] - Error loading data for sample index 545 (ep: 2, t: 10). Error: "Modality 'goal_image_primary' not found in the index for episode 2. Please ensure the dataset was enhanced correctly."
[2025-11-04 20:06:00,565][utils.vip_c_dataset][ERROR] - Error loading data for sample index 546 (ep: 2, t: 11). Error: "Modality 'goal_image_primary' not found in the index for episode 2. Please ensure the dataset was enhanced correctly."
[2025-11-04 20:06:00,565][utils.vip_c_dataset][ERROR] - Error loading data for sample index 547 (ep: 2, t: 12). Error: "Modality 'goal_image_primary' not found in the index for episode 2. Please ensure the dataset was enhanced correctly."
[2025-11-04 20:06:00,566][utils.vip_c_dataset][ERROR] - Error loading data for sample index 548 (ep: 2, t: 13). Error: "Modality 'goal_image_primary' not found in the index for episode 2. Please ensure the dataset was enhanced correctly."
[2025-11-04 20:06:00,567][utils.vip_c_dataset][ERROR] - Error loading data for sample index 549 (ep: 2, t: 14). Error: "Modality 'goal_image_primary' not found in the index for episode 2. Please ensure the dataset was enhanced correctly."
[2025-11-04 20:06:00,567][utils.vip_c_dataset][ERROR] - Error loading data for sample index 550 (ep: 2, t: 15). Error: "Modality 'goal_image_primary' not found in the index for episode 2. Please ensure the dataset was enhanced correctly."
[2025-11-04 20:06:00,568][utils.vip_c_dataset][ERROR] - Error loading data for sample index 551 (ep: 2, t: 16). Error: "Modality 'goal_image_primary' not found in the index for episode 2. Please ensure the dataset was enhanced correctly."
[2025-11-04 20:06:00,568][utils.vip_c_dataset][ERROR] - Error loading data for sample index 552 (ep: 2, t: 17). Error: "Modality 'goal_image_primary' not found in the index for episode 2. Please ensure the dataset was enhanced correctly."
[2025-11-04 20:06:00,569][utils.vip_c_dataset][ERROR] - Error loading data for sample index 553 (ep: 2, t: 18). Error: "Modality 'goal_image_primary' not found in the index for episode 2. Please ensure the dataset was enhanced correctly."
[2025-11-04 20:06:00,569][utils.vip_c_dataset][ERROR] - Error loading data for sample index 554 (ep: 2, t: 19). Error: "Modality 'goal_image_primary' not found in the index for episode 2. Please ensure the dataset was enhanced correctly."
[2025-11-04 20:06:00,570][utils.vip_c_dataset][ERROR] - Error loading data for sample index 555 (ep: 2, t: 20). Error: "Modality 'goal_image_primary' not found in the index for episode 2. Please ensure the dataset was enhanced correctly."
[2025-11-04 20:06:00,571][utils.vip_c_dataset][ERROR] - Error loading data for sample index 556 (ep: 2, t: 21). Error: "Modality 'goal_image_primary' not found in the index for episode 2. Please ensure the dataset was enhanced correctly."
[2025-11-04 20:06:00,571][utils.vip_c_dataset][ERROR] - Error loading data for sample index 557 (ep: 2, t: 22). Error: "Modality 'goal_image_primary' not found in the index for episode 2. Please ensure the dataset was enhanced correctly."
[2025-11-04 20:06:00,572][utils.vip_c_dataset][ERROR] - Error loading data for sample index 558 (ep: 2, t: 23). Error: "Modality 'goal_image_primary' not found in the index for episode 2. Please ensure the dataset was enhanced correctly."
[2025-11-04 20:06:00,573][utils.vip_c_dataset][ERROR] - Error loading data for sample index 559 (ep: 2, t: 24). Error: "Modality 'goal_image_primary' not found in the index for episode 2. Please ensure the dataset was enhanced correctly."
[2025-11-04 20:06:00,573][utils.vip_c_dataset][ERROR] - Error loading data for sample index 560 (ep: 2, t: 25). Error: "Modality 'goal_image_primary' not found in the index for episode 2. Please ensure the dataset was enhanced correctly."
[2025-11-04 20:06:00,574][utils.vip_c_dataset][ERROR] - Error loading data for sample index 561 (ep: 2, t: 26). Error: "Modality 'goal_image_primary' not found in the index for episode 2. Please ensure the dataset was enhanced correctly."
[2025-11-04 20:06:00,574][utils.vip_c_dataset][ERROR] - Error loading data for sample index 562 (ep: 2, t: 27). Error: "Modality 'goal_image_primary' not found in the index for episode 2. Please ensure the dataset was enhanced correctly."
[2025-11-04 20:06:00,575][utils.vip_c_dataset][ERROR] - Error loading data for sample index 563 (ep: 2, t: 28). Error: "Modality 'goal_image_primary' not found in the index for episode 2. Please ensure the dataset was enhanced correctly."
[2025-11-04 20:06:00,576][utils.vip_c_dataset][ERROR] - Error loading data for sample index 564 (ep: 2, t: 29). Error: "Modality 'goal_image_primary' not found in the index for episode 2. Please ensure the dataset was enhanced correctly."
[2025-11-04 20:06:00,576][utils.vip_c_dataset][ERROR] - Error loading data for sample index 565 (ep: 2, t: 30). Error: "Modality 'goal_image_primary' not found in the index for episode 2. Please ensure the dataset was enhanced correctly."
[2025-11-04 20:06:00,577][utils.vip_c_dataset][ERROR] - Error loading data for sample index 566 (ep: 2, t: 31). Error: "Modality 'goal_image_primary' not found in the index for episode 2. Please ensure the dataset was enhanced correctly."
[2025-11-04 20:06:00,577][utils.vip_c_dataset][ERROR] - Error loading data for sample index 567 (ep: 2, t: 32). Error: "Modality 'goal_image_primary' not found in the index for episode 2. Please ensure the dataset was enhanced correctly."
[2025-11-04 20:06:00,578][utils.vip_c_dataset][ERROR] - Error loading data for sample index 568 (ep: 2, t: 33). Error: "Modality 'goal_image_primary' not found in the index for episode 2. Please ensure the dataset was enhanced correctly."
[2025-11-04 20:06:00,578][utils.vip_c_dataset][ERROR] - Error loading data for sample index 569 (ep: 2, t: 34). Error: "Modality 'goal_image_primary' not found in the index for episode 2. Please ensure the dataset was enhanced correctly."
[2025-11-04 20:06:00,579][utils.vip_c_dataset][ERROR] - Error loading data for sample index 570 (ep: 2, t: 35). Error: "Modality 'goal_image_primary' not found in the index for episode 2. Please ensure the dataset was enhanced correctly."
[2025-11-04 20:06:00,579][utils.vip_c_dataset][ERROR] - Error loading data for sample index 571 (ep: 2, t: 36). Error: "Modality 'goal_image_primary' not found in the index for episode 2. Please ensure the dataset was enhanced correctly."
[2025-11-04 20:06:00,580][utils.vip_c_dataset][ERROR] - Error loading data for sample index 572 (ep: 2, t: 37). Error: "Modality 'goal_image_primary' not found in the index for episode 2. Please ensure the dataset was enhanced correctly."
[2025-11-04 20:06:00,580][utils.vip_c_dataset][ERROR] - Error loading data for sample index 573 (ep: 2, t: 38). Error: "Modality 'goal_image_primary' not found in the index for episode 2. Please ensure the dataset was enhanced correctly."
[2025-11-04 20:06:00,581][utils.vip_c_dataset][ERROR] - Error loading data for sample index 574 (ep: 2, t: 39). Error: "Modality 'goal_image_primary' not found in the index for episode 2. Please ensure the dataset was enhanced correctly."
[2025-11-04 20:06:00,582][utils.vip_c_dataset][ERROR] - Error loading data for sample index 575 (ep: 2, t: 40). Error: "Modality 'goal_image_primary' not found in the index for episode 2. Please ensure the dataset was enhanced correctly."
[2025-11-04 20:06:00,582][utils.vip_c_dataset][WARNING] - An entire batch of data loading failed. Skipping batch.
[2025-11-04 20:06:00,583][utils.vip_c_dataset][ERROR] - Error loading data for sample index 576 (ep: 2, t: 41). Error: "Modality 'goal_image_primary' not found in the index for episode 2. Please ensure the dataset was enhanced correctly."
[2025-11-04 20:06:00,583][utils.vip_c_dataset][ERROR] - Error loading data for sample index 577 (ep: 2, t: 42). Error: "Modality 'goal_image_primary' not found in the index for episode 2. Please ensure the dataset was enhanced correctly."
[2025-11-04 20:06:00,584][utils.vip_c_dataset][ERROR] - Error loading data for sample index 578 (ep: 2, t: 43). Error: "Modality 'goal_image_primary' not found in the index for episode 2. Please ensure the dataset was enhanced correctly."
[2025-11-04 20:06:00,584][utils.vip_c_dataset][ERROR] - Error loading data for sample index 579 (ep: 2, t: 44). Error: "Modality 'goal_image_primary' not found in the index for episode 2. Please ensure the dataset was enhanced correctly."
[2025-11-04 20:06:00,585][utils.vip_c_dataset][ERROR] - Error loading data for sample index 580 (ep: 2, t: 45). Error: "Modality 'goal_image_primary' not found in the index for episode 2. Please ensure the dataset was enhanced correctly."
[2025-11-04 20:06:00,585][utils.vip_c_dataset][ERROR] - Error loading data for sample index 581 (ep: 2, t: 46). Error: "Modality 'goal_image_primary' not found in the index for episode 2. Please ensure the dataset was enhanced correctly."
[2025-11-04 20:06:00,586][utils.vip_c_dataset][ERROR] - Error loading data for sample index 582 (ep: 2, t: 47). Error: "Modality 'goal_image_primary' not found in the index for episode 2. Please ensure the dataset was enhanced correctly."
[2025-11-04 20:06:00,586][utils.vip_c_dataset][ERROR] - Error loading data for sample index 583 (ep: 2, t: 48). Error: "Modality 'goal_image_primary' not found in the index for episode 2. Please ensure the dataset was enhanced correctly."
[2025-11-04 20:06:00,587][utils.vip_c_dataset][ERROR] - Error loading data for sample index 584 (ep: 2, t: 49). Error: "Modality 'goal_image_primary' not found in the index for episode 2. Please ensure the dataset was enhanced correctly."
[2025-11-04 20:06:00,588][utils.vip_c_dataset][ERROR] - Error loading data for sample index 585 (ep: 2, t: 50). Error: "Modality 'goal_image_primary' not found in the index for episode 2. Please ensure the dataset was enhanced correctly."
[2025-11-04 20:06:00,588][utils.vip_c_dataset][ERROR] - Error loading data for sample index 586 (ep: 2, t: 51). Error: "Modality 'goal_image_primary' not found in the index for episode 2. Please ensure the dataset was enhanced correctly."
[2025-11-04 20:06:00,589][utils.vip_c_dataset][ERROR] - Error loading data for sample index 587 (ep: 2, t: 52). Error: "Modality 'goal_image_primary' not found in the index for episode 2. Please ensure the dataset was enhanced correctly."
[2025-11-04 20:06:00,589][utils.vip_c_dataset][ERROR] - Error loading data for sample index 588 (ep: 2, t: 53). Error: "Modality 'goal_image_primary' not found in the index for episode 2. Please ensure the dataset was enhanced correctly."
[2025-11-04 20:06:00,590][utils.vip_c_dataset][ERROR] - Error loading data for sample index 589 (ep: 2, t: 54). Error: "Modality 'goal_image_primary' not found in the index for episode 2. Please ensure the dataset was enhanced correctly."
[2025-11-04 20:06:00,590][utils.vip_c_dataset][ERROR] - Error loading data for sample index 590 (ep: 2, t: 55). Error: "Modality 'goal_image_primary' not found in the index for episode 2. Please ensure the dataset was enhanced correctly."
[2025-11-04 20:06:00,591][utils.vip_c_dataset][ERROR] - Error loading data for sample index 591 (ep: 2, t: 56). Error: "Modality 'goal_image_primary' not found in the index for episode 2. Please ensure the dataset was enhanced correctly."
[2025-11-04 20:06:00,592][utils.vip_c_dataset][ERROR] - Error loading data for sample index 592 (ep: 2, t: 57). Error: "Modality 'goal_image_primary' not found in the index for episode 2. Please ensure the dataset was enhanced correctly."
[2025-11-04 20:06:00,592][utils.vip_c_dataset][ERROR] - Error loading data for sample index 593 (ep: 2, t: 58). Error: "Modality 'goal_image_primary' not found in the index for episode 2. Please ensure the dataset was enhanced correctly."
[2025-11-04 20:06:00,592][utils.vip_c_dataset][ERROR] - Error loading data for sample index 594 (ep: 2, t: 59). Error: "Modality 'goal_image_primary' not found in the index for episode 2. Please ensure the dataset was enhanced correctly."
[2025-11-04 20:06:00,593][utils.vip_c_dataset][ERROR] - Error loading data for sample index 595 (ep: 2, t: 60). Error: "Modality 'goal_image_primary' not found in the index for episode 2. Please ensure the dataset was enhanced correctly."
[2025-11-04 20:06:00,593][utils.vip_c_dataset][ERROR] - Error loading data for sample index 596 (ep: 2, t: 61). Error: "Modality 'goal_image_primary' not found in the index for episode 2. Please ensure the dataset was enhanced correctly."
[2025-11-04 20:06:00,594][utils.vip_c_dataset][ERROR] - Error loading data for sample index 597 (ep: 2, t: 62). Error: "Modality 'goal_image_primary' not found in the index for episode 2. Please ensure the dataset was enhanced correctly."
[2025-11-04 20:06:00,595][utils.vip_c_dataset][ERROR] - Error loading data for sample index 598 (ep: 2, t: 63). Error: "Modality 'goal_image_primary' not found in the index for episode 2. Please ensure the dataset was enhanced correctly."
[2025-11-04 20:06:00,595][utils.vip_c_dataset][ERROR] - Error loading data for sample index 599 (ep: 2, t: 64). Error: "Modality 'goal_image_primary' not found in the index for episode 2. Please ensure the dataset was enhanced correctly."
[2025-11-04 20:06:00,596][utils.vip_c_dataset][ERROR] - Error loading data for sample index 600 (ep: 2, t: 65). Error: "Modality 'goal_image_primary' not found in the index for episode 2. Please ensure the dataset was enhanced correctly."
[2025-11-04 20:06:00,596][utils.vip_c_dataset][ERROR] - Error loading data for sample index 601 (ep: 2, t: 66). Error: "Modality 'goal_image_primary' not found in the index for episode 2. Please ensure the dataset was enhanced correctly."
[2025-11-04 20:06:00,597][utils.vip_c_dataset][ERROR] - Error loading data for sample index 602 (ep: 2, t: 67). Error: "Modality 'goal_image_primary' not found in the index for episode 2. Please ensure the dataset was enhanced correctly."
[2025-11-04 20:06:00,598][utils.vip_c_dataset][ERROR] - Error loading data for sample index 603 (ep: 2, t: 68). Error: "Modality 'goal_image_primary' not found in the index for episode 2. Please ensure the dataset was enhanced correctly."
[2025-11-04 20:06:00,598][utils.vip_c_dataset][ERROR] - Error loading data for sample index 604 (ep: 2, t: 69). Error: "Modality 'goal_image_primary' not found in the index for episode 2. Please ensure the dataset was enhanced correctly."
[2025-11-04 20:06:00,599][utils.vip_c_dataset][ERROR] - Error loading data for sample index 605 (ep: 2, t: 70). Error: "Modality 'goal_image_primary' not found in the index for episode 2. Please ensure the dataset was enhanced correctly."
[2025-11-04 20:06:00,600][utils.vip_c_dataset][ERROR] - Error loading data for sample index 606 (ep: 2, t: 71). Error: "Modality 'goal_image_primary' not found in the index for episode 2. Please ensure the dataset was enhanced correctly."
[2025-11-04 20:06:00,600][utils.vip_c_dataset][ERROR] - Error loading data for sample index 607 (ep: 2, t: 72). Error: "Modality 'goal_image_primary' not found in the index for episode 2. Please ensure the dataset was enhanced correctly."
[2025-11-04 20:06:00,601][utils.vip_c_dataset][WARNING] - An entire batch of data loading failed. Skipping batch.
[2025-11-04 20:06:00,601][utils.vip_c_dataset][ERROR] - Error loading data for sample index 608 (ep: 2, t: 73). Error: "Modality 'goal_image_primary' not found in the index for episode 2. Please ensure the dataset was enhanced correctly."
[2025-11-04 20:06:00,602][utils.vip_c_dataset][ERROR] - Error loading data for sample index 609 (ep: 2, t: 74). Error: "Modality 'goal_image_primary' not found in the index for episode 2. Please ensure the dataset was enhanced correctly."
[2025-11-04 20:06:00,603][utils.vip_c_dataset][ERROR] - Error loading data for sample index 610 (ep: 2, t: 75). Error: "Modality 'goal_image_primary' not found in the index for episode 2. Please ensure the dataset was enhanced correctly."
[2025-11-04 20:06:00,603][utils.vip_c_dataset][ERROR] - Error loading data for sample index 611 (ep: 2, t: 76). Error: "Modality 'goal_image_primary' not found in the index for episode 2. Please ensure the dataset was enhanced correctly."
[2025-11-04 20:06:00,604][utils.vip_c_dataset][ERROR] - Error loading data for sample index 612 (ep: 2, t: 77). Error: "Modality 'goal_image_primary' not found in the index for episode 2. Please ensure the dataset was enhanced correctly."
[2025-11-04 20:06:00,605][utils.vip_c_dataset][ERROR] - Error loading data for sample index 613 (ep: 2, t: 78). Error: "Modality 'goal_image_primary' not found in the index for episode 2. Please ensure the dataset was enhanced correctly."
[2025-11-04 20:06:00,606][utils.vip_c_dataset][ERROR] - Error loading data for sample index 614 (ep: 2, t: 79). Error: "Modality 'goal_image_primary' not found in the index for episode 2. Please ensure the dataset was enhanced correctly."
[2025-11-04 20:06:00,606][utils.vip_c_dataset][ERROR] - Error loading data for sample index 615 (ep: 2, t: 80). Error: "Modality 'goal_image_primary' not found in the index for episode 2. Please ensure the dataset was enhanced correctly."
[2025-11-04 20:06:00,607][utils.vip_c_dataset][ERROR] - Error loading data for sample index 616 (ep: 2, t: 81). Error: "Modality 'goal_image_primary' not found in the index for episode 2. Please ensure the dataset was enhanced correctly."
[2025-11-04 20:06:00,608][utils.vip_c_dataset][ERROR] - Error loading data for sample index 617 (ep: 2, t: 82). Error: "Modality 'goal_image_primary' not found in the index for episode 2. Please ensure the dataset was enhanced correctly."
[2025-11-04 20:06:00,608][utils.vip_c_dataset][ERROR] - Error loading data for sample index 618 (ep: 2, t: 83). Error: "Modality 'goal_image_primary' not found in the index for episode 2. Please ensure the dataset was enhanced correctly."
[2025-11-04 20:06:00,609][utils.vip_c_dataset][ERROR] - Error loading data for sample index 619 (ep: 2, t: 84). Error: "Modality 'goal_image_primary' not found in the index for episode 2. Please ensure the dataset was enhanced correctly."
[2025-11-04 20:06:00,609][utils.vip_c_dataset][ERROR] - Error loading data for sample index 620 (ep: 2, t: 85). Error: "Modality 'goal_image_primary' not found in the index for episode 2. Please ensure the dataset was enhanced correctly."
[2025-11-04 20:06:00,610][utils.vip_c_dataset][ERROR] - Error loading data for sample index 621 (ep: 2, t: 86). Error: "Modality 'goal_image_primary' not found in the index for episode 2. Please ensure the dataset was enhanced correctly."
[2025-11-04 20:06:00,611][utils.vip_c_dataset][ERROR] - Error loading data for sample index 622 (ep: 2, t: 87). Error: "Modality 'goal_image_primary' not found in the index for episode 2. Please ensure the dataset was enhanced correctly."
[2025-11-04 20:06:00,612][utils.vip_c_dataset][ERROR] - Error loading data for sample index 623 (ep: 2, t: 88). Error: "Modality 'goal_image_primary' not found in the index for episode 2. Please ensure the dataset was enhanced correctly."
[2025-11-04 20:06:00,612][utils.vip_c_dataset][ERROR] - Error loading data for sample index 624 (ep: 2, t: 89). Error: "Modality 'goal_image_primary' not found in the index for episode 2. Please ensure the dataset was enhanced correctly."
[2025-11-04 20:06:00,613][utils.vip_c_dataset][ERROR] - Error loading data for sample index 625 (ep: 2, t: 90). Error: "Modality 'goal_image_primary' not found in the index for episode 2. Please ensure the dataset was enhanced correctly."
[2025-11-04 20:06:00,614][utils.vip_c_dataset][ERROR] - Error loading data for sample index 626 (ep: 2, t: 91). Error: "Modality 'goal_image_primary' not found in the index for episode 2. Please ensure the dataset was enhanced correctly."
[2025-11-04 20:06:00,614][utils.vip_c_dataset][ERROR] - Error loading data for sample index 627 (ep: 2, t: 92). Error: "Modality 'goal_image_primary' not found in the index for episode 2. Please ensure the dataset was enhanced correctly."
[2025-11-04 20:06:00,615][utils.vip_c_dataset][ERROR] - Error loading data for sample index 628 (ep: 2, t: 93). Error: "Modality 'goal_image_primary' not found in the index for episode 2. Please ensure the dataset was enhanced correctly."
[2025-11-04 20:06:00,615][utils.vip_c_dataset][ERROR] - Error loading data for sample index 629 (ep: 2, t: 94). Error: "Modality 'goal_image_primary' not found in the index for episode 2. Please ensure the dataset was enhanced correctly."
[2025-11-04 20:06:00,616][utils.vip_c_dataset][ERROR] - Error loading data for sample index 630 (ep: 2, t: 95). Error: "Modality 'goal_image_primary' not found in the index for episode 2. Please ensure the dataset was enhanced correctly."
[2025-11-04 20:06:00,617][utils.vip_c_dataset][ERROR] - Error loading data for sample index 631 (ep: 2, t: 96). Error: "Modality 'goal_image_primary' not found in the index for episode 2. Please ensure the dataset was enhanced correctly."
[2025-11-04 20:06:00,617][utils.vip_c_dataset][ERROR] - Error loading data for sample index 632 (ep: 2, t: 97). Error: "Modality 'goal_image_primary' not found in the index for episode 2. Please ensure the dataset was enhanced correctly."
[2025-11-04 20:06:00,618][utils.vip_c_dataset][ERROR] - Error loading data for sample index 633 (ep: 2, t: 98). Error: "Modality 'goal_image_primary' not found in the index for episode 2. Please ensure the dataset was enhanced correctly."
[2025-11-04 20:06:00,618][utils.vip_c_dataset][ERROR] - Error loading data for sample index 634 (ep: 2, t: 99). Error: "Modality 'goal_image_primary' not found in the index for episode 2. Please ensure the dataset was enhanced correctly."
[2025-11-04 20:06:00,619][utils.vip_c_dataset][ERROR] - Error loading data for sample index 635 (ep: 2, t: 100). Error: "Modality 'goal_image_primary' not found in the index for episode 2. Please ensure the dataset was enhanced correctly."
[2025-11-04 20:06:00,620][utils.vip_c_dataset][ERROR] - Error loading data for sample index 636 (ep: 2, t: 101). Error: "Modality 'goal_image_primary' not found in the index for episode 2. Please ensure the dataset was enhanced correctly."
[2025-11-04 20:06:00,620][utils.vip_c_dataset][ERROR] - Error loading data for sample index 637 (ep: 2, t: 102). Error: "Modality 'goal_image_primary' not found in the index for episode 2. Please ensure the dataset was enhanced correctly."
[2025-11-04 20:06:00,621][utils.vip_c_dataset][ERROR] - Error loading data for sample index 638 (ep: 2, t: 103). Error: "Modality 'goal_image_primary' not found in the index for episode 2. Please ensure the dataset was enhanced correctly."
[2025-11-04 20:06:00,622][utils.vip_c_dataset][ERROR] - Error loading data for sample index 639 (ep: 2, t: 104). Error: "Modality 'goal_image_primary' not found in the index for episode 2. Please ensure the dataset was enhanced correctly."
[2025-11-04 20:06:00,622][utils.vip_c_dataset][WARNING] - An entire batch of data loading failed. Skipping batch.
[2025-11-04 20:06:00,623][utils.vip_c_dataset][ERROR] - Error loading data for sample index 640 (ep: 2, t: 105). Error: "Modality 'goal_image_primary' not found in the index for episode 2. Please ensure the dataset was enhanced correctly."
[2025-11-04 20:06:00,624][utils.vip_c_dataset][ERROR] - Error loading data for sample index 641 (ep: 2, t: 106). Error: "Modality 'goal_image_primary' not found in the index for episode 2. Please ensure the dataset was enhanced correctly."
[2025-11-04 20:06:00,624][utils.vip_c_dataset][ERROR] - Error loading data for sample index 642 (ep: 2, t: 107). Error: "Modality 'goal_image_primary' not found in the index for episode 2. Please ensure the dataset was enhanced correctly."
[2025-11-04 20:06:00,625][utils.vip_c_dataset][ERROR] - Error loading data for sample index 643 (ep: 2, t: 108). Error: "Modality 'goal_image_primary' not found in the index for episode 2. Please ensure the dataset was enhanced correctly."
[2025-11-04 20:06:00,625][utils.vip_c_dataset][ERROR] - Error loading data for sample index 644 (ep: 2, t: 109). Error: "Modality 'goal_image_primary' not found in the index for episode 2. Please ensure the dataset was enhanced correctly."
[2025-11-04 20:06:00,626][utils.vip_c_dataset][ERROR] - Error loading data for sample index 645 (ep: 2, t: 110). Error: "Modality 'goal_image_primary' not found in the index for episode 2. Please ensure the dataset was enhanced correctly."
[2025-11-04 20:06:00,626][utils.vip_c_dataset][ERROR] - Error loading data for sample index 646 (ep: 2, t: 111). Error: "Modality 'goal_image_primary' not found in the index for episode 2. Please ensure the dataset was enhanced correctly."
[2025-11-04 20:06:00,627][utils.vip_c_dataset][ERROR] - Error loading data for sample index 647 (ep: 2, t: 112). Error: "Modality 'goal_image_primary' not found in the index for episode 2. Please ensure the dataset was enhanced correctly."
[2025-11-04 20:06:00,627][utils.vip_c_dataset][ERROR] - Error loading data for sample index 648 (ep: 2, t: 113). Error: "Modality 'goal_image_primary' not found in the index for episode 2. Please ensure the dataset was enhanced correctly."
[2025-11-04 20:06:00,628][utils.vip_c_dataset][ERROR] - Error loading data for sample index 649 (ep: 2, t: 114). Error: "Modality 'goal_image_primary' not found in the index for episode 2. Please ensure the dataset was enhanced correctly."
[2025-11-04 20:06:00,628][utils.vip_c_dataset][ERROR] - Error loading data for sample index 650 (ep: 2, t: 115). Error: "Modality 'goal_image_primary' not found in the index for episode 2. Please ensure the dataset was enhanced correctly."
[2025-11-04 20:06:00,629][utils.vip_c_dataset][ERROR] - Error loading data for sample index 651 (ep: 2, t: 116). Error: "Modality 'goal_image_primary' not found in the index for episode 2. Please ensure the dataset was enhanced correctly."
[2025-11-04 20:06:00,629][utils.vip_c_dataset][ERROR] - Error loading data for sample index 652 (ep: 2, t: 117). Error: "Modality 'goal_image_primary' not found in the index for episode 2. Please ensure the dataset was enhanced correctly."
[2025-11-04 20:06:00,630][utils.vip_c_dataset][ERROR] - Error loading data for sample index 653 (ep: 2, t: 118). Error: "Modality 'goal_image_primary' not found in the index for episode 2. Please ensure the dataset was enhanced correctly."
[2025-11-04 20:06:00,630][utils.vip_c_dataset][ERROR] - Error loading data for sample index 654 (ep: 2, t: 119). Error: "Modality 'goal_image_primary' not found in the index for episode 2. Please ensure the dataset was enhanced correctly."
[2025-11-04 20:06:00,631][utils.vip_c_dataset][ERROR] - Error loading data for sample index 655 (ep: 2, t: 120). Error: "Modality 'goal_image_primary' not found in the index for episode 2. Please ensure the dataset was enhanced correctly."
[2025-11-04 20:06:00,631][utils.vip_c_dataset][ERROR] - Error loading data for sample index 656 (ep: 2, t: 121). Error: "Modality 'goal_image_primary' not found in the index for episode 2. Please ensure the dataset was enhanced correctly."
[2025-11-04 20:06:00,632][utils.vip_c_dataset][ERROR] - Error loading data for sample index 657 (ep: 2, t: 122). Error: "Modality 'goal_image_primary' not found in the index for episode 2. Please ensure the dataset was enhanced correctly."
[2025-11-04 20:06:00,632][utils.vip_c_dataset][ERROR] - Error loading data for sample index 658 (ep: 2, t: 123). Error: "Modality 'goal_image_primary' not found in the index for episode 2. Please ensure the dataset was enhanced correctly."
[2025-11-04 20:06:00,633][utils.vip_c_dataset][ERROR] - Error loading data for sample index 659 (ep: 2, t: 124). Error: "Modality 'goal_image_primary' not found in the index for episode 2. Please ensure the dataset was enhanced correctly."
[2025-11-04 20:06:00,633][utils.vip_c_dataset][ERROR] - Error loading data for sample index 660 (ep: 2, t: 125). Error: "Modality 'goal_image_primary' not found in the index for episode 2. Please ensure the dataset was enhanced correctly."
[2025-11-04 20:06:00,634][utils.vip_c_dataset][ERROR] - Error loading data for sample index 661 (ep: 2, t: 126). Error: "Modality 'goal_image_primary' not found in the index for episode 2. Please ensure the dataset was enhanced correctly."
[2025-11-04 20:06:00,634][utils.vip_c_dataset][ERROR] - Error loading data for sample index 662 (ep: 2, t: 127). Error: "Modality 'goal_image_primary' not found in the index for episode 2. Please ensure the dataset was enhanced correctly."
[2025-11-04 20:06:00,635][utils.vip_c_dataset][ERROR] - Error loading data for sample index 663 (ep: 2, t: 128). Error: "Modality 'goal_image_primary' not found in the index for episode 2. Please ensure the dataset was enhanced correctly."
[2025-11-04 20:06:00,635][utils.vip_c_dataset][ERROR] - Error loading data for sample index 664 (ep: 2, t: 129). Error: "Modality 'goal_image_primary' not found in the index for episode 2. Please ensure the dataset was enhanced correctly."
[2025-11-04 20:06:00,636][utils.vip_c_dataset][ERROR] - Error loading data for sample index 665 (ep: 2, t: 130). Error: "Modality 'goal_image_primary' not found in the index for episode 2. Please ensure the dataset was enhanced correctly."
[2025-11-04 20:06:00,636][utils.vip_c_dataset][ERROR] - Error loading data for sample index 666 (ep: 2, t: 131). Error: "Modality 'goal_image_primary' not found in the index for episode 2. Please ensure the dataset was enhanced correctly."
[2025-11-04 20:06:00,636][utils.vip_c_dataset][ERROR] - Error loading data for sample index 667 (ep: 2, t: 132). Error: "Modality 'goal_image_primary' not found in the index for episode 2. Please ensure the dataset was enhanced correctly."
[2025-11-04 20:06:00,637][utils.vip_c_dataset][ERROR] - Error loading data for sample index 668 (ep: 2, t: 133). Error: "Modality 'goal_image_primary' not found in the index for episode 2. Please ensure the dataset was enhanced correctly."
[2025-11-04 20:06:00,638][utils.vip_c_dataset][ERROR] - Error loading data for sample index 669 (ep: 2, t: 134). Error: "Modality 'goal_image_primary' not found in the index for episode 2. Please ensure the dataset was enhanced correctly."
[2025-11-04 20:06:00,638][utils.vip_c_dataset][ERROR] - Error loading data for sample index 670 (ep: 2, t: 135). Error: "Modality 'goal_image_primary' not found in the index for episode 2. Please ensure the dataset was enhanced correctly."
[2025-11-04 20:06:00,639][utils.vip_c_dataset][ERROR] - Error loading data for sample index 671 (ep: 2, t: 136). Error: "Modality 'goal_image_primary' not found in the index for episode 2. Please ensure the dataset was enhanced correctly."
[2025-11-04 20:06:00,639][utils.vip_c_dataset][WARNING] - An entire batch of data loading failed. Skipping batch.
[2025-11-04 20:06:00,640][utils.vip_c_dataset][ERROR] - Error loading data for sample index 672 (ep: 2, t: 137). Error: "Modality 'goal_image_primary' not found in the index for episode 2. Please ensure the dataset was enhanced correctly."
[2025-11-04 20:06:00,640][utils.vip_c_dataset][ERROR] - Error loading data for sample index 673 (ep: 2, t: 138). Error: "Modality 'goal_image_primary' not found in the index for episode 2. Please ensure the dataset was enhanced correctly."
[2025-11-04 20:06:00,641][utils.vip_c_dataset][ERROR] - Error loading data for sample index 674 (ep: 2, t: 139). Error: "Modality 'goal_image_primary' not found in the index for episode 2. Please ensure the dataset was enhanced correctly."
[2025-11-04 20:06:00,641][utils.vip_c_dataset][ERROR] - Error loading data for sample index 675 (ep: 2, t: 140). Error: "Modality 'goal_image_primary' not found in the index for episode 2. Please ensure the dataset was enhanced correctly."
[2025-11-04 20:06:00,642][utils.vip_c_dataset][ERROR] - Error loading data for sample index 676 (ep: 2, t: 141). Error: "Modality 'goal_image_primary' not found in the index for episode 2. Please ensure the dataset was enhanced correctly."
[2025-11-04 20:06:00,642][utils.vip_c_dataset][ERROR] - Error loading data for sample index 677 (ep: 2, t: 142). Error: "Modality 'goal_image_primary' not found in the index for episode 2. Please ensure the dataset was enhanced correctly."
[2025-11-04 20:06:00,643][utils.vip_c_dataset][ERROR] - Error loading data for sample index 678 (ep: 2, t: 143). Error: "Modality 'goal_image_primary' not found in the index for episode 2. Please ensure the dataset was enhanced correctly."
[2025-11-04 20:06:00,644][utils.vip_c_dataset][ERROR] - Error loading data for sample index 679 (ep: 2, t: 144). Error: "Modality 'goal_image_primary' not found in the index for episode 2. Please ensure the dataset was enhanced correctly."
[2025-11-04 20:06:00,644][utils.vip_c_dataset][ERROR] - Error loading data for sample index 680 (ep: 2, t: 145). Error: "Modality 'goal_image_primary' not found in the index for episode 2. Please ensure the dataset was enhanced correctly."
[2025-11-04 20:06:00,644][utils.vip_c_dataset][ERROR] - Error loading data for sample index 681 (ep: 2, t: 146). Error: "Modality 'goal_image_primary' not found in the index for episode 2. Please ensure the dataset was enhanced correctly."
[2025-11-04 20:06:00,645][utils.vip_c_dataset][ERROR] - Error loading data for sample index 682 (ep: 2, t: 147). Error: "Modality 'goal_image_primary' not found in the index for episode 2. Please ensure the dataset was enhanced correctly."
[2025-11-04 20:06:00,645][utils.vip_c_dataset][ERROR] - Error loading data for sample index 683 (ep: 2, t: 148). Error: "Modality 'goal_image_primary' not found in the index for episode 2. Please ensure the dataset was enhanced correctly."
[2025-11-04 20:06:00,646][utils.vip_c_dataset][ERROR] - Error loading data for sample index 684 (ep: 2, t: 149). Error: "Modality 'goal_image_primary' not found in the index for episode 2. Please ensure the dataset was enhanced correctly."
[2025-11-04 20:06:00,646][utils.vip_c_dataset][ERROR] - Error loading data for sample index 685 (ep: 2, t: 150). Error: "Modality 'goal_image_primary' not found in the index for episode 2. Please ensure the dataset was enhanced correctly."
[2025-11-04 20:06:00,647][utils.vip_c_dataset][ERROR] - Error loading data for sample index 686 (ep: 2, t: 151). Error: "Modality 'goal_image_primary' not found in the index for episode 2. Please ensure the dataset was enhanced correctly."
[2025-11-04 20:06:00,647][utils.vip_c_dataset][ERROR] - Error loading data for sample index 687 (ep: 2, t: 152). Error: "Modality 'goal_image_primary' not found in the index for episode 2. Please ensure the dataset was enhanced correctly."
[2025-11-04 20:06:00,648][utils.vip_c_dataset][ERROR] - Error loading data for sample index 688 (ep: 2, t: 153). Error: "Modality 'goal_image_primary' not found in the index for episode 2. Please ensure the dataset was enhanced correctly."
[2025-11-04 20:06:00,648][utils.vip_c_dataset][ERROR] - Error loading data for sample index 689 (ep: 2, t: 154). Error: "Modality 'goal_image_primary' not found in the index for episode 2. Please ensure the dataset was enhanced correctly."
[2025-11-04 20:06:00,649][utils.vip_c_dataset][ERROR] - Error loading data for sample index 690 (ep: 2, t: 155). Error: "Modality 'goal_image_primary' not found in the index for episode 2. Please ensure the dataset was enhanced correctly."
[2025-11-04 20:06:00,649][utils.vip_c_dataset][ERROR] - Error loading data for sample index 691 (ep: 2, t: 156). Error: "Modality 'goal_image_primary' not found in the index for episode 2. Please ensure the dataset was enhanced correctly."
[2025-11-04 20:06:00,650][utils.vip_c_dataset][ERROR] - Error loading data for sample index 692 (ep: 2, t: 157). Error: "Modality 'goal_image_primary' not found in the index for episode 2. Please ensure the dataset was enhanced correctly."
[2025-11-04 20:06:00,650][utils.vip_c_dataset][ERROR] - Error loading data for sample index 693 (ep: 2, t: 158). Error: "Modality 'goal_image_primary' not found in the index for episode 2. Please ensure the dataset was enhanced correctly."
[2025-11-04 20:06:00,651][utils.vip_c_dataset][ERROR] - Error loading data for sample index 694 (ep: 2, t: 159). Error: "Modality 'goal_image_primary' not found in the index for episode 2. Please ensure the dataset was enhanced correctly."
[2025-11-04 20:06:00,651][utils.vip_c_dataset][ERROR] - Error loading data for sample index 695 (ep: 2, t: 160). Error: "Modality 'goal_image_primary' not found in the index for episode 2. Please ensure the dataset was enhanced correctly."
[2025-11-04 20:06:00,652][utils.vip_c_dataset][ERROR] - Error loading data for sample index 696 (ep: 2, t: 161). Error: "Modality 'goal_image_primary' not found in the index for episode 2. Please ensure the dataset was enhanced correctly."
[2025-11-04 20:06:00,652][utils.vip_c_dataset][ERROR] - Error loading data for sample index 697 (ep: 2, t: 162). Error: "Modality 'goal_image_primary' not found in the index for episode 2. Please ensure the dataset was enhanced correctly."
[2025-11-04 20:06:00,653][utils.vip_c_dataset][ERROR] - Error loading data for sample index 698 (ep: 2, t: 163). Error: "Modality 'goal_image_primary' not found in the index for episode 2. Please ensure the dataset was enhanced correctly."
[2025-11-04 20:06:00,653][utils.vip_c_dataset][ERROR] - Error loading data for sample index 699 (ep: 2, t: 164). Error: "Modality 'goal_image_primary' not found in the index for episode 2. Please ensure the dataset was enhanced correctly."
[2025-11-04 20:06:00,654][utils.vip_c_dataset][ERROR] - Error loading data for sample index 700 (ep: 2, t: 165). Error: "Modality 'goal_image_primary' not found in the index for episode 2. Please ensure the dataset was enhanced correctly."
[2025-11-04 20:06:00,654][utils.vip_c_dataset][ERROR] - Error loading data for sample index 701 (ep: 2, t: 166). Error: "Modality 'goal_image_primary' not found in the index for episode 2. Please ensure the dataset was enhanced correctly."
[2025-11-04 20:06:00,655][utils.vip_c_dataset][ERROR] - Error loading data for sample index 702 (ep: 2, t: 167). Error: "Modality 'goal_image_primary' not found in the index for episode 2. Please ensure the dataset was enhanced correctly."
[2025-11-04 20:06:00,655][utils.vip_c_dataset][ERROR] - Error loading data for sample index 703 (ep: 2, t: 168). Error: "Modality 'goal_image_primary' not found in the index for episode 2. Please ensure the dataset was enhanced correctly."
[2025-11-04 20:06:00,656][utils.vip_c_dataset][WARNING] - An entire batch of data loading failed. Skipping batch.
[2025-11-04 20:06:00,656][utils.vip_c_dataset][ERROR] - Error loading data for sample index 704 (ep: 2, t: 169). Error: "Modality 'goal_image_primary' not found in the index for episode 2. Please ensure the dataset was enhanced correctly."
[2025-11-04 20:06:00,657][utils.vip_c_dataset][ERROR] - Error loading data for sample index 705 (ep: 2, t: 170). Error: "Modality 'goal_image_primary' not found in the index for episode 2. Please ensure the dataset was enhanced correctly."
[2025-11-04 20:06:00,658][utils.vip_c_dataset][ERROR] - Error loading data for sample index 706 (ep: 2, t: 171). Error: "Modality 'goal_image_primary' not found in the index for episode 2. Please ensure the dataset was enhanced correctly."
[2025-11-04 20:06:00,658][utils.vip_c_dataset][ERROR] - Error loading data for sample index 707 (ep: 2, t: 172). Error: "Modality 'goal_image_primary' not found in the index for episode 2. Please ensure the dataset was enhanced correctly."
[2025-11-04 20:06:00,658][utils.vip_c_dataset][ERROR] - Error loading data for sample index 708 (ep: 2, t: 173). Error: "Modality 'goal_image_primary' not found in the index for episode 2. Please ensure the dataset was enhanced correctly."
[2025-11-04 20:06:00,659][utils.vip_c_dataset][ERROR] - Error loading data for sample index 709 (ep: 2, t: 174). Error: "Modality 'goal_image_primary' not found in the index for episode 2. Please ensure the dataset was enhanced correctly."
[2025-11-04 20:06:00,659][utils.vip_c_dataset][ERROR] - Error loading data for sample index 710 (ep: 2, t: 175). Error: "Modality 'goal_image_primary' not found in the index for episode 2. Please ensure the dataset was enhanced correctly."
[2025-11-04 20:06:00,660][utils.vip_c_dataset][ERROR] - Error loading data for sample index 711 (ep: 2, t: 176). Error: "Modality 'goal_image_primary' not found in the index for episode 2. Please ensure the dataset was enhanced correctly."
[2025-11-04 20:06:00,660][utils.vip_c_dataset][ERROR] - Error loading data for sample index 712 (ep: 2, t: 177). Error: "Modality 'goal_image_primary' not found in the index for episode 2. Please ensure the dataset was enhanced correctly."
[2025-11-04 20:06:00,660][utils.vip_c_dataset][ERROR] - Error loading data for sample index 713 (ep: 2, t: 178). Error: "Modality 'goal_image_primary' not found in the index for episode 2. Please ensure the dataset was enhanced correctly."
[2025-11-04 20:06:00,661][utils.vip_c_dataset][ERROR] - Error loading data for sample index 714 (ep: 2, t: 179). Error: "Modality 'goal_image_primary' not found in the index for episode 2. Please ensure the dataset was enhanced correctly."
[2025-11-04 20:06:00,661][utils.vip_c_dataset][ERROR] - Error loading data for sample index 715 (ep: 2, t: 180). Error: "Modality 'goal_image_primary' not found in the index for episode 2. Please ensure the dataset was enhanced correctly."
[2025-11-04 20:06:00,662][utils.vip_c_dataset][ERROR] - Error loading data for sample index 716 (ep: 2, t: 181). Error: "Modality 'goal_image_primary' not found in the index for episode 2. Please ensure the dataset was enhanced correctly."
[2025-11-04 20:06:00,662][utils.vip_c_dataset][ERROR] - Error loading data for sample index 717 (ep: 2, t: 182). Error: "Modality 'goal_image_primary' not found in the index for episode 2. Please ensure the dataset was enhanced correctly."
[2025-11-04 20:06:00,662][utils.vip_c_dataset][ERROR] - Error loading data for sample index 718 (ep: 2, t: 183). Error: "Modality 'goal_image_primary' not found in the index for episode 2. Please ensure the dataset was enhanced correctly."
[2025-11-04 20:06:00,663][utils.vip_c_dataset][ERROR] - Error loading data for sample index 719 (ep: 2, t: 184). Error: "Modality 'goal_image_primary' not found in the index for episode 2. Please ensure the dataset was enhanced correctly."
[2025-11-04 20:06:00,663][utils.vip_c_dataset][ERROR] - Error loading data for sample index 720 (ep: 2, t: 185). Error: "Modality 'goal_image_primary' not found in the index for episode 2. Please ensure the dataset was enhanced correctly."
[2025-11-04 20:06:00,664][utils.vip_c_dataset][ERROR] - Error loading data for sample index 721 (ep: 2, t: 186). Error: "Modality 'goal_image_primary' not found in the index for episode 2. Please ensure the dataset was enhanced correctly."
[2025-11-04 20:06:00,664][utils.vip_c_dataset][ERROR] - Error loading data for sample index 722 (ep: 2, t: 187). Error: "Modality 'goal_image_primary' not found in the index for episode 2. Please ensure the dataset was enhanced correctly."
[2025-11-04 20:06:00,665][utils.vip_c_dataset][ERROR] - Error loading data for sample index 723 (ep: 2, t: 188). Error: "Modality 'goal_image_primary' not found in the index for episode 2. Please ensure the dataset was enhanced correctly."
[2025-11-04 20:06:00,665][utils.vip_c_dataset][ERROR] - Error loading data for sample index 724 (ep: 2, t: 189). Error: "Modality 'goal_image_primary' not found in the index for episode 2. Please ensure the dataset was enhanced correctly."
[2025-11-04 20:06:00,665][utils.vip_c_dataset][ERROR] - Error loading data for sample index 725 (ep: 2, t: 190). Error: "Modality 'goal_image_primary' not found in the index for episode 2. Please ensure the dataset was enhanced correctly."
[2025-11-04 20:06:00,666][utils.vip_c_dataset][ERROR] - Error loading data for sample index 726 (ep: 2, t: 191). Error: "Modality 'goal_image_primary' not found in the index for episode 2. Please ensure the dataset was enhanced correctly."
[2025-11-04 20:06:00,666][utils.vip_c_dataset][ERROR] - Error loading data for sample index 727 (ep: 2, t: 192). Error: "Modality 'goal_image_primary' not found in the index for episode 2. Please ensure the dataset was enhanced correctly."
[2025-11-04 20:06:00,666][utils.vip_c_dataset][ERROR] - Error loading data for sample index 728 (ep: 2, t: 193). Error: "Modality 'goal_image_primary' not found in the index for episode 2. Please ensure the dataset was enhanced correctly."
[2025-11-04 20:06:00,667][utils.vip_c_dataset][ERROR] - Error loading data for sample index 729 (ep: 2, t: 194). Error: "Modality 'goal_image_primary' not found in the index for episode 2. Please ensure the dataset was enhanced correctly."
[2025-11-04 20:06:00,667][utils.vip_c_dataset][ERROR] - Error loading data for sample index 730 (ep: 2, t: 195). Error: "Modality 'goal_image_primary' not found in the index for episode 2. Please ensure the dataset was enhanced correctly."
[2025-11-04 20:06:00,668][utils.vip_c_dataset][ERROR] - Error loading data for sample index 731 (ep: 2, t: 196). Error: "Modality 'goal_image_primary' not found in the index for episode 2. Please ensure the dataset was enhanced correctly."
[2025-11-04 20:06:00,668][utils.vip_c_dataset][ERROR] - Error loading data for sample index 732 (ep: 2, t: 197). Error: "Modality 'goal_image_primary' not found in the index for episode 2. Please ensure the dataset was enhanced correctly."
[2025-11-04 20:06:00,669][utils.vip_c_dataset][ERROR] - Error loading data for sample index 733 (ep: 2, t: 198). Error: "Modality 'goal_image_primary' not found in the index for episode 2. Please ensure the dataset was enhanced correctly."
[2025-11-04 20:06:00,669][utils.vip_c_dataset][ERROR] - Error loading data for sample index 734 (ep: 2, t: 199). Error: "Modality 'goal_image_primary' not found in the index for episode 2. Please ensure the dataset was enhanced correctly."
[2025-11-04 20:06:00,669][utils.vip_c_dataset][ERROR] - Error loading data for sample index 735 (ep: 2, t: 200). Error: "Modality 'goal_image_primary' not found in the index for episode 2. Please ensure the dataset was enhanced correctly."
[2025-11-04 20:06:00,670][utils.vip_c_dataset][WARNING] - An entire batch of data loading failed. Skipping batch.
[2025-11-04 20:06:00,671][utils.vip_c_dataset][ERROR] - Error loading data for sample index 736 (ep: 2, t: 201). Error: "Modality 'goal_image_primary' not found in the index for episode 2. Please ensure the dataset was enhanced correctly."
[2025-11-04 20:06:00,671][utils.vip_c_dataset][ERROR] - Error loading data for sample index 737 (ep: 2, t: 202). Error: "Modality 'goal_image_primary' not found in the index for episode 2. Please ensure the dataset was enhanced correctly."
[2025-11-04 20:06:00,672][utils.vip_c_dataset][ERROR] - Error loading data for sample index 738 (ep: 2, t: 203). Error: "Modality 'goal_image_primary' not found in the index for episode 2. Please ensure the dataset was enhanced correctly."
[2025-11-04 20:06:00,673][utils.vip_c_dataset][ERROR] - Error loading data for sample index 739 (ep: 2, t: 204). Error: "Modality 'goal_image_primary' not found in the index for episode 2. Please ensure the dataset was enhanced correctly."
[2025-11-04 20:06:00,673][utils.vip_c_dataset][ERROR] - Error loading data for sample index 740 (ep: 2, t: 205). Error: "Modality 'goal_image_primary' not found in the index for episode 2. Please ensure the dataset was enhanced correctly."
[2025-11-04 20:06:00,674][utils.vip_c_dataset][ERROR] - Error loading data for sample index 741 (ep: 2, t: 206). Error: "Modality 'goal_image_primary' not found in the index for episode 2. Please ensure the dataset was enhanced correctly."
[2025-11-04 20:06:00,674][utils.vip_c_dataset][ERROR] - Error loading data for sample index 742 (ep: 2, t: 207). Error: "Modality 'goal_image_primary' not found in the index for episode 2. Please ensure the dataset was enhanced correctly."
[2025-11-04 20:06:00,674][utils.vip_c_dataset][ERROR] - Error loading data for sample index 743 (ep: 2, t: 208). Error: "Modality 'goal_image_primary' not found in the index for episode 2. Please ensure the dataset was enhanced correctly."
[2025-11-04 20:06:00,675][utils.vip_c_dataset][ERROR] - Error loading data for sample index 744 (ep: 2, t: 209). Error: "Modality 'goal_image_primary' not found in the index for episode 2. Please ensure the dataset was enhanced correctly."
[2025-11-04 20:06:00,675][utils.vip_c_dataset][ERROR] - Error loading data for sample index 745 (ep: 2, t: 210). Error: "Modality 'goal_image_primary' not found in the index for episode 2. Please ensure the dataset was enhanced correctly."
[2025-11-04 20:06:00,676][utils.vip_c_dataset][ERROR] - Error loading data for sample index 746 (ep: 2, t: 211). Error: "Modality 'goal_image_primary' not found in the index for episode 2. Please ensure the dataset was enhanced correctly."
[2025-11-04 20:06:00,676][utils.vip_c_dataset][ERROR] - Error loading data for sample index 747 (ep: 2, t: 212). Error: "Modality 'goal_image_primary' not found in the index for episode 2. Please ensure the dataset was enhanced correctly."
[2025-11-04 20:06:00,676][utils.vip_c_dataset][ERROR] - Error loading data for sample index 748 (ep: 2, t: 213). Error: "Modality 'goal_image_primary' not found in the index for episode 2. Please ensure the dataset was enhanced correctly."
[2025-11-04 20:06:00,677][utils.vip_c_dataset][ERROR] - Error loading data for sample index 749 (ep: 2, t: 214). Error: "Modality 'goal_image_primary' not found in the index for episode 2. Please ensure the dataset was enhanced correctly."
[2025-11-04 20:06:00,677][utils.vip_c_dataset][ERROR] - Error loading data for sample index 750 (ep: 2, t: 215). Error: "Modality 'goal_image_primary' not found in the index for episode 2. Please ensure the dataset was enhanced correctly."
[2025-11-04 20:06:00,678][utils.vip_c_dataset][ERROR] - Error loading data for sample index 751 (ep: 2, t: 216). Error: "Modality 'goal_image_primary' not found in the index for episode 2. Please ensure the dataset was enhanced correctly."
[2025-11-04 20:06:00,678][utils.vip_c_dataset][ERROR] - Error loading data for sample index 752 (ep: 2, t: 217). Error: "Modality 'goal_image_primary' not found in the index for episode 2. Please ensure the dataset was enhanced correctly."
[2025-11-04 20:06:00,679][utils.vip_c_dataset][ERROR] - Error loading data for sample index 753 (ep: 2, t: 218). Error: "Modality 'goal_image_primary' not found in the index for episode 2. Please ensure the dataset was enhanced correctly."
[2025-11-04 20:06:00,679][utils.vip_c_dataset][ERROR] - Error loading data for sample index 754 (ep: 2, t: 219). Error: "Modality 'goal_image_primary' not found in the index for episode 2. Please ensure the dataset was enhanced correctly."
[2025-11-04 20:06:00,679][utils.vip_c_dataset][ERROR] - Error loading data for sample index 755 (ep: 2, t: 220). Error: "Modality 'goal_image_primary' not found in the index for episode 2. Please ensure the dataset was enhanced correctly."
[2025-11-04 20:06:00,680][utils.vip_c_dataset][ERROR] - Error loading data for sample index 756 (ep: 2, t: 221). Error: "Modality 'goal_image_primary' not found in the index for episode 2. Please ensure the dataset was enhanced correctly."
[2025-11-04 20:06:00,680][utils.vip_c_dataset][ERROR] - Error loading data for sample index 757 (ep: 2, t: 222). Error: "Modality 'goal_image_primary' not found in the index for episode 2. Please ensure the dataset was enhanced correctly."
[2025-11-04 20:06:00,680][utils.vip_c_dataset][ERROR] - Error loading data for sample index 758 (ep: 2, t: 223). Error: "Modality 'goal_image_primary' not found in the index for episode 2. Please ensure the dataset was enhanced correctly."
[2025-11-04 20:06:00,681][utils.vip_c_dataset][ERROR] - Error loading data for sample index 759 (ep: 2, t: 224). Error: "Modality 'goal_image_primary' not found in the index for episode 2. Please ensure the dataset was enhanced correctly."
[2025-11-04 20:06:00,681][utils.vip_c_dataset][ERROR] - Error loading data for sample index 760 (ep: 2, t: 225). Error: "Modality 'goal_image_primary' not found in the index for episode 2. Please ensure the dataset was enhanced correctly."
[2025-11-04 20:06:00,682][utils.vip_c_dataset][ERROR] - Error loading data for sample index 761 (ep: 2, t: 226). Error: "Modality 'goal_image_primary' not found in the index for episode 2. Please ensure the dataset was enhanced correctly."
[2025-11-04 20:06:00,682][utils.vip_c_dataset][ERROR] - Error loading data for sample index 762 (ep: 2, t: 227). Error: "Modality 'goal_image_primary' not found in the index for episode 2. Please ensure the dataset was enhanced correctly."
[2025-11-04 20:06:00,682][utils.vip_c_dataset][ERROR] - Error loading data for sample index 763 (ep: 2, t: 228). Error: "Modality 'goal_image_primary' not found in the index for episode 2. Please ensure the dataset was enhanced correctly."
[2025-11-04 20:06:00,683][utils.vip_c_dataset][ERROR] - Error loading data for sample index 764 (ep: 2, t: 229). Error: "Modality 'goal_image_primary' not found in the index for episode 2. Please ensure the dataset was enhanced correctly."
[2025-11-04 20:06:00,683][utils.vip_c_dataset][ERROR] - Error loading data for sample index 765 (ep: 2, t: 230). Error: "Modality 'goal_image_primary' not found in the index for episode 2. Please ensure the dataset was enhanced correctly."
[2025-11-04 20:06:00,684][utils.vip_c_dataset][ERROR] - Error loading data for sample index 766 (ep: 2, t: 231). Error: "Modality 'goal_image_primary' not found in the index for episode 2. Please ensure the dataset was enhanced correctly."
[2025-11-04 20:06:00,684][utils.vip_c_dataset][ERROR] - Error loading data for sample index 767 (ep: 2, t: 232). Error: "Modality 'goal_image_primary' not found in the index for episode 2. Please ensure the dataset was enhanced correctly."
[2025-11-04 20:06:00,684][utils.vip_c_dataset][WARNING] - An entire batch of data loading failed. Skipping batch.
[2025-11-04 20:06:00,685][utils.vip_c_dataset][ERROR] - Error loading data for sample index 768 (ep: 2, t: 233). Error: "Modality 'goal_image_primary' not found in the index for episode 2. Please ensure the dataset was enhanced correctly."
[2025-11-04 20:06:00,685][utils.vip_c_dataset][ERROR] - Error loading data for sample index 769 (ep: 2, t: 234). Error: "Modality 'goal_image_primary' not found in the index for episode 2. Please ensure the dataset was enhanced correctly."
[2025-11-04 20:06:00,686][utils.vip_c_dataset][ERROR] - Error loading data for sample index 770 (ep: 2, t: 235). Error: "Modality 'goal_image_primary' not found in the index for episode 2. Please ensure the dataset was enhanced correctly."
[2025-11-04 20:06:00,686][utils.vip_c_dataset][ERROR] - Error loading data for sample index 771 (ep: 2, t: 236). Error: "Modality 'goal_image_primary' not found in the index for episode 2. Please ensure the dataset was enhanced correctly."
[2025-11-04 20:06:00,687][utils.vip_c_dataset][ERROR] - Error loading data for sample index 772 (ep: 2, t: 237). Error: "Modality 'goal_image_primary' not found in the index for episode 2. Please ensure the dataset was enhanced correctly."
[2025-11-04 20:06:00,687][utils.vip_c_dataset][ERROR] - Error loading data for sample index 773 (ep: 2, t: 238). Error: "Modality 'goal_image_primary' not found in the index for episode 2. Please ensure the dataset was enhanced correctly."
[2025-11-04 20:06:00,687][utils.vip_c_dataset][ERROR] - Error loading data for sample index 774 (ep: 2, t: 239). Error: "Modality 'goal_image_primary' not found in the index for episode 2. Please ensure the dataset was enhanced correctly."
[2025-11-04 20:06:00,688][utils.vip_c_dataset][ERROR] - Error loading data for sample index 775 (ep: 2, t: 240). Error: "Modality 'goal_image_primary' not found in the index for episode 2. Please ensure the dataset was enhanced correctly."
[2025-11-04 20:06:00,689][utils.vip_c_dataset][ERROR] - Error loading data for sample index 776 (ep: 2, t: 241). Error: "Modality 'goal_image_primary' not found in the index for episode 2. Please ensure the dataset was enhanced correctly."
[2025-11-04 20:06:00,689][utils.vip_c_dataset][ERROR] - Error loading data for sample index 777 (ep: 2, t: 242). Error: "Modality 'goal_image_primary' not found in the index for episode 2. Please ensure the dataset was enhanced correctly."
[2025-11-04 20:06:00,690][utils.vip_c_dataset][ERROR] - Error loading data for sample index 778 (ep: 2, t: 243). Error: "Modality 'goal_image_primary' not found in the index for episode 2. Please ensure the dataset was enhanced correctly."
[2025-11-04 20:06:00,690][utils.vip_c_dataset][ERROR] - Error loading data for sample index 779 (ep: 2, t: 244). Error: "Modality 'goal_image_primary' not found in the index for episode 2. Please ensure the dataset was enhanced correctly."
[2025-11-04 20:06:00,691][utils.vip_c_dataset][ERROR] - Error loading data for sample index 780 (ep: 2, t: 245). Error: "Modality 'goal_image_primary' not found in the index for episode 2. Please ensure the dataset was enhanced correctly."
[2025-11-04 20:06:00,691][utils.vip_c_dataset][ERROR] - Error loading data for sample index 781 (ep: 2, t: 246). Error: "Modality 'goal_image_primary' not found in the index for episode 2. Please ensure the dataset was enhanced correctly."
[2025-11-04 20:06:00,691][utils.vip_c_dataset][ERROR] - Error loading data for sample index 782 (ep: 2, t: 247). Error: "Modality 'goal_image_primary' not found in the index for episode 2. Please ensure the dataset was enhanced correctly."
[2025-11-04 20:06:00,691][utils.vip_c_dataset][ERROR] - Error loading data for sample index 783 (ep: 2, t: 248). Error: "Modality 'goal_image_primary' not found in the index for episode 2. Please ensure the dataset was enhanced correctly."
[2025-11-04 20:06:00,692][utils.vip_c_dataset][ERROR] - Error loading data for sample index 784 (ep: 2, t: 249). Error: "Modality 'goal_image_primary' not found in the index for episode 2. Please ensure the dataset was enhanced correctly."
[2025-11-04 20:06:00,693][utils.vip_c_dataset][ERROR] - Error loading data for sample index 785 (ep: 2, t: 250). Error: "Modality 'goal_image_primary' not found in the index for episode 2. Please ensure the dataset was enhanced correctly."
[2025-11-04 20:06:00,693][utils.vip_c_dataset][ERROR] - Error loading data for sample index 786 (ep: 2, t: 251). Error: "Modality 'goal_image_primary' not found in the index for episode 2. Please ensure the dataset was enhanced correctly."
[2025-11-04 20:06:00,694][utils.vip_c_dataset][ERROR] - Error loading data for sample index 787 (ep: 2, t: 252). Error: "Modality 'goal_image_primary' not found in the index for episode 2. Please ensure the dataset was enhanced correctly."
[2025-11-04 20:06:00,694][utils.vip_c_dataset][ERROR] - Error loading data for sample index 788 (ep: 2, t: 253). Error: "Modality 'goal_image_primary' not found in the index for episode 2. Please ensure the dataset was enhanced correctly."
[2025-11-04 20:06:00,695][utils.vip_c_dataset][ERROR] - Error loading data for sample index 789 (ep: 2, t: 254). Error: "Modality 'goal_image_primary' not found in the index for episode 2. Please ensure the dataset was enhanced correctly."
[2025-11-04 20:06:00,695][utils.vip_c_dataset][ERROR] - Error loading data for sample index 790 (ep: 2, t: 255). Error: "Modality 'goal_image_primary' not found in the index for episode 2. Please ensure the dataset was enhanced correctly."
[2025-11-04 20:06:00,875][utils.vip_c_dataset][ERROR] - Error loading data for sample index 791 (ep: 3, t: 1). Error: "Modality 'goal_image_primary' not found in the index for episode 3. Please ensure the dataset was enhanced correctly."
[2025-11-04 20:06:00,876][utils.vip_c_dataset][ERROR] - Error loading data for sample index 792 (ep: 3, t: 2). Error: "Modality 'goal_image_primary' not found in the index for episode 3. Please ensure the dataset was enhanced correctly."
[2025-11-04 20:06:00,877][utils.vip_c_dataset][ERROR] - Error loading data for sample index 793 (ep: 3, t: 3). Error: "Modality 'goal_image_primary' not found in the index for episode 3. Please ensure the dataset was enhanced correctly."
[2025-11-04 20:06:00,877][utils.vip_c_dataset][ERROR] - Error loading data for sample index 794 (ep: 3, t: 4). Error: "Modality 'goal_image_primary' not found in the index for episode 3. Please ensure the dataset was enhanced correctly."
[2025-11-04 20:06:00,878][utils.vip_c_dataset][ERROR] - Error loading data for sample index 795 (ep: 3, t: 5). Error: "Modality 'goal_image_primary' not found in the index for episode 3. Please ensure the dataset was enhanced correctly."
[2025-11-04 20:06:00,878][utils.vip_c_dataset][ERROR] - Error loading data for sample index 796 (ep: 3, t: 6). Error: "Modality 'goal_image_primary' not found in the index for episode 3. Please ensure the dataset was enhanced correctly."
[2025-11-04 20:06:00,879][utils.vip_c_dataset][ERROR] - Error loading data for sample index 797 (ep: 3, t: 7). Error: "Modality 'goal_image_primary' not found in the index for episode 3. Please ensure the dataset was enhanced correctly."
[2025-11-04 20:06:00,879][utils.vip_c_dataset][ERROR] - Error loading data for sample index 798 (ep: 3, t: 8). Error: "Modality 'goal_image_primary' not found in the index for episode 3. Please ensure the dataset was enhanced correctly."
[2025-11-04 20:06:00,880][utils.vip_c_dataset][ERROR] - Error loading data for sample index 799 (ep: 3, t: 9). Error: "Modality 'goal_image_primary' not found in the index for episode 3. Please ensure the dataset was enhanced correctly."
[2025-11-04 20:06:00,880][utils.vip_c_dataset][WARNING] - An entire batch of data loading failed. Skipping batch.
[2025-11-04 20:06:00,881][utils.vip_c_dataset][ERROR] - Error loading data for sample index 800 (ep: 3, t: 10). Error: "Modality 'goal_image_primary' not found in the index for episode 3. Please ensure the dataset was enhanced correctly."
[2025-11-04 20:06:00,881][utils.vip_c_dataset][ERROR] - Error loading data for sample index 801 (ep: 3, t: 11). Error: "Modality 'goal_image_primary' not found in the index for episode 3. Please ensure the dataset was enhanced correctly."
[2025-11-04 20:06:00,882][utils.vip_c_dataset][ERROR] - Error loading data for sample index 802 (ep: 3, t: 12). Error: "Modality 'goal_image_primary' not found in the index for episode 3. Please ensure the dataset was enhanced correctly."
[2025-11-04 20:06:00,882][utils.vip_c_dataset][ERROR] - Error loading data for sample index 803 (ep: 3, t: 13). Error: "Modality 'goal_image_primary' not found in the index for episode 3. Please ensure the dataset was enhanced correctly."
[2025-11-04 20:06:00,883][utils.vip_c_dataset][ERROR] - Error loading data for sample index 804 (ep: 3, t: 14). Error: "Modality 'goal_image_primary' not found in the index for episode 3. Please ensure the dataset was enhanced correctly."
[2025-11-04 20:06:00,883][utils.vip_c_dataset][ERROR] - Error loading data for sample index 805 (ep: 3, t: 15). Error: "Modality 'goal_image_primary' not found in the index for episode 3. Please ensure the dataset was enhanced correctly."
[2025-11-04 20:06:00,883][utils.vip_c_dataset][ERROR] - Error loading data for sample index 806 (ep: 3, t: 16). Error: "Modality 'goal_image_primary' not found in the index for episode 3. Please ensure the dataset was enhanced correctly."
[2025-11-04 20:06:00,884][utils.vip_c_dataset][ERROR] - Error loading data for sample index 807 (ep: 3, t: 17). Error: "Modality 'goal_image_primary' not found in the index for episode 3. Please ensure the dataset was enhanced correctly."
[2025-11-04 20:06:00,884][utils.vip_c_dataset][ERROR] - Error loading data for sample index 808 (ep: 3, t: 18). Error: "Modality 'goal_image_primary' not found in the index for episode 3. Please ensure the dataset was enhanced correctly."
[2025-11-04 20:06:00,885][utils.vip_c_dataset][ERROR] - Error loading data for sample index 809 (ep: 3, t: 19). Error: "Modality 'goal_image_primary' not found in the index for episode 3. Please ensure the dataset was enhanced correctly."
[2025-11-04 20:06:00,885][utils.vip_c_dataset][ERROR] - Error loading data for sample index 810 (ep: 3, t: 20). Error: "Modality 'goal_image_primary' not found in the index for episode 3. Please ensure the dataset was enhanced correctly."
[2025-11-04 20:06:00,886][utils.vip_c_dataset][ERROR] - Error loading data for sample index 811 (ep: 3, t: 21). Error: "Modality 'goal_image_primary' not found in the index for episode 3. Please ensure the dataset was enhanced correctly."
[2025-11-04 20:06:00,886][utils.vip_c_dataset][ERROR] - Error loading data for sample index 812 (ep: 3, t: 22). Error: "Modality 'goal_image_primary' not found in the index for episode 3. Please ensure the dataset was enhanced correctly."
[2025-11-04 20:06:00,886][utils.vip_c_dataset][ERROR] - Error loading data for sample index 813 (ep: 3, t: 23). Error: "Modality 'goal_image_primary' not found in the index for episode 3. Please ensure the dataset was enhanced correctly."
[2025-11-04 20:06:00,887][utils.vip_c_dataset][ERROR] - Error loading data for sample index 814 (ep: 3, t: 24). Error: "Modality 'goal_image_primary' not found in the index for episode 3. Please ensure the dataset was enhanced correctly."
[2025-11-04 20:06:00,887][utils.vip_c_dataset][ERROR] - Error loading data for sample index 815 (ep: 3, t: 25). Error: "Modality 'goal_image_primary' not found in the index for episode 3. Please ensure the dataset was enhanced correctly."
[2025-11-04 20:06:00,887][utils.vip_c_dataset][ERROR] - Error loading data for sample index 816 (ep: 3, t: 26). Error: "Modality 'goal_image_primary' not found in the index for episode 3. Please ensure the dataset was enhanced correctly."
[2025-11-04 20:06:00,888][utils.vip_c_dataset][ERROR] - Error loading data for sample index 817 (ep: 3, t: 27). Error: "Modality 'goal_image_primary' not found in the index for episode 3. Please ensure the dataset was enhanced correctly."
[2025-11-04 20:06:00,889][utils.vip_c_dataset][ERROR] - Error loading data for sample index 818 (ep: 3, t: 28). Error: "Modality 'goal_image_primary' not found in the index for episode 3. Please ensure the dataset was enhanced correctly."
[2025-11-04 20:06:00,889][utils.vip_c_dataset][ERROR] - Error loading data for sample index 819 (ep: 3, t: 29). Error: "Modality 'goal_image_primary' not found in the index for episode 3. Please ensure the dataset was enhanced correctly."
[2025-11-04 20:06:00,889][utils.vip_c_dataset][ERROR] - Error loading data for sample index 820 (ep: 3, t: 30). Error: "Modality 'goal_image_primary' not found in the index for episode 3. Please ensure the dataset was enhanced correctly."
[2025-11-04 20:06:00,890][utils.vip_c_dataset][ERROR] - Error loading data for sample index 821 (ep: 3, t: 31). Error: "Modality 'goal_image_primary' not found in the index for episode 3. Please ensure the dataset was enhanced correctly."
[2025-11-04 20:06:00,890][utils.vip_c_dataset][ERROR] - Error loading data for sample index 822 (ep: 3, t: 32). Error: "Modality 'goal_image_primary' not found in the index for episode 3. Please ensure the dataset was enhanced correctly."
[2025-11-04 20:06:00,890][utils.vip_c_dataset][ERROR] - Error loading data for sample index 823 (ep: 3, t: 33). Error: "Modality 'goal_image_primary' not found in the index for episode 3. Please ensure the dataset was enhanced correctly."
[2025-11-04 20:06:00,891][utils.vip_c_dataset][ERROR] - Error loading data for sample index 824 (ep: 3, t: 34). Error: "Modality 'goal_image_primary' not found in the index for episode 3. Please ensure the dataset was enhanced correctly."
[2025-11-04 20:06:00,892][utils.vip_c_dataset][ERROR] - Error loading data for sample index 825 (ep: 3, t: 35). Error: "Modality 'goal_image_primary' not found in the index for episode 3. Please ensure the dataset was enhanced correctly."
[2025-11-04 20:06:00,892][utils.vip_c_dataset][ERROR] - Error loading data for sample index 826 (ep: 3, t: 36). Error: "Modality 'goal_image_primary' not found in the index for episode 3. Please ensure the dataset was enhanced correctly."
[2025-11-04 20:06:00,893][utils.vip_c_dataset][ERROR] - Error loading data for sample index 827 (ep: 3, t: 37). Error: "Modality 'goal_image_primary' not found in the index for episode 3. Please ensure the dataset was enhanced correctly."
[2025-11-04 20:06:00,893][utils.vip_c_dataset][ERROR] - Error loading data for sample index 828 (ep: 3, t: 38). Error: "Modality 'goal_image_primary' not found in the index for episode 3. Please ensure the dataset was enhanced correctly."
[2025-11-04 20:06:00,893][utils.vip_c_dataset][ERROR] - Error loading data for sample index 829 (ep: 3, t: 39). Error: "Modality 'goal_image_primary' not found in the index for episode 3. Please ensure the dataset was enhanced correctly."
[2025-11-04 20:06:00,893][utils.vip_c_dataset][ERROR] - Error loading data for sample index 830 (ep: 3, t: 40). Error: "Modality 'goal_image_primary' not found in the index for episode 3. Please ensure the dataset was enhanced correctly."
[2025-11-04 20:06:00,894][utils.vip_c_dataset][ERROR] - Error loading data for sample index 831 (ep: 3, t: 41). Error: "Modality 'goal_image_primary' not found in the index for episode 3. Please ensure the dataset was enhanced correctly."
[2025-11-04 20:06:00,894][utils.vip_c_dataset][WARNING] - An entire batch of data loading failed. Skipping batch.
[2025-11-04 20:06:00,895][utils.vip_c_dataset][ERROR] - Error loading data for sample index 832 (ep: 3, t: 42). Error: "Modality 'goal_image_primary' not found in the index for episode 3. Please ensure the dataset was enhanced correctly."
[2025-11-04 20:06:00,895][utils.vip_c_dataset][ERROR] - Error loading data for sample index 833 (ep: 3, t: 43). Error: "Modality 'goal_image_primary' not found in the index for episode 3. Please ensure the dataset was enhanced correctly."
[2025-11-04 20:06:00,896][utils.vip_c_dataset][ERROR] - Error loading data for sample index 834 (ep: 3, t: 44). Error: "Modality 'goal_image_primary' not found in the index for episode 3. Please ensure the dataset was enhanced correctly."
[2025-11-04 20:06:00,896][utils.vip_c_dataset][ERROR] - Error loading data for sample index 835 (ep: 3, t: 45). Error: "Modality 'goal_image_primary' not found in the index for episode 3. Please ensure the dataset was enhanced correctly."
[2025-11-04 20:06:00,897][utils.vip_c_dataset][ERROR] - Error loading data for sample index 836 (ep: 3, t: 46). Error: "Modality 'goal_image_primary' not found in the index for episode 3. Please ensure the dataset was enhanced correctly."
[2025-11-04 20:06:00,897][utils.vip_c_dataset][ERROR] - Error loading data for sample index 837 (ep: 3, t: 47). Error: "Modality 'goal_image_primary' not found in the index for episode 3. Please ensure the dataset was enhanced correctly."
[2025-11-04 20:06:00,898][utils.vip_c_dataset][ERROR] - Error loading data for sample index 838 (ep: 3, t: 48). Error: "Modality 'goal_image_primary' not found in the index for episode 3. Please ensure the dataset was enhanced correctly."
[2025-11-04 20:06:00,898][utils.vip_c_dataset][ERROR] - Error loading data for sample index 839 (ep: 3, t: 49). Error: "Modality 'goal_image_primary' not found in the index for episode 3. Please ensure the dataset was enhanced correctly."
[2025-11-04 20:06:00,898][utils.vip_c_dataset][ERROR] - Error loading data for sample index 840 (ep: 3, t: 50). Error: "Modality 'goal_image_primary' not found in the index for episode 3. Please ensure the dataset was enhanced correctly."
[2025-11-04 20:06:00,899][utils.vip_c_dataset][ERROR] - Error loading data for sample index 841 (ep: 3, t: 51). Error: "Modality 'goal_image_primary' not found in the index for episode 3. Please ensure the dataset was enhanced correctly."
[2025-11-04 20:06:00,899][utils.vip_c_dataset][ERROR] - Error loading data for sample index 842 (ep: 3, t: 52). Error: "Modality 'goal_image_primary' not found in the index for episode 3. Please ensure the dataset was enhanced correctly."
[2025-11-04 20:06:00,900][utils.vip_c_dataset][ERROR] - Error loading data for sample index 843 (ep: 3, t: 53). Error: "Modality 'goal_image_primary' not found in the index for episode 3. Please ensure the dataset was enhanced correctly."
[2025-11-04 20:06:00,900][utils.vip_c_dataset][ERROR] - Error loading data for sample index 844 (ep: 3, t: 54). Error: "Modality 'goal_image_primary' not found in the index for episode 3. Please ensure the dataset was enhanced correctly."
[2025-11-04 20:06:00,900][utils.vip_c_dataset][ERROR] - Error loading data for sample index 845 (ep: 3, t: 55). Error: "Modality 'goal_image_primary' not found in the index for episode 3. Please ensure the dataset was enhanced correctly."
[2025-11-04 20:06:00,901][utils.vip_c_dataset][ERROR] - Error loading data for sample index 846 (ep: 3, t: 56). Error: "Modality 'goal_image_primary' not found in the index for episode 3. Please ensure the dataset was enhanced correctly."
[2025-11-04 20:06:00,901][utils.vip_c_dataset][ERROR] - Error loading data for sample index 847 (ep: 3, t: 57). Error: "Modality 'goal_image_primary' not found in the index for episode 3. Please ensure the dataset was enhanced correctly."
[2025-11-04 20:06:00,901][utils.vip_c_dataset][ERROR] - Error loading data for sample index 848 (ep: 3, t: 58). Error: "Modality 'goal_image_primary' not found in the index for episode 3. Please ensure the dataset was enhanced correctly."
[2025-11-04 20:06:00,902][utils.vip_c_dataset][ERROR] - Error loading data for sample index 849 (ep: 3, t: 59). Error: "Modality 'goal_image_primary' not found in the index for episode 3. Please ensure the dataset was enhanced correctly."
[2025-11-04 20:06:00,902][utils.vip_c_dataset][ERROR] - Error loading data for sample index 850 (ep: 3, t: 60). Error: "Modality 'goal_image_primary' not found in the index for episode 3. Please ensure the dataset was enhanced correctly."
[2025-11-04 20:06:00,903][utils.vip_c_dataset][ERROR] - Error loading data for sample index 851 (ep: 3, t: 61). Error: "Modality 'goal_image_primary' not found in the index for episode 3. Please ensure the dataset was enhanced correctly."
[2025-11-04 20:06:00,903][utils.vip_c_dataset][ERROR] - Error loading data for sample index 852 (ep: 3, t: 62). Error: "Modality 'goal_image_primary' not found in the index for episode 3. Please ensure the dataset was enhanced correctly."
[2025-11-04 20:06:00,904][utils.vip_c_dataset][ERROR] - Error loading data for sample index 853 (ep: 3, t: 63). Error: "Modality 'goal_image_primary' not found in the index for episode 3. Please ensure the dataset was enhanced correctly."
[2025-11-04 20:06:00,905][utils.vip_c_dataset][ERROR] - Error loading data for sample index 854 (ep: 3, t: 64). Error: "Modality 'goal_image_primary' not found in the index for episode 3. Please ensure the dataset was enhanced correctly."
[2025-11-04 20:06:00,905][utils.vip_c_dataset][ERROR] - Error loading data for sample index 855 (ep: 3, t: 65). Error: "Modality 'goal_image_primary' not found in the index for episode 3. Please ensure the dataset was enhanced correctly."
[2025-11-04 20:06:00,906][utils.vip_c_dataset][ERROR] - Error loading data for sample index 856 (ep: 3, t: 66). Error: "Modality 'goal_image_primary' not found in the index for episode 3. Please ensure the dataset was enhanced correctly."
[2025-11-04 20:06:00,906][utils.vip_c_dataset][ERROR] - Error loading data for sample index 857 (ep: 3, t: 67). Error: "Modality 'goal_image_primary' not found in the index for episode 3. Please ensure the dataset was enhanced correctly."
[2025-11-04 20:06:00,907][utils.vip_c_dataset][ERROR] - Error loading data for sample index 858 (ep: 3, t: 68). Error: "Modality 'goal_image_primary' not found in the index for episode 3. Please ensure the dataset was enhanced correctly."
[2025-11-04 20:06:00,907][utils.vip_c_dataset][ERROR] - Error loading data for sample index 859 (ep: 3, t: 69). Error: "Modality 'goal_image_primary' not found in the index for episode 3. Please ensure the dataset was enhanced correctly."
[2025-11-04 20:06:00,907][utils.vip_c_dataset][ERROR] - Error loading data for sample index 860 (ep: 3, t: 70). Error: "Modality 'goal_image_primary' not found in the index for episode 3. Please ensure the dataset was enhanced correctly."
[2025-11-04 20:06:00,908][utils.vip_c_dataset][ERROR] - Error loading data for sample index 861 (ep: 3, t: 71). Error: "Modality 'goal_image_primary' not found in the index for episode 3. Please ensure the dataset was enhanced correctly."
[2025-11-04 20:06:00,909][utils.vip_c_dataset][ERROR] - Error loading data for sample index 862 (ep: 3, t: 72). Error: "Modality 'goal_image_primary' not found in the index for episode 3. Please ensure the dataset was enhanced correctly."
[2025-11-04 20:06:00,910][utils.vip_c_dataset][ERROR] - Error loading data for sample index 863 (ep: 3, t: 73). Error: "Modality 'goal_image_primary' not found in the index for episode 3. Please ensure the dataset was enhanced correctly."
[2025-11-04 20:06:00,910][utils.vip_c_dataset][WARNING] - An entire batch of data loading failed. Skipping batch.
[2025-11-04 20:06:00,911][utils.vip_c_dataset][ERROR] - Error loading data for sample index 864 (ep: 3, t: 74). Error: "Modality 'goal_image_primary' not found in the index for episode 3. Please ensure the dataset was enhanced correctly."
[2025-11-04 20:06:00,912][utils.vip_c_dataset][ERROR] - Error loading data for sample index 865 (ep: 3, t: 75). Error: "Modality 'goal_image_primary' not found in the index for episode 3. Please ensure the dataset was enhanced correctly."
[2025-11-04 20:06:00,912][utils.vip_c_dataset][ERROR] - Error loading data for sample index 866 (ep: 3, t: 76). Error: "Modality 'goal_image_primary' not found in the index for episode 3. Please ensure the dataset was enhanced correctly."
[2025-11-04 20:06:00,913][utils.vip_c_dataset][ERROR] - Error loading data for sample index 867 (ep: 3, t: 77). Error: "Modality 'goal_image_primary' not found in the index for episode 3. Please ensure the dataset was enhanced correctly."
[2025-11-04 20:06:00,913][utils.vip_c_dataset][ERROR] - Error loading data for sample index 868 (ep: 3, t: 78). Error: "Modality 'goal_image_primary' not found in the index for episode 3. Please ensure the dataset was enhanced correctly."
[2025-11-04 20:06:00,914][utils.vip_c_dataset][ERROR] - Error loading data for sample index 869 (ep: 3, t: 79). Error: "Modality 'goal_image_primary' not found in the index for episode 3. Please ensure the dataset was enhanced correctly."
[2025-11-04 20:06:00,914][utils.vip_c_dataset][ERROR] - Error loading data for sample index 870 (ep: 3, t: 80). Error: "Modality 'goal_image_primary' not found in the index for episode 3. Please ensure the dataset was enhanced correctly."
[2025-11-04 20:06:00,914][utils.vip_c_dataset][ERROR] - Error loading data for sample index 871 (ep: 3, t: 81). Error: "Modality 'goal_image_primary' not found in the index for episode 3. Please ensure the dataset was enhanced correctly."
[2025-11-04 20:06:00,915][utils.vip_c_dataset][ERROR] - Error loading data for sample index 872 (ep: 3, t: 82). Error: "Modality 'goal_image_primary' not found in the index for episode 3. Please ensure the dataset was enhanced correctly."
[2025-11-04 20:06:00,915][utils.vip_c_dataset][ERROR] - Error loading data for sample index 873 (ep: 3, t: 83). Error: "Modality 'goal_image_primary' not found in the index for episode 3. Please ensure the dataset was enhanced correctly."
[2025-11-04 20:06:00,916][utils.vip_c_dataset][ERROR] - Error loading data for sample index 874 (ep: 3, t: 84). Error: "Modality 'goal_image_primary' not found in the index for episode 3. Please ensure the dataset was enhanced correctly."
[2025-11-04 20:06:00,916][utils.vip_c_dataset][ERROR] - Error loading data for sample index 875 (ep: 3, t: 85). Error: "Modality 'goal_image_primary' not found in the index for episode 3. Please ensure the dataset was enhanced correctly."
[2025-11-04 20:06:00,916][utils.vip_c_dataset][ERROR] - Error loading data for sample index 876 (ep: 3, t: 86). Error: "Modality 'goal_image_primary' not found in the index for episode 3. Please ensure the dataset was enhanced correctly."
[2025-11-04 20:06:00,917][utils.vip_c_dataset][ERROR] - Error loading data for sample index 877 (ep: 3, t: 87). Error: "Modality 'goal_image_primary' not found in the index for episode 3. Please ensure the dataset was enhanced correctly."
[2025-11-04 20:06:00,917][utils.vip_c_dataset][ERROR] - Error loading data for sample index 878 (ep: 3, t: 88). Error: "Modality 'goal_image_primary' not found in the index for episode 3. Please ensure the dataset was enhanced correctly."
[2025-11-04 20:06:00,918][utils.vip_c_dataset][ERROR] - Error loading data for sample index 879 (ep: 3, t: 89). Error: "Modality 'goal_image_primary' not found in the index for episode 3. Please ensure the dataset was enhanced correctly."
[2025-11-04 20:06:00,918][utils.vip_c_dataset][ERROR] - Error loading data for sample index 880 (ep: 3, t: 90). Error: "Modality 'goal_image_primary' not found in the index for episode 3. Please ensure the dataset was enhanced correctly."
[2025-11-04 20:06:00,919][utils.vip_c_dataset][ERROR] - Error loading data for sample index 881 (ep: 3, t: 91). Error: "Modality 'goal_image_primary' not found in the index for episode 3. Please ensure the dataset was enhanced correctly."
[2025-11-04 20:06:00,919][utils.vip_c_dataset][ERROR] - Error loading data for sample index 882 (ep: 3, t: 92). Error: "Modality 'goal_image_primary' not found in the index for episode 3. Please ensure the dataset was enhanced correctly."
[2025-11-04 20:06:00,919][utils.vip_c_dataset][ERROR] - Error loading data for sample index 883 (ep: 3, t: 93). Error: "Modality 'goal_image_primary' not found in the index for episode 3. Please ensure the dataset was enhanced correctly."
[2025-11-04 20:06:00,920][utils.vip_c_dataset][ERROR] - Error loading data for sample index 884 (ep: 3, t: 94). Error: "Modality 'goal_image_primary' not found in the index for episode 3. Please ensure the dataset was enhanced correctly."
[2025-11-04 20:06:00,920][utils.vip_c_dataset][ERROR] - Error loading data for sample index 885 (ep: 3, t: 95). Error: "Modality 'goal_image_primary' not found in the index for episode 3. Please ensure the dataset was enhanced correctly."
[2025-11-04 20:06:00,920][utils.vip_c_dataset][ERROR] - Error loading data for sample index 886 (ep: 3, t: 96). Error: "Modality 'goal_image_primary' not found in the index for episode 3. Please ensure the dataset was enhanced correctly."
[2025-11-04 20:06:00,921][utils.vip_c_dataset][ERROR] - Error loading data for sample index 887 (ep: 3, t: 97). Error: "Modality 'goal_image_primary' not found in the index for episode 3. Please ensure the dataset was enhanced correctly."
[2025-11-04 20:06:00,921][utils.vip_c_dataset][ERROR] - Error loading data for sample index 888 (ep: 3, t: 98). Error: "Modality 'goal_image_primary' not found in the index for episode 3. Please ensure the dataset was enhanced correctly."
[2025-11-04 20:06:00,922][utils.vip_c_dataset][ERROR] - Error loading data for sample index 889 (ep: 3, t: 99). Error: "Modality 'goal_image_primary' not found in the index for episode 3. Please ensure the dataset was enhanced correctly."
[2025-11-04 20:06:00,922][utils.vip_c_dataset][ERROR] - Error loading data for sample index 890 (ep: 3, t: 100). Error: "Modality 'goal_image_primary' not found in the index for episode 3. Please ensure the dataset was enhanced correctly."
[2025-11-04 20:06:00,922][utils.vip_c_dataset][ERROR] - Error loading data for sample index 891 (ep: 3, t: 101). Error: "Modality 'goal_image_primary' not found in the index for episode 3. Please ensure the dataset was enhanced correctly."
[2025-11-04 20:06:00,923][utils.vip_c_dataset][ERROR] - Error loading data for sample index 892 (ep: 3, t: 102). Error: "Modality 'goal_image_primary' not found in the index for episode 3. Please ensure the dataset was enhanced correctly."
[2025-11-04 20:06:00,924][utils.vip_c_dataset][ERROR] - Error loading data for sample index 893 (ep: 3, t: 103). Error: "Modality 'goal_image_primary' not found in the index for episode 3. Please ensure the dataset was enhanced correctly."
[2025-11-04 20:06:00,924][utils.vip_c_dataset][ERROR] - Error loading data for sample index 894 (ep: 3, t: 104). Error: "Modality 'goal_image_primary' not found in the index for episode 3. Please ensure the dataset was enhanced correctly."
[2025-11-04 20:06:00,924][utils.vip_c_dataset][ERROR] - Error loading data for sample index 895 (ep: 3, t: 105). Error: "Modality 'goal_image_primary' not found in the index for episode 3. Please ensure the dataset was enhanced correctly."
[2025-11-04 20:06:00,925][utils.vip_c_dataset][WARNING] - An entire batch of data loading failed. Skipping batch.
[2025-11-04 20:06:00,926][utils.vip_c_dataset][ERROR] - Error loading data for sample index 896 (ep: 3, t: 106). Error: "Modality 'goal_image_primary' not found in the index for episode 3. Please ensure the dataset was enhanced correctly."
[2025-11-04 20:06:00,926][utils.vip_c_dataset][ERROR] - Error loading data for sample index 897 (ep: 3, t: 107). Error: "Modality 'goal_image_primary' not found in the index for episode 3. Please ensure the dataset was enhanced correctly."
[2025-11-04 20:06:00,927][utils.vip_c_dataset][ERROR] - Error loading data for sample index 898 (ep: 3, t: 108). Error: "Modality 'goal_image_primary' not found in the index for episode 3. Please ensure the dataset was enhanced correctly."
[2025-11-04 20:06:00,927][utils.vip_c_dataset][ERROR] - Error loading data for sample index 899 (ep: 3, t: 109). Error: "Modality 'goal_image_primary' not found in the index for episode 3. Please ensure the dataset was enhanced correctly."
[2025-11-04 20:06:00,927][utils.vip_c_dataset][ERROR] - Error loading data for sample index 900 (ep: 3, t: 110). Error: "Modality 'goal_image_primary' not found in the index for episode 3. Please ensure the dataset was enhanced correctly."
[2025-11-04 20:06:00,928][utils.vip_c_dataset][ERROR] - Error loading data for sample index 901 (ep: 3, t: 111). Error: "Modality 'goal_image_primary' not found in the index for episode 3. Please ensure the dataset was enhanced correctly."
[2025-11-04 20:06:00,928][utils.vip_c_dataset][ERROR] - Error loading data for sample index 902 (ep: 3, t: 112). Error: "Modality 'goal_image_primary' not found in the index for episode 3. Please ensure the dataset was enhanced correctly."
[2025-11-04 20:06:00,929][utils.vip_c_dataset][ERROR] - Error loading data for sample index 903 (ep: 3, t: 113). Error: "Modality 'goal_image_primary' not found in the index for episode 3. Please ensure the dataset was enhanced correctly."
[2025-11-04 20:06:00,929][utils.vip_c_dataset][ERROR] - Error loading data for sample index 904 (ep: 3, t: 114). Error: "Modality 'goal_image_primary' not found in the index for episode 3. Please ensure the dataset was enhanced correctly."
[2025-11-04 20:06:00,929][utils.vip_c_dataset][ERROR] - Error loading data for sample index 905 (ep: 3, t: 115). Error: "Modality 'goal_image_primary' not found in the index for episode 3. Please ensure the dataset was enhanced correctly."
[2025-11-04 20:06:00,930][utils.vip_c_dataset][ERROR] - Error loading data for sample index 906 (ep: 3, t: 116). Error: "Modality 'goal_image_primary' not found in the index for episode 3. Please ensure the dataset was enhanced correctly."
[2025-11-04 20:06:00,930][utils.vip_c_dataset][ERROR] - Error loading data for sample index 907 (ep: 3, t: 117). Error: "Modality 'goal_image_primary' not found in the index for episode 3. Please ensure the dataset was enhanced correctly."
[2025-11-04 20:06:00,931][utils.vip_c_dataset][ERROR] - Error loading data for sample index 908 (ep: 3, t: 118). Error: "Modality 'goal_image_primary' not found in the index for episode 3. Please ensure the dataset was enhanced correctly."
[2025-11-04 20:06:00,931][utils.vip_c_dataset][ERROR] - Error loading data for sample index 909 (ep: 3, t: 119). Error: "Modality 'goal_image_primary' not found in the index for episode 3. Please ensure the dataset was enhanced correctly."
[2025-11-04 20:06:00,931][utils.vip_c_dataset][ERROR] - Error loading data for sample index 910 (ep: 3, t: 120). Error: "Modality 'goal_image_primary' not found in the index for episode 3. Please ensure the dataset was enhanced correctly."
[2025-11-04 20:06:00,932][utils.vip_c_dataset][ERROR] - Error loading data for sample index 911 (ep: 3, t: 121). Error: "Modality 'goal_image_primary' not found in the index for episode 3. Please ensure the dataset was enhanced correctly."
[2025-11-04 20:06:00,932][utils.vip_c_dataset][ERROR] - Error loading data for sample index 912 (ep: 3, t: 122). Error: "Modality 'goal_image_primary' not found in the index for episode 3. Please ensure the dataset was enhanced correctly."
[2025-11-04 20:06:00,932][utils.vip_c_dataset][ERROR] - Error loading data for sample index 913 (ep: 3, t: 123). Error: "Modality 'goal_image_primary' not found in the index for episode 3. Please ensure the dataset was enhanced correctly."
[2025-11-04 20:06:00,932][utils.vip_c_dataset][ERROR] - Error loading data for sample index 914 (ep: 3, t: 124). Error: "Modality 'goal_image_primary' not found in the index for episode 3. Please ensure the dataset was enhanced correctly."
[2025-11-04 20:06:00,933][utils.vip_c_dataset][ERROR] - Error loading data for sample index 915 (ep: 3, t: 125). Error: "Modality 'goal_image_primary' not found in the index for episode 3. Please ensure the dataset was enhanced correctly."
[2025-11-04 20:06:00,934][utils.vip_c_dataset][ERROR] - Error loading data for sample index 916 (ep: 3, t: 126). Error: "Modality 'goal_image_primary' not found in the index for episode 3. Please ensure the dataset was enhanced correctly."
[2025-11-04 20:06:00,934][utils.vip_c_dataset][ERROR] - Error loading data for sample index 917 (ep: 3, t: 127). Error: "Modality 'goal_image_primary' not found in the index for episode 3. Please ensure the dataset was enhanced correctly."
[2025-11-04 20:06:00,934][utils.vip_c_dataset][ERROR] - Error loading data for sample index 918 (ep: 3, t: 128). Error: "Modality 'goal_image_primary' not found in the index for episode 3. Please ensure the dataset was enhanced correctly."
[2025-11-04 20:06:00,935][utils.vip_c_dataset][ERROR] - Error loading data for sample index 919 (ep: 3, t: 129). Error: "Modality 'goal_image_primary' not found in the index for episode 3. Please ensure the dataset was enhanced correctly."
[2025-11-04 20:06:00,935][utils.vip_c_dataset][ERROR] - Error loading data for sample index 920 (ep: 3, t: 130). Error: "Modality 'goal_image_primary' not found in the index for episode 3. Please ensure the dataset was enhanced correctly."
[2025-11-04 20:06:00,936][utils.vip_c_dataset][ERROR] - Error loading data for sample index 921 (ep: 3, t: 131). Error: "Modality 'goal_image_primary' not found in the index for episode 3. Please ensure the dataset was enhanced correctly."
[2025-11-04 20:06:00,936][utils.vip_c_dataset][ERROR] - Error loading data for sample index 922 (ep: 3, t: 132). Error: "Modality 'goal_image_primary' not found in the index for episode 3. Please ensure the dataset was enhanced correctly."
[2025-11-04 20:06:00,936][utils.vip_c_dataset][ERROR] - Error loading data for sample index 923 (ep: 3, t: 133). Error: "Modality 'goal_image_primary' not found in the index for episode 3. Please ensure the dataset was enhanced correctly."
[2025-11-04 20:06:00,937][utils.vip_c_dataset][ERROR] - Error loading data for sample index 924 (ep: 3, t: 134). Error: "Modality 'goal_image_primary' not found in the index for episode 3. Please ensure the dataset was enhanced correctly."
[2025-11-04 20:06:00,937][utils.vip_c_dataset][ERROR] - Error loading data for sample index 925 (ep: 3, t: 135). Error: "Modality 'goal_image_primary' not found in the index for episode 3. Please ensure the dataset was enhanced correctly."
[2025-11-04 20:06:00,938][utils.vip_c_dataset][ERROR] - Error loading data for sample index 926 (ep: 3, t: 136). Error: "Modality 'goal_image_primary' not found in the index for episode 3. Please ensure the dataset was enhanced correctly."
[2025-11-04 20:06:00,938][utils.vip_c_dataset][ERROR] - Error loading data for sample index 927 (ep: 3, t: 137). Error: "Modality 'goal_image_primary' not found in the index for episode 3. Please ensure the dataset was enhanced correctly."
[2025-11-04 20:06:00,939][utils.vip_c_dataset][WARNING] - An entire batch of data loading failed. Skipping batch.
[2025-11-04 20:06:00,940][utils.vip_c_dataset][ERROR] - Error loading data for sample index 928 (ep: 3, t: 138). Error: "Modality 'goal_image_primary' not found in the index for episode 3. Please ensure the dataset was enhanced correctly."
[2025-11-04 20:06:00,941][utils.vip_c_dataset][ERROR] - Error loading data for sample index 929 (ep: 3, t: 139). Error: "Modality 'goal_image_primary' not found in the index for episode 3. Please ensure the dataset was enhanced correctly."
[2025-11-04 20:06:00,941][utils.vip_c_dataset][ERROR] - Error loading data for sample index 930 (ep: 3, t: 140). Error: "Modality 'goal_image_primary' not found in the index for episode 3. Please ensure the dataset was enhanced correctly."
[2025-11-04 20:06:00,942][utils.vip_c_dataset][ERROR] - Error loading data for sample index 931 (ep: 3, t: 141). Error: "Modality 'goal_image_primary' not found in the index for episode 3. Please ensure the dataset was enhanced correctly."
[2025-11-04 20:06:00,942][utils.vip_c_dataset][ERROR] - Error loading data for sample index 932 (ep: 3, t: 142). Error: "Modality 'goal_image_primary' not found in the index for episode 3. Please ensure the dataset was enhanced correctly."
[2025-11-04 20:06:00,943][utils.vip_c_dataset][ERROR] - Error loading data for sample index 933 (ep: 3, t: 143). Error: "Modality 'goal_image_primary' not found in the index for episode 3. Please ensure the dataset was enhanced correctly."
[2025-11-04 20:06:00,943][utils.vip_c_dataset][ERROR] - Error loading data for sample index 934 (ep: 3, t: 144). Error: "Modality 'goal_image_primary' not found in the index for episode 3. Please ensure the dataset was enhanced correctly."
[2025-11-04 20:06:00,943][utils.vip_c_dataset][ERROR] - Error loading data for sample index 935 (ep: 3, t: 145). Error: "Modality 'goal_image_primary' not found in the index for episode 3. Please ensure the dataset was enhanced correctly."
[2025-11-04 20:06:00,944][utils.vip_c_dataset][ERROR] - Error loading data for sample index 936 (ep: 3, t: 146). Error: "Modality 'goal_image_primary' not found in the index for episode 3. Please ensure the dataset was enhanced correctly."
[2025-11-04 20:06:00,944][utils.vip_c_dataset][ERROR] - Error loading data for sample index 937 (ep: 3, t: 147). Error: "Modality 'goal_image_primary' not found in the index for episode 3. Please ensure the dataset was enhanced correctly."
[2025-11-04 20:06:00,945][utils.vip_c_dataset][ERROR] - Error loading data for sample index 938 (ep: 3, t: 148). Error: "Modality 'goal_image_primary' not found in the index for episode 3. Please ensure the dataset was enhanced correctly."
[2025-11-04 20:06:00,945][utils.vip_c_dataset][ERROR] - Error loading data for sample index 939 (ep: 3, t: 149). Error: "Modality 'goal_image_primary' not found in the index for episode 3. Please ensure the dataset was enhanced correctly."
[2025-11-04 20:06:00,946][utils.vip_c_dataset][ERROR] - Error loading data for sample index 940 (ep: 3, t: 150). Error: "Modality 'goal_image_primary' not found in the index for episode 3. Please ensure the dataset was enhanced correctly."
[2025-11-04 20:06:00,946][utils.vip_c_dataset][ERROR] - Error loading data for sample index 941 (ep: 3, t: 151). Error: "Modality 'goal_image_primary' not found in the index for episode 3. Please ensure the dataset was enhanced correctly."
[2025-11-04 20:06:00,946][utils.vip_c_dataset][ERROR] - Error loading data for sample index 942 (ep: 3, t: 152). Error: "Modality 'goal_image_primary' not found in the index for episode 3. Please ensure the dataset was enhanced correctly."
[2025-11-04 20:06:00,947][utils.vip_c_dataset][ERROR] - Error loading data for sample index 943 (ep: 3, t: 153). Error: "Modality 'goal_image_primary' not found in the index for episode 3. Please ensure the dataset was enhanced correctly."
[2025-11-04 20:06:00,947][utils.vip_c_dataset][ERROR] - Error loading data for sample index 944 (ep: 3, t: 154). Error: "Modality 'goal_image_primary' not found in the index for episode 3. Please ensure the dataset was enhanced correctly."
[2025-11-04 20:06:00,948][utils.vip_c_dataset][ERROR] - Error loading data for sample index 945 (ep: 3, t: 155). Error: "Modality 'goal_image_primary' not found in the index for episode 3. Please ensure the dataset was enhanced correctly."
[2025-11-04 20:06:00,948][utils.vip_c_dataset][ERROR] - Error loading data for sample index 946 (ep: 3, t: 156). Error: "Modality 'goal_image_primary' not found in the index for episode 3. Please ensure the dataset was enhanced correctly."
[2025-11-04 20:06:00,948][utils.vip_c_dataset][ERROR] - Error loading data for sample index 947 (ep: 3, t: 157). Error: "Modality 'goal_image_primary' not found in the index for episode 3. Please ensure the dataset was enhanced correctly."
[2025-11-04 20:06:00,949][utils.vip_c_dataset][ERROR] - Error loading data for sample index 948 (ep: 3, t: 158). Error: "Modality 'goal_image_primary' not found in the index for episode 3. Please ensure the dataset was enhanced correctly."
[2025-11-04 20:06:00,949][utils.vip_c_dataset][ERROR] - Error loading data for sample index 949 (ep: 3, t: 159). Error: "Modality 'goal_image_primary' not found in the index for episode 3. Please ensure the dataset was enhanced correctly."
[2025-11-04 20:06:00,950][utils.vip_c_dataset][ERROR] - Error loading data for sample index 950 (ep: 3, t: 160). Error: "Modality 'goal_image_primary' not found in the index for episode 3. Please ensure the dataset was enhanced correctly."
[2025-11-04 20:06:00,950][utils.vip_c_dataset][ERROR] - Error loading data for sample index 951 (ep: 3, t: 161). Error: "Modality 'goal_image_primary' not found in the index for episode 3. Please ensure the dataset was enhanced correctly."
[2025-11-04 20:06:00,950][utils.vip_c_dataset][ERROR] - Error loading data for sample index 952 (ep: 3, t: 162). Error: "Modality 'goal_image_primary' not found in the index for episode 3. Please ensure the dataset was enhanced correctly."
[2025-11-04 20:06:00,951][utils.vip_c_dataset][ERROR] - Error loading data for sample index 953 (ep: 3, t: 163). Error: "Modality 'goal_image_primary' not found in the index for episode 3. Please ensure the dataset was enhanced correctly."
[2025-11-04 20:06:00,951][utils.vip_c_dataset][ERROR] - Error loading data for sample index 954 (ep: 3, t: 164). Error: "Modality 'goal_image_primary' not found in the index for episode 3. Please ensure the dataset was enhanced correctly."
[2025-11-04 20:06:00,951][utils.vip_c_dataset][ERROR] - Error loading data for sample index 955 (ep: 3, t: 165). Error: "Modality 'goal_image_primary' not found in the index for episode 3. Please ensure the dataset was enhanced correctly."
[2025-11-04 20:06:00,952][utils.vip_c_dataset][ERROR] - Error loading data for sample index 956 (ep: 3, t: 166). Error: "Modality 'goal_image_primary' not found in the index for episode 3. Please ensure the dataset was enhanced correctly."
[2025-11-04 20:06:00,952][utils.vip_c_dataset][ERROR] - Error loading data for sample index 957 (ep: 3, t: 167). Error: "Modality 'goal_image_primary' not found in the index for episode 3. Please ensure the dataset was enhanced correctly."
[2025-11-04 20:06:00,953][utils.vip_c_dataset][ERROR] - Error loading data for sample index 958 (ep: 3, t: 168). Error: "Modality 'goal_image_primary' not found in the index for episode 3. Please ensure the dataset was enhanced correctly."
[2025-11-04 20:06:00,953][utils.vip_c_dataset][ERROR] - Error loading data for sample index 959 (ep: 3, t: 169). Error: "Modality 'goal_image_primary' not found in the index for episode 3. Please ensure the dataset was enhanced correctly."
[2025-11-04 20:06:00,953][utils.vip_c_dataset][WARNING] - An entire batch of data loading failed. Skipping batch.
[2025-11-04 20:06:00,954][utils.vip_c_dataset][ERROR] - Error loading data for sample index 960 (ep: 3, t: 170). Error: "Modality 'goal_image_primary' not found in the index for episode 3. Please ensure the dataset was enhanced correctly."
[2025-11-04 20:06:00,955][utils.vip_c_dataset][ERROR] - Error loading data for sample index 961 (ep: 3, t: 171). Error: "Modality 'goal_image_primary' not found in the index for episode 3. Please ensure the dataset was enhanced correctly."
[2025-11-04 20:06:00,955][utils.vip_c_dataset][ERROR] - Error loading data for sample index 962 (ep: 3, t: 172). Error: "Modality 'goal_image_primary' not found in the index for episode 3. Please ensure the dataset was enhanced correctly."
[2025-11-04 20:06:00,956][utils.vip_c_dataset][ERROR] - Error loading data for sample index 963 (ep: 3, t: 173). Error: "Modality 'goal_image_primary' not found in the index for episode 3. Please ensure the dataset was enhanced correctly."
[2025-11-04 20:06:00,956][utils.vip_c_dataset][ERROR] - Error loading data for sample index 964 (ep: 3, t: 174). Error: "Modality 'goal_image_primary' not found in the index for episode 3. Please ensure the dataset was enhanced correctly."
[2025-11-04 20:06:00,957][utils.vip_c_dataset][ERROR] - Error loading data for sample index 965 (ep: 3, t: 175). Error: "Modality 'goal_image_primary' not found in the index for episode 3. Please ensure the dataset was enhanced correctly."
[2025-11-04 20:06:00,957][utils.vip_c_dataset][ERROR] - Error loading data for sample index 966 (ep: 3, t: 176). Error: "Modality 'goal_image_primary' not found in the index for episode 3. Please ensure the dataset was enhanced correctly."
[2025-11-04 20:06:00,957][utils.vip_c_dataset][ERROR] - Error loading data for sample index 967 (ep: 3, t: 177). Error: "Modality 'goal_image_primary' not found in the index for episode 3. Please ensure the dataset was enhanced correctly."
[2025-11-04 20:06:00,958][utils.vip_c_dataset][ERROR] - Error loading data for sample index 968 (ep: 3, t: 178). Error: "Modality 'goal_image_primary' not found in the index for episode 3. Please ensure the dataset was enhanced correctly."
[2025-11-04 20:06:00,958][utils.vip_c_dataset][ERROR] - Error loading data for sample index 969 (ep: 3, t: 179). Error: "Modality 'goal_image_primary' not found in the index for episode 3. Please ensure the dataset was enhanced correctly."
[2025-11-04 20:06:00,959][utils.vip_c_dataset][ERROR] - Error loading data for sample index 970 (ep: 3, t: 180). Error: "Modality 'goal_image_primary' not found in the index for episode 3. Please ensure the dataset was enhanced correctly."
[2025-11-04 20:06:00,959][utils.vip_c_dataset][ERROR] - Error loading data for sample index 971 (ep: 3, t: 181). Error: "Modality 'goal_image_primary' not found in the index for episode 3. Please ensure the dataset was enhanced correctly."
[2025-11-04 20:06:00,959][utils.vip_c_dataset][ERROR] - Error loading data for sample index 972 (ep: 3, t: 182). Error: "Modality 'goal_image_primary' not found in the index for episode 3. Please ensure the dataset was enhanced correctly."
[2025-11-04 20:06:00,960][utils.vip_c_dataset][ERROR] - Error loading data for sample index 973 (ep: 3, t: 183). Error: "Modality 'goal_image_primary' not found in the index for episode 3. Please ensure the dataset was enhanced correctly."
[2025-11-04 20:06:00,960][utils.vip_c_dataset][ERROR] - Error loading data for sample index 974 (ep: 3, t: 184). Error: "Modality 'goal_image_primary' not found in the index for episode 3. Please ensure the dataset was enhanced correctly."
[2025-11-04 20:06:00,961][utils.vip_c_dataset][ERROR] - Error loading data for sample index 975 (ep: 3, t: 185). Error: "Modality 'goal_image_primary' not found in the index for episode 3. Please ensure the dataset was enhanced correctly."
[2025-11-04 20:06:00,961][utils.vip_c_dataset][ERROR] - Error loading data for sample index 976 (ep: 3, t: 186). Error: "Modality 'goal_image_primary' not found in the index for episode 3. Please ensure the dataset was enhanced correctly."
[2025-11-04 20:06:00,962][utils.vip_c_dataset][ERROR] - Error loading data for sample index 977 (ep: 3, t: 187). Error: "Modality 'goal_image_primary' not found in the index for episode 3. Please ensure the dataset was enhanced correctly."
[2025-11-04 20:06:00,962][utils.vip_c_dataset][ERROR] - Error loading data for sample index 978 (ep: 3, t: 188). Error: "Modality 'goal_image_primary' not found in the index for episode 3. Please ensure the dataset was enhanced correctly."
[2025-11-04 20:06:00,962][utils.vip_c_dataset][ERROR] - Error loading data for sample index 979 (ep: 3, t: 189). Error: "Modality 'goal_image_primary' not found in the index for episode 3. Please ensure the dataset was enhanced correctly."
[2025-11-04 20:06:00,963][utils.vip_c_dataset][ERROR] - Error loading data for sample index 980 (ep: 3, t: 190). Error: "Modality 'goal_image_primary' not found in the index for episode 3. Please ensure the dataset was enhanced correctly."
[2025-11-04 20:06:00,963][utils.vip_c_dataset][ERROR] - Error loading data for sample index 981 (ep: 3, t: 191). Error: "Modality 'goal_image_primary' not found in the index for episode 3. Please ensure the dataset was enhanced correctly."
[2025-11-04 20:06:00,963][utils.vip_c_dataset][ERROR] - Error loading data for sample index 982 (ep: 3, t: 192). Error: "Modality 'goal_image_primary' not found in the index for episode 3. Please ensure the dataset was enhanced correctly."
[2025-11-04 20:06:00,964][utils.vip_c_dataset][ERROR] - Error loading data for sample index 983 (ep: 3, t: 193). Error: "Modality 'goal_image_primary' not found in the index for episode 3. Please ensure the dataset was enhanced correctly."
[2025-11-04 20:06:00,964][utils.vip_c_dataset][ERROR] - Error loading data for sample index 984 (ep: 3, t: 194). Error: "Modality 'goal_image_primary' not found in the index for episode 3. Please ensure the dataset was enhanced correctly."
[2025-11-04 20:06:00,965][utils.vip_c_dataset][ERROR] - Error loading data for sample index 985 (ep: 3, t: 195). Error: "Modality 'goal_image_primary' not found in the index for episode 3. Please ensure the dataset was enhanced correctly."
[2025-11-04 20:06:00,965][utils.vip_c_dataset][ERROR] - Error loading data for sample index 986 (ep: 3, t: 196). Error: "Modality 'goal_image_primary' not found in the index for episode 3. Please ensure the dataset was enhanced correctly."
[2025-11-04 20:06:00,966][utils.vip_c_dataset][ERROR] - Error loading data for sample index 987 (ep: 3, t: 197). Error: "Modality 'goal_image_primary' not found in the index for episode 3. Please ensure the dataset was enhanced correctly."
[2025-11-04 20:06:00,966][utils.vip_c_dataset][ERROR] - Error loading data for sample index 988 (ep: 3, t: 198). Error: "Modality 'goal_image_primary' not found in the index for episode 3. Please ensure the dataset was enhanced correctly."
[2025-11-04 20:06:00,966][utils.vip_c_dataset][ERROR] - Error loading data for sample index 989 (ep: 3, t: 199). Error: "Modality 'goal_image_primary' not found in the index for episode 3. Please ensure the dataset was enhanced correctly."
[2025-11-04 20:06:00,967][utils.vip_c_dataset][ERROR] - Error loading data for sample index 990 (ep: 3, t: 200). Error: "Modality 'goal_image_primary' not found in the index for episode 3. Please ensure the dataset was enhanced correctly."
[2025-11-04 20:06:00,967][utils.vip_c_dataset][ERROR] - Error loading data for sample index 991 (ep: 3, t: 201). Error: "Modality 'goal_image_primary' not found in the index for episode 3. Please ensure the dataset was enhanced correctly."
[2025-11-04 20:06:00,967][utils.vip_c_dataset][WARNING] - An entire batch of data loading failed. Skipping batch.
[2025-11-04 20:06:00,968][utils.vip_c_dataset][ERROR] - Error loading data for sample index 992 (ep: 3, t: 202). Error: "Modality 'goal_image_primary' not found in the index for episode 3. Please ensure the dataset was enhanced correctly."
[2025-11-04 20:06:00,968][utils.vip_c_dataset][ERROR] - Error loading data for sample index 993 (ep: 3, t: 203). Error: "Modality 'goal_image_primary' not found in the index for episode 3. Please ensure the dataset was enhanced correctly."
[2025-11-04 20:06:00,969][utils.vip_c_dataset][ERROR] - Error loading data for sample index 994 (ep: 3, t: 204). Error: "Modality 'goal_image_primary' not found in the index for episode 3. Please ensure the dataset was enhanced correctly."
[2025-11-04 20:06:00,969][utils.vip_c_dataset][ERROR] - Error loading data for sample index 995 (ep: 3, t: 205). Error: "Modality 'goal_image_primary' not found in the index for episode 3. Please ensure the dataset was enhanced correctly."
[2025-11-04 20:06:00,970][utils.vip_c_dataset][ERROR] - Error loading data for sample index 996 (ep: 3, t: 206). Error: "Modality 'goal_image_primary' not found in the index for episode 3. Please ensure the dataset was enhanced correctly."
[2025-11-04 20:06:00,970][utils.vip_c_dataset][ERROR] - Error loading data for sample index 997 (ep: 3, t: 207). Error: "Modality 'goal_image_primary' not found in the index for episode 3. Please ensure the dataset was enhanced correctly."
[2025-11-04 20:06:00,971][utils.vip_c_dataset][ERROR] - Error loading data for sample index 998 (ep: 3, t: 208). Error: "Modality 'goal_image_primary' not found in the index for episode 3. Please ensure the dataset was enhanced correctly."
[2025-11-04 20:06:00,971][utils.vip_c_dataset][ERROR] - Error loading data for sample index 999 (ep: 3, t: 209). Error: "Modality 'goal_image_primary' not found in the index for episode 3. Please ensure the dataset was enhanced correctly."
[2025-11-04 20:06:00,972][utils.vip_c_dataset][ERROR] - Error loading data for sample index 1000 (ep: 3, t: 210). Error: "Modality 'goal_image_primary' not found in the index for episode 3. Please ensure the dataset was enhanced correctly."
[2025-11-04 20:06:00,972][utils.vip_c_dataset][ERROR] - Error loading data for sample index 1001 (ep: 3, t: 211). Error: "Modality 'goal_image_primary' not found in the index for episode 3. Please ensure the dataset was enhanced correctly."
[2025-11-04 20:06:00,973][utils.vip_c_dataset][ERROR] - Error loading data for sample index 1002 (ep: 3, t: 212). Error: "Modality 'goal_image_primary' not found in the index for episode 3. Please ensure the dataset was enhanced correctly."
[2025-11-04 20:06:00,973][utils.vip_c_dataset][ERROR] - Error loading data for sample index 1003 (ep: 3, t: 213). Error: "Modality 'goal_image_primary' not found in the index for episode 3. Please ensure the dataset was enhanced correctly."
[2025-11-04 20:06:00,973][utils.vip_c_dataset][ERROR] - Error loading data for sample index 1004 (ep: 3, t: 214). Error: "Modality 'goal_image_primary' not found in the index for episode 3. Please ensure the dataset was enhanced correctly."
[2025-11-04 20:06:00,974][utils.vip_c_dataset][ERROR] - Error loading data for sample index 1005 (ep: 3, t: 215). Error: "Modality 'goal_image_primary' not found in the index for episode 3. Please ensure the dataset was enhanced correctly."
[2025-11-04 20:06:00,974][utils.vip_c_dataset][ERROR] - Error loading data for sample index 1006 (ep: 3, t: 216). Error: "Modality 'goal_image_primary' not found in the index for episode 3. Please ensure the dataset was enhanced correctly."
[2025-11-04 20:06:00,975][utils.vip_c_dataset][ERROR] - Error loading data for sample index 1007 (ep: 3, t: 217). Error: "Modality 'goal_image_primary' not found in the index for episode 3. Please ensure the dataset was enhanced correctly."
[2025-11-04 20:06:00,975][utils.vip_c_dataset][ERROR] - Error loading data for sample index 1008 (ep: 3, t: 218). Error: "Modality 'goal_image_primary' not found in the index for episode 3. Please ensure the dataset was enhanced correctly."
[2025-11-04 20:06:00,975][utils.vip_c_dataset][ERROR] - Error loading data for sample index 1009 (ep: 3, t: 219). Error: "Modality 'goal_image_primary' not found in the index for episode 3. Please ensure the dataset was enhanced correctly."
[2025-11-04 20:06:00,976][utils.vip_c_dataset][ERROR] - Error loading data for sample index 1010 (ep: 3, t: 220). Error: "Modality 'goal_image_primary' not found in the index for episode 3. Please ensure the dataset was enhanced correctly."
[2025-11-04 20:06:00,976][utils.vip_c_dataset][ERROR] - Error loading data for sample index 1011 (ep: 3, t: 221). Error: "Modality 'goal_image_primary' not found in the index for episode 3. Please ensure the dataset was enhanced correctly."
[2025-11-04 20:06:00,977][utils.vip_c_dataset][ERROR] - Error loading data for sample index 1012 (ep: 3, t: 222). Error: "Modality 'goal_image_primary' not found in the index for episode 3. Please ensure the dataset was enhanced correctly."
[2025-11-04 20:06:00,977][utils.vip_c_dataset][ERROR] - Error loading data for sample index 1013 (ep: 3, t: 223). Error: "Modality 'goal_image_primary' not found in the index for episode 3. Please ensure the dataset was enhanced correctly."
[2025-11-04 20:06:00,977][utils.vip_c_dataset][ERROR] - Error loading data for sample index 1014 (ep: 3, t: 224). Error: "Modality 'goal_image_primary' not found in the index for episode 3. Please ensure the dataset was enhanced correctly."
[2025-11-04 20:06:00,978][utils.vip_c_dataset][ERROR] - Error loading data for sample index 1015 (ep: 3, t: 225). Error: "Modality 'goal_image_primary' not found in the index for episode 3. Please ensure the dataset was enhanced correctly."
[2025-11-04 20:06:00,978][utils.vip_c_dataset][ERROR] - Error loading data for sample index 1016 (ep: 3, t: 226). Error: "Modality 'goal_image_primary' not found in the index for episode 3. Please ensure the dataset was enhanced correctly."
[2025-11-04 20:06:00,979][utils.vip_c_dataset][ERROR] - Error loading data for sample index 1017 (ep: 3, t: 227). Error: "Modality 'goal_image_primary' not found in the index for episode 3. Please ensure the dataset was enhanced correctly."
[2025-11-04 20:06:00,979][utils.vip_c_dataset][ERROR] - Error loading data for sample index 1018 (ep: 3, t: 228). Error: "Modality 'goal_image_primary' not found in the index for episode 3. Please ensure the dataset was enhanced correctly."
[2025-11-04 20:06:00,980][utils.vip_c_dataset][ERROR] - Error loading data for sample index 1019 (ep: 3, t: 229). Error: "Modality 'goal_image_primary' not found in the index for episode 3. Please ensure the dataset was enhanced correctly."
[2025-11-04 20:06:00,980][utils.vip_c_dataset][ERROR] - Error loading data for sample index 1020 (ep: 3, t: 230). Error: "Modality 'goal_image_primary' not found in the index for episode 3. Please ensure the dataset was enhanced correctly."
[2025-11-04 20:06:00,980][utils.vip_c_dataset][ERROR] - Error loading data for sample index 1021 (ep: 3, t: 231). Error: "Modality 'goal_image_primary' not found in the index for episode 3. Please ensure the dataset was enhanced correctly."
[2025-11-04 20:06:00,981][utils.vip_c_dataset][ERROR] - Error loading data for sample index 1022 (ep: 3, t: 232). Error: "Modality 'goal_image_primary' not found in the index for episode 3. Please ensure the dataset was enhanced correctly."
[2025-11-04 20:06:00,981][utils.vip_c_dataset][ERROR] - Error loading data for sample index 1023 (ep: 3, t: 233). Error: "Modality 'goal_image_primary' not found in the index for episode 3. Please ensure the dataset was enhanced correctly."
[2025-11-04 20:06:00,981][utils.vip_c_dataset][WARNING] - An entire batch of data loading failed. Skipping batch.
[2025-11-04 20:06:00,982][utils.vip_c_dataset][ERROR] - Error loading data for sample index 1024 (ep: 3, t: 234). Error: "Modality 'goal_image_primary' not found in the index for episode 3. Please ensure the dataset was enhanced correctly."
[2025-11-04 20:06:00,982][utils.vip_c_dataset][ERROR] - Error loading data for sample index 1025 (ep: 3, t: 235). Error: "Modality 'goal_image_primary' not found in the index for episode 3. Please ensure the dataset was enhanced correctly."
[2025-11-04 20:06:00,983][utils.vip_c_dataset][ERROR] - Error loading data for sample index 1026 (ep: 3, t: 236). Error: "Modality 'goal_image_primary' not found in the index for episode 3. Please ensure the dataset was enhanced correctly."
[2025-11-04 20:06:00,983][utils.vip_c_dataset][ERROR] - Error loading data for sample index 1027 (ep: 3, t: 237). Error: "Modality 'goal_image_primary' not found in the index for episode 3. Please ensure the dataset was enhanced correctly."
[2025-11-04 20:06:00,983][utils.vip_c_dataset][ERROR] - Error loading data for sample index 1028 (ep: 3, t: 238). Error: "Modality 'goal_image_primary' not found in the index for episode 3. Please ensure the dataset was enhanced correctly."
[2025-11-04 20:06:00,984][utils.vip_c_dataset][ERROR] - Error loading data for sample index 1029 (ep: 3, t: 239). Error: "Modality 'goal_image_primary' not found in the index for episode 3. Please ensure the dataset was enhanced correctly."
[2025-11-04 20:06:00,984][utils.vip_c_dataset][ERROR] - Error loading data for sample index 1030 (ep: 3, t: 240). Error: "Modality 'goal_image_primary' not found in the index for episode 3. Please ensure the dataset was enhanced correctly."
[2025-11-04 20:06:00,985][utils.vip_c_dataset][ERROR] - Error loading data for sample index 1031 (ep: 3, t: 241). Error: "Modality 'goal_image_primary' not found in the index for episode 3. Please ensure the dataset was enhanced correctly."
[2025-11-04 20:06:00,985][utils.vip_c_dataset][ERROR] - Error loading data for sample index 1032 (ep: 3, t: 242). Error: "Modality 'goal_image_primary' not found in the index for episode 3. Please ensure the dataset was enhanced correctly."
[2025-11-04 20:06:00,985][utils.vip_c_dataset][ERROR] - Error loading data for sample index 1033 (ep: 3, t: 243). Error: "Modality 'goal_image_primary' not found in the index for episode 3. Please ensure the dataset was enhanced correctly."
[2025-11-04 20:06:00,986][utils.vip_c_dataset][ERROR] - Error loading data for sample index 1034 (ep: 3, t: 244). Error: "Modality 'goal_image_primary' not found in the index for episode 3. Please ensure the dataset was enhanced correctly."
[2025-11-04 20:06:00,986][utils.vip_c_dataset][ERROR] - Error loading data for sample index 1035 (ep: 3, t: 245). Error: "Modality 'goal_image_primary' not found in the index for episode 3. Please ensure the dataset was enhanced correctly."
[2025-11-04 20:06:00,987][utils.vip_c_dataset][ERROR] - Error loading data for sample index 1036 (ep: 3, t: 246). Error: "Modality 'goal_image_primary' not found in the index for episode 3. Please ensure the dataset was enhanced correctly."
[2025-11-04 20:06:00,987][utils.vip_c_dataset][ERROR] - Error loading data for sample index 1037 (ep: 3, t: 247). Error: "Modality 'goal_image_primary' not found in the index for episode 3. Please ensure the dataset was enhanced correctly."
[2025-11-04 20:06:00,988][utils.vip_c_dataset][ERROR] - Error loading data for sample index 1038 (ep: 3, t: 248). Error: "Modality 'goal_image_primary' not found in the index for episode 3. Please ensure the dataset was enhanced correctly."
[2025-11-04 20:06:00,988][utils.vip_c_dataset][ERROR] - Error loading data for sample index 1039 (ep: 3, t: 249). Error: "Modality 'goal_image_primary' not found in the index for episode 3. Please ensure the dataset was enhanced correctly."
[2025-11-04 20:06:00,989][utils.vip_c_dataset][ERROR] - Error loading data for sample index 1040 (ep: 3, t: 250). Error: "Modality 'goal_image_primary' not found in the index for episode 3. Please ensure the dataset was enhanced correctly."
[2025-11-04 20:06:00,989][utils.vip_c_dataset][ERROR] - Error loading data for sample index 1041 (ep: 3, t: 251). Error: "Modality 'goal_image_primary' not found in the index for episode 3. Please ensure the dataset was enhanced correctly."
[2025-11-04 20:06:00,990][utils.vip_c_dataset][ERROR] - Error loading data for sample index 1042 (ep: 3, t: 252). Error: "Modality 'goal_image_primary' not found in the index for episode 3. Please ensure the dataset was enhanced correctly."
[2025-11-04 20:06:00,990][utils.vip_c_dataset][ERROR] - Error loading data for sample index 1043 (ep: 3, t: 253). Error: "Modality 'goal_image_primary' not found in the index for episode 3. Please ensure the dataset was enhanced correctly."
[2025-11-04 20:06:00,991][utils.vip_c_dataset][ERROR] - Error loading data for sample index 1044 (ep: 3, t: 254). Error: "Modality 'goal_image_primary' not found in the index for episode 3. Please ensure the dataset was enhanced correctly."
[2025-11-04 20:06:00,991][utils.vip_c_dataset][ERROR] - Error loading data for sample index 1045 (ep: 3, t: 255). Error: "Modality 'goal_image_primary' not found in the index for episode 3. Please ensure the dataset was enhanced correctly."
[2025-11-04 20:06:00,991][utils.vip_c_dataset][ERROR] - Error loading data for sample index 1046 (ep: 3, t: 256). Error: "Modality 'goal_image_primary' not found in the index for episode 3. Please ensure the dataset was enhanced correctly."
[2025-11-04 20:06:00,992][utils.vip_c_dataset][ERROR] - Error loading data for sample index 1047 (ep: 3, t: 257). Error: "Modality 'goal_image_primary' not found in the index for episode 3. Please ensure the dataset was enhanced correctly."
[2025-11-04 20:06:00,992][utils.vip_c_dataset][ERROR] - Error loading data for sample index 1048 (ep: 3, t: 258). Error: "Modality 'goal_image_primary' not found in the index for episode 3. Please ensure the dataset was enhanced correctly."
[2025-11-04 20:06:00,992][utils.vip_c_dataset][ERROR] - Error loading data for sample index 1049 (ep: 3, t: 259). Error: "Modality 'goal_image_primary' not found in the index for episode 3. Please ensure the dataset was enhanced correctly."
[2025-11-04 20:06:00,993][utils.vip_c_dataset][ERROR] - Error loading data for sample index 1050 (ep: 3, t: 260). Error: "Modality 'goal_image_primary' not found in the index for episode 3. Please ensure the dataset was enhanced correctly."
[2025-11-04 20:06:00,993][utils.vip_c_dataset][ERROR] - Error loading data for sample index 1051 (ep: 3, t: 261). Error: "Modality 'goal_image_primary' not found in the index for episode 3. Please ensure the dataset was enhanced correctly."
[2025-11-04 20:06:00,993][utils.vip_c_dataset][ERROR] - Error loading data for sample index 1052 (ep: 3, t: 262). Error: "Modality 'goal_image_primary' not found in the index for episode 3. Please ensure the dataset was enhanced correctly."
[2025-11-04 20:06:00,994][utils.vip_c_dataset][ERROR] - Error loading data for sample index 1053 (ep: 3, t: 263). Error: "Modality 'goal_image_primary' not found in the index for episode 3. Please ensure the dataset was enhanced correctly."
[2025-11-04 20:06:00,994][utils.vip_c_dataset][ERROR] - Error loading data for sample index 1054 (ep: 3, t: 264). Error: "Modality 'goal_image_primary' not found in the index for episode 3. Please ensure the dataset was enhanced correctly."
[2025-11-04 20:06:00,995][utils.vip_c_dataset][ERROR] - Error loading data for sample index 1055 (ep: 3, t: 265). Error: "Modality 'goal_image_primary' not found in the index for episode 3. Please ensure the dataset was enhanced correctly."
[2025-11-04 20:06:00,995][utils.vip_c_dataset][WARNING] - An entire batch of data loading failed. Skipping batch.
[2025-11-04 20:06:00,995][utils.vip_c_dataset][ERROR] - Error loading data for sample index 1056 (ep: 3, t: 266). Error: "Modality 'goal_image_primary' not found in the index for episode 3. Please ensure the dataset was enhanced correctly."
[2025-11-04 20:06:00,996][utils.vip_c_dataset][ERROR] - Error loading data for sample index 1057 (ep: 3, t: 267). Error: "Modality 'goal_image_primary' not found in the index for episode 3. Please ensure the dataset was enhanced correctly."
[2025-11-04 20:06:00,996][utils.vip_c_dataset][ERROR] - Error loading data for sample index 1058 (ep: 3, t: 268). Error: "Modality 'goal_image_primary' not found in the index for episode 3. Please ensure the dataset was enhanced correctly."
[2025-11-04 20:06:01,188][utils.vip_c_dataset][ERROR] - Error loading data for sample index 1059 (ep: 4, t: 1). Error: "Modality 'goal_image_primary' not found in the index for episode 4. Please ensure the dataset was enhanced correctly."
[2025-11-04 20:06:01,189][utils.vip_c_dataset][ERROR] - Error loading data for sample index 1060 (ep: 4, t: 2). Error: "Modality 'goal_image_primary' not found in the index for episode 4. Please ensure the dataset was enhanced correctly."
[2025-11-04 20:06:01,190][utils.vip_c_dataset][ERROR] - Error loading data for sample index 1061 (ep: 4, t: 3). Error: "Modality 'goal_image_primary' not found in the index for episode 4. Please ensure the dataset was enhanced correctly."
[2025-11-04 20:06:01,191][utils.vip_c_dataset][ERROR] - Error loading data for sample index 1062 (ep: 4, t: 4). Error: "Modality 'goal_image_primary' not found in the index for episode 4. Please ensure the dataset was enhanced correctly."
[2025-11-04 20:06:01,191][utils.vip_c_dataset][ERROR] - Error loading data for sample index 1063 (ep: 4, t: 5). Error: "Modality 'goal_image_primary' not found in the index for episode 4. Please ensure the dataset was enhanced correctly."
[2025-11-04 20:06:01,192][utils.vip_c_dataset][ERROR] - Error loading data for sample index 1064 (ep: 4, t: 6). Error: "Modality 'goal_image_primary' not found in the index for episode 4. Please ensure the dataset was enhanced correctly."
[2025-11-04 20:06:01,192][utils.vip_c_dataset][ERROR] - Error loading data for sample index 1065 (ep: 4, t: 7). Error: "Modality 'goal_image_primary' not found in the index for episode 4. Please ensure the dataset was enhanced correctly."
[2025-11-04 20:06:01,193][utils.vip_c_dataset][ERROR] - Error loading data for sample index 1066 (ep: 4, t: 8). Error: "Modality 'goal_image_primary' not found in the index for episode 4. Please ensure the dataset was enhanced correctly."
[2025-11-04 20:06:01,194][utils.vip_c_dataset][ERROR] - Error loading data for sample index 1067 (ep: 4, t: 9). Error: "Modality 'goal_image_primary' not found in the index for episode 4. Please ensure the dataset was enhanced correctly."
[2025-11-04 20:06:01,194][utils.vip_c_dataset][ERROR] - Error loading data for sample index 1068 (ep: 4, t: 10). Error: "Modality 'goal_image_primary' not found in the index for episode 4. Please ensure the dataset was enhanced correctly."
[2025-11-04 20:06:01,195][utils.vip_c_dataset][ERROR] - Error loading data for sample index 1069 (ep: 4, t: 11). Error: "Modality 'goal_image_primary' not found in the index for episode 4. Please ensure the dataset was enhanced correctly."
[2025-11-04 20:06:01,195][utils.vip_c_dataset][ERROR] - Error loading data for sample index 1070 (ep: 4, t: 12). Error: "Modality 'goal_image_primary' not found in the index for episode 4. Please ensure the dataset was enhanced correctly."
[2025-11-04 20:06:01,196][utils.vip_c_dataset][ERROR] - Error loading data for sample index 1071 (ep: 4, t: 13). Error: "Modality 'goal_image_primary' not found in the index for episode 4. Please ensure the dataset was enhanced correctly."
[2025-11-04 20:06:01,196][utils.vip_c_dataset][ERROR] - Error loading data for sample index 1072 (ep: 4, t: 14). Error: "Modality 'goal_image_primary' not found in the index for episode 4. Please ensure the dataset was enhanced correctly."
[2025-11-04 20:06:01,197][utils.vip_c_dataset][ERROR] - Error loading data for sample index 1073 (ep: 4, t: 15). Error: "Modality 'goal_image_primary' not found in the index for episode 4. Please ensure the dataset was enhanced correctly."
[2025-11-04 20:06:01,197][utils.vip_c_dataset][ERROR] - Error loading data for sample index 1074 (ep: 4, t: 16). Error: "Modality 'goal_image_primary' not found in the index for episode 4. Please ensure the dataset was enhanced correctly."
[2025-11-04 20:06:01,198][utils.vip_c_dataset][ERROR] - Error loading data for sample index 1075 (ep: 4, t: 17). Error: "Modality 'goal_image_primary' not found in the index for episode 4. Please ensure the dataset was enhanced correctly."
[2025-11-04 20:06:01,198][utils.vip_c_dataset][ERROR] - Error loading data for sample index 1076 (ep: 4, t: 18). Error: "Modality 'goal_image_primary' not found in the index for episode 4. Please ensure the dataset was enhanced correctly."
[2025-11-04 20:06:01,199][utils.vip_c_dataset][ERROR] - Error loading data for sample index 1077 (ep: 4, t: 19). Error: "Modality 'goal_image_primary' not found in the index for episode 4. Please ensure the dataset was enhanced correctly."
[2025-11-04 20:06:01,199][utils.vip_c_dataset][ERROR] - Error loading data for sample index 1078 (ep: 4, t: 20). Error: "Modality 'goal_image_primary' not found in the index for episode 4. Please ensure the dataset was enhanced correctly."
[2025-11-04 20:06:01,200][utils.vip_c_dataset][ERROR] - Error loading data for sample index 1079 (ep: 4, t: 21). Error: "Modality 'goal_image_primary' not found in the index for episode 4. Please ensure the dataset was enhanced correctly."
[2025-11-04 20:06:01,200][utils.vip_c_dataset][ERROR] - Error loading data for sample index 1080 (ep: 4, t: 22). Error: "Modality 'goal_image_primary' not found in the index for episode 4. Please ensure the dataset was enhanced correctly."
[2025-11-04 20:06:01,201][utils.vip_c_dataset][ERROR] - Error loading data for sample index 1081 (ep: 4, t: 23). Error: "Modality 'goal_image_primary' not found in the index for episode 4. Please ensure the dataset was enhanced correctly."
[2025-11-04 20:06:01,201][utils.vip_c_dataset][ERROR] - Error loading data for sample index 1082 (ep: 4, t: 24). Error: "Modality 'goal_image_primary' not found in the index for episode 4. Please ensure the dataset was enhanced correctly."
[2025-11-04 20:06:01,202][utils.vip_c_dataset][ERROR] - Error loading data for sample index 1083 (ep: 4, t: 25). Error: "Modality 'goal_image_primary' not found in the index for episode 4. Please ensure the dataset was enhanced correctly."
[2025-11-04 20:06:01,202][utils.vip_c_dataset][ERROR] - Error loading data for sample index 1084 (ep: 4, t: 26). Error: "Modality 'goal_image_primary' not found in the index for episode 4. Please ensure the dataset was enhanced correctly."
[2025-11-04 20:06:01,203][utils.vip_c_dataset][ERROR] - Error loading data for sample index 1085 (ep: 4, t: 27). Error: "Modality 'goal_image_primary' not found in the index for episode 4. Please ensure the dataset was enhanced correctly."
[2025-11-04 20:06:01,203][utils.vip_c_dataset][ERROR] - Error loading data for sample index 1086 (ep: 4, t: 28). Error: "Modality 'goal_image_primary' not found in the index for episode 4. Please ensure the dataset was enhanced correctly."
[2025-11-04 20:06:01,204][utils.vip_c_dataset][ERROR] - Error loading data for sample index 1087 (ep: 4, t: 29). Error: "Modality 'goal_image_primary' not found in the index for episode 4. Please ensure the dataset was enhanced correctly."
[2025-11-04 20:06:01,204][utils.vip_c_dataset][WARNING] - An entire batch of data loading failed. Skipping batch.
[2025-11-04 20:06:01,206][utils.vip_c_dataset][ERROR] - Error loading data for sample index 1088 (ep: 4, t: 30). Error: "Modality 'goal_image_primary' not found in the index for episode 4. Please ensure the dataset was enhanced correctly."
[2025-11-04 20:06:01,206][utils.vip_c_dataset][ERROR] - Error loading data for sample index 1089 (ep: 4, t: 31). Error: "Modality 'goal_image_primary' not found in the index for episode 4. Please ensure the dataset was enhanced correctly."
[2025-11-04 20:06:01,207][utils.vip_c_dataset][ERROR] - Error loading data for sample index 1090 (ep: 4, t: 32). Error: "Modality 'goal_image_primary' not found in the index for episode 4. Please ensure the dataset was enhanced correctly."
[2025-11-04 20:06:01,207][utils.vip_c_dataset][ERROR] - Error loading data for sample index 1091 (ep: 4, t: 33). Error: "Modality 'goal_image_primary' not found in the index for episode 4. Please ensure the dataset was enhanced correctly."
[2025-11-04 20:06:01,208][utils.vip_c_dataset][ERROR] - Error loading data for sample index 1092 (ep: 4, t: 34). Error: "Modality 'goal_image_primary' not found in the index for episode 4. Please ensure the dataset was enhanced correctly."
[2025-11-04 20:06:01,208][utils.vip_c_dataset][ERROR] - Error loading data for sample index 1093 (ep: 4, t: 35). Error: "Modality 'goal_image_primary' not found in the index for episode 4. Please ensure the dataset was enhanced correctly."
[2025-11-04 20:06:01,209][utils.vip_c_dataset][ERROR] - Error loading data for sample index 1094 (ep: 4, t: 36). Error: "Modality 'goal_image_primary' not found in the index for episode 4. Please ensure the dataset was enhanced correctly."
[2025-11-04 20:06:01,209][utils.vip_c_dataset][ERROR] - Error loading data for sample index 1095 (ep: 4, t: 37). Error: "Modality 'goal_image_primary' not found in the index for episode 4. Please ensure the dataset was enhanced correctly."
[2025-11-04 20:06:01,210][utils.vip_c_dataset][ERROR] - Error loading data for sample index 1096 (ep: 4, t: 38). Error: "Modality 'goal_image_primary' not found in the index for episode 4. Please ensure the dataset was enhanced correctly."
[2025-11-04 20:06:01,210][utils.vip_c_dataset][ERROR] - Error loading data for sample index 1097 (ep: 4, t: 39). Error: "Modality 'goal_image_primary' not found in the index for episode 4. Please ensure the dataset was enhanced correctly."
[2025-11-04 20:06:01,211][utils.vip_c_dataset][ERROR] - Error loading data for sample index 1098 (ep: 4, t: 40). Error: "Modality 'goal_image_primary' not found in the index for episode 4. Please ensure the dataset was enhanced correctly."
[2025-11-04 20:06:01,211][utils.vip_c_dataset][ERROR] - Error loading data for sample index 1099 (ep: 4, t: 41). Error: "Modality 'goal_image_primary' not found in the index for episode 4. Please ensure the dataset was enhanced correctly."
[2025-11-04 20:06:01,212][utils.vip_c_dataset][ERROR] - Error loading data for sample index 1100 (ep: 4, t: 42). Error: "Modality 'goal_image_primary' not found in the index for episode 4. Please ensure the dataset was enhanced correctly."
[2025-11-04 20:06:01,212][utils.vip_c_dataset][ERROR] - Error loading data for sample index 1101 (ep: 4, t: 43). Error: "Modality 'goal_image_primary' not found in the index for episode 4. Please ensure the dataset was enhanced correctly."
[2025-11-04 20:06:01,213][utils.vip_c_dataset][ERROR] - Error loading data for sample index 1102 (ep: 4, t: 44). Error: "Modality 'goal_image_primary' not found in the index for episode 4. Please ensure the dataset was enhanced correctly."
[2025-11-04 20:06:01,213][utils.vip_c_dataset][ERROR] - Error loading data for sample index 1103 (ep: 4, t: 45). Error: "Modality 'goal_image_primary' not found in the index for episode 4. Please ensure the dataset was enhanced correctly."
[2025-11-04 20:06:01,214][utils.vip_c_dataset][ERROR] - Error loading data for sample index 1104 (ep: 4, t: 46). Error: "Modality 'goal_image_primary' not found in the index for episode 4. Please ensure the dataset was enhanced correctly."
[2025-11-04 20:06:01,214][utils.vip_c_dataset][ERROR] - Error loading data for sample index 1105 (ep: 4, t: 47). Error: "Modality 'goal_image_primary' not found in the index for episode 4. Please ensure the dataset was enhanced correctly."
[2025-11-04 20:06:01,214][utils.vip_c_dataset][ERROR] - Error loading data for sample index 1106 (ep: 4, t: 48). Error: "Modality 'goal_image_primary' not found in the index for episode 4. Please ensure the dataset was enhanced correctly."
[2025-11-04 20:06:01,215][utils.vip_c_dataset][ERROR] - Error loading data for sample index 1107 (ep: 4, t: 49). Error: "Modality 'goal_image_primary' not found in the index for episode 4. Please ensure the dataset was enhanced correctly."
[2025-11-04 20:06:01,215][utils.vip_c_dataset][ERROR] - Error loading data for sample index 1108 (ep: 4, t: 50). Error: "Modality 'goal_image_primary' not found in the index for episode 4. Please ensure the dataset was enhanced correctly."
[2025-11-04 20:06:01,216][utils.vip_c_dataset][ERROR] - Error loading data for sample index 1109 (ep: 4, t: 51). Error: "Modality 'goal_image_primary' not found in the index for episode 4. Please ensure the dataset was enhanced correctly."
[2025-11-04 20:06:01,216][utils.vip_c_dataset][ERROR] - Error loading data for sample index 1110 (ep: 4, t: 52). Error: "Modality 'goal_image_primary' not found in the index for episode 4. Please ensure the dataset was enhanced correctly."
[2025-11-04 20:06:01,216][utils.vip_c_dataset][ERROR] - Error loading data for sample index 1111 (ep: 4, t: 53). Error: "Modality 'goal_image_primary' not found in the index for episode 4. Please ensure the dataset was enhanced correctly."
[2025-11-04 20:06:01,216][utils.vip_c_dataset][ERROR] - Error loading data for sample index 1112 (ep: 4, t: 54). Error: "Modality 'goal_image_primary' not found in the index for episode 4. Please ensure the dataset was enhanced correctly."
[2025-11-04 20:06:01,217][utils.vip_c_dataset][ERROR] - Error loading data for sample index 1113 (ep: 4, t: 55). Error: "Modality 'goal_image_primary' not found in the index for episode 4. Please ensure the dataset was enhanced correctly."
[2025-11-04 20:06:01,218][utils.vip_c_dataset][ERROR] - Error loading data for sample index 1114 (ep: 4, t: 56). Error: "Modality 'goal_image_primary' not found in the index for episode 4. Please ensure the dataset was enhanced correctly."
[2025-11-04 20:06:01,218][utils.vip_c_dataset][ERROR] - Error loading data for sample index 1115 (ep: 4, t: 57). Error: "Modality 'goal_image_primary' not found in the index for episode 4. Please ensure the dataset was enhanced correctly."
[2025-11-04 20:06:01,219][utils.vip_c_dataset][ERROR] - Error loading data for sample index 1116 (ep: 4, t: 58). Error: "Modality 'goal_image_primary' not found in the index for episode 4. Please ensure the dataset was enhanced correctly."
[2025-11-04 20:06:01,219][utils.vip_c_dataset][ERROR] - Error loading data for sample index 1117 (ep: 4, t: 59). Error: "Modality 'goal_image_primary' not found in the index for episode 4. Please ensure the dataset was enhanced correctly."
[2025-11-04 20:06:01,220][utils.vip_c_dataset][ERROR] - Error loading data for sample index 1118 (ep: 4, t: 60). Error: "Modality 'goal_image_primary' not found in the index for episode 4. Please ensure the dataset was enhanced correctly."
[2025-11-04 20:06:01,221][utils.vip_c_dataset][ERROR] - Error loading data for sample index 1119 (ep: 4, t: 61). Error: "Modality 'goal_image_primary' not found in the index for episode 4. Please ensure the dataset was enhanced correctly."
[2025-11-04 20:06:01,221][utils.vip_c_dataset][WARNING] - An entire batch of data loading failed. Skipping batch.
[2025-11-04 20:06:01,222][utils.vip_c_dataset][ERROR] - Error loading data for sample index 1120 (ep: 4, t: 62). Error: "Modality 'goal_image_primary' not found in the index for episode 4. Please ensure the dataset was enhanced correctly."
[2025-11-04 20:06:01,223][utils.vip_c_dataset][ERROR] - Error loading data for sample index 1121 (ep: 4, t: 63). Error: "Modality 'goal_image_primary' not found in the index for episode 4. Please ensure the dataset was enhanced correctly."
[2025-11-04 20:06:01,223][utils.vip_c_dataset][ERROR] - Error loading data for sample index 1122 (ep: 4, t: 64). Error: "Modality 'goal_image_primary' not found in the index for episode 4. Please ensure the dataset was enhanced correctly."
[2025-11-04 20:06:01,224][utils.vip_c_dataset][ERROR] - Error loading data for sample index 1123 (ep: 4, t: 65). Error: "Modality 'goal_image_primary' not found in the index for episode 4. Please ensure the dataset was enhanced correctly."
[2025-11-04 20:06:01,224][utils.vip_c_dataset][ERROR] - Error loading data for sample index 1124 (ep: 4, t: 66). Error: "Modality 'goal_image_primary' not found in the index for episode 4. Please ensure the dataset was enhanced correctly."
[2025-11-04 20:06:01,225][utils.vip_c_dataset][ERROR] - Error loading data for sample index 1125 (ep: 4, t: 67). Error: "Modality 'goal_image_primary' not found in the index for episode 4. Please ensure the dataset was enhanced correctly."
[2025-11-04 20:06:01,225][utils.vip_c_dataset][ERROR] - Error loading data for sample index 1126 (ep: 4, t: 68). Error: "Modality 'goal_image_primary' not found in the index for episode 4. Please ensure the dataset was enhanced correctly."
[2025-11-04 20:06:01,226][utils.vip_c_dataset][ERROR] - Error loading data for sample index 1127 (ep: 4, t: 69). Error: "Modality 'goal_image_primary' not found in the index for episode 4. Please ensure the dataset was enhanced correctly."
[2025-11-04 20:06:01,226][utils.vip_c_dataset][ERROR] - Error loading data for sample index 1128 (ep: 4, t: 70). Error: "Modality 'goal_image_primary' not found in the index for episode 4. Please ensure the dataset was enhanced correctly."
[2025-11-04 20:06:01,227][utils.vip_c_dataset][ERROR] - Error loading data for sample index 1129 (ep: 4, t: 71). Error: "Modality 'goal_image_primary' not found in the index for episode 4. Please ensure the dataset was enhanced correctly."
[2025-11-04 20:06:01,227][utils.vip_c_dataset][ERROR] - Error loading data for sample index 1130 (ep: 4, t: 72). Error: "Modality 'goal_image_primary' not found in the index for episode 4. Please ensure the dataset was enhanced correctly."
[2025-11-04 20:06:01,228][utils.vip_c_dataset][ERROR] - Error loading data for sample index 1131 (ep: 4, t: 73). Error: "Modality 'goal_image_primary' not found in the index for episode 4. Please ensure the dataset was enhanced correctly."
[2025-11-04 20:06:01,228][utils.vip_c_dataset][ERROR] - Error loading data for sample index 1132 (ep: 4, t: 74). Error: "Modality 'goal_image_primary' not found in the index for episode 4. Please ensure the dataset was enhanced correctly."
[2025-11-04 20:06:01,229][utils.vip_c_dataset][ERROR] - Error loading data for sample index 1133 (ep: 4, t: 75). Error: "Modality 'goal_image_primary' not found in the index for episode 4. Please ensure the dataset was enhanced correctly."
[2025-11-04 20:06:01,229][utils.vip_c_dataset][ERROR] - Error loading data for sample index 1134 (ep: 4, t: 76). Error: "Modality 'goal_image_primary' not found in the index for episode 4. Please ensure the dataset was enhanced correctly."
[2025-11-04 20:06:01,230][utils.vip_c_dataset][ERROR] - Error loading data for sample index 1135 (ep: 4, t: 77). Error: "Modality 'goal_image_primary' not found in the index for episode 4. Please ensure the dataset was enhanced correctly."
[2025-11-04 20:06:01,230][utils.vip_c_dataset][ERROR] - Error loading data for sample index 1136 (ep: 4, t: 78). Error: "Modality 'goal_image_primary' not found in the index for episode 4. Please ensure the dataset was enhanced correctly."
[2025-11-04 20:06:01,231][utils.vip_c_dataset][ERROR] - Error loading data for sample index 1137 (ep: 4, t: 79). Error: "Modality 'goal_image_primary' not found in the index for episode 4. Please ensure the dataset was enhanced correctly."
[2025-11-04 20:06:01,231][utils.vip_c_dataset][ERROR] - Error loading data for sample index 1138 (ep: 4, t: 80). Error: "Modality 'goal_image_primary' not found in the index for episode 4. Please ensure the dataset was enhanced correctly."
[2025-11-04 20:06:01,231][utils.vip_c_dataset][ERROR] - Error loading data for sample index 1139 (ep: 4, t: 81). Error: "Modality 'goal_image_primary' not found in the index for episode 4. Please ensure the dataset was enhanced correctly."
[2025-11-04 20:06:01,232][utils.vip_c_dataset][ERROR] - Error loading data for sample index 1140 (ep: 4, t: 82). Error: "Modality 'goal_image_primary' not found in the index for episode 4. Please ensure the dataset was enhanced correctly."
[2025-11-04 20:06:01,232][utils.vip_c_dataset][ERROR] - Error loading data for sample index 1141 (ep: 4, t: 83). Error: "Modality 'goal_image_primary' not found in the index for episode 4. Please ensure the dataset was enhanced correctly."
[2025-11-04 20:06:01,233][utils.vip_c_dataset][ERROR] - Error loading data for sample index 1142 (ep: 4, t: 84). Error: "Modality 'goal_image_primary' not found in the index for episode 4. Please ensure the dataset was enhanced correctly."
[2025-11-04 20:06:01,233][utils.vip_c_dataset][ERROR] - Error loading data for sample index 1143 (ep: 4, t: 85). Error: "Modality 'goal_image_primary' not found in the index for episode 4. Please ensure the dataset was enhanced correctly."
[2025-11-04 20:06:01,234][utils.vip_c_dataset][ERROR] - Error loading data for sample index 1144 (ep: 4, t: 86). Error: "Modality 'goal_image_primary' not found in the index for episode 4. Please ensure the dataset was enhanced correctly."
[2025-11-04 20:06:01,234][utils.vip_c_dataset][ERROR] - Error loading data for sample index 1145 (ep: 4, t: 87). Error: "Modality 'goal_image_primary' not found in the index for episode 4. Please ensure the dataset was enhanced correctly."
[2025-11-04 20:06:01,235][utils.vip_c_dataset][ERROR] - Error loading data for sample index 1146 (ep: 4, t: 88). Error: "Modality 'goal_image_primary' not found in the index for episode 4. Please ensure the dataset was enhanced correctly."
[2025-11-04 20:06:01,235][utils.vip_c_dataset][ERROR] - Error loading data for sample index 1147 (ep: 4, t: 89). Error: "Modality 'goal_image_primary' not found in the index for episode 4. Please ensure the dataset was enhanced correctly."
[2025-11-04 20:06:01,236][utils.vip_c_dataset][ERROR] - Error loading data for sample index 1148 (ep: 4, t: 90). Error: "Modality 'goal_image_primary' not found in the index for episode 4. Please ensure the dataset was enhanced correctly."
[2025-11-04 20:06:01,236][utils.vip_c_dataset][ERROR] - Error loading data for sample index 1149 (ep: 4, t: 91). Error: "Modality 'goal_image_primary' not found in the index for episode 4. Please ensure the dataset was enhanced correctly."
[2025-11-04 20:06:01,237][utils.vip_c_dataset][ERROR] - Error loading data for sample index 1150 (ep: 4, t: 92). Error: "Modality 'goal_image_primary' not found in the index for episode 4. Please ensure the dataset was enhanced correctly."
[2025-11-04 20:06:01,237][utils.vip_c_dataset][ERROR] - Error loading data for sample index 1151 (ep: 4, t: 93). Error: "Modality 'goal_image_primary' not found in the index for episode 4. Please ensure the dataset was enhanced correctly."
[2025-11-04 20:06:01,238][utils.vip_c_dataset][WARNING] - An entire batch of data loading failed. Skipping batch.
[2025-11-04 20:06:01,238][utils.vip_c_dataset][ERROR] - Error loading data for sample index 1152 (ep: 4, t: 94). Error: "Modality 'goal_image_primary' not found in the index for episode 4. Please ensure the dataset was enhanced correctly."
[2025-11-04 20:06:01,240][utils.vip_c_dataset][ERROR] - Error loading data for sample index 1153 (ep: 4, t: 95). Error: "Modality 'goal_image_primary' not found in the index for episode 4. Please ensure the dataset was enhanced correctly."
[2025-11-04 20:06:01,240][utils.vip_c_dataset][ERROR] - Error loading data for sample index 1154 (ep: 4, t: 96). Error: "Modality 'goal_image_primary' not found in the index for episode 4. Please ensure the dataset was enhanced correctly."
[2025-11-04 20:06:01,241][utils.vip_c_dataset][ERROR] - Error loading data for sample index 1155 (ep: 4, t: 97). Error: "Modality 'goal_image_primary' not found in the index for episode 4. Please ensure the dataset was enhanced correctly."
[2025-11-04 20:06:01,242][utils.vip_c_dataset][ERROR] - Error loading data for sample index 1156 (ep: 4, t: 98). Error: "Modality 'goal_image_primary' not found in the index for episode 4. Please ensure the dataset was enhanced correctly."
[2025-11-04 20:06:01,242][utils.vip_c_dataset][ERROR] - Error loading data for sample index 1157 (ep: 4, t: 99). Error: "Modality 'goal_image_primary' not found in the index for episode 4. Please ensure the dataset was enhanced correctly."
[2025-11-04 20:06:01,243][utils.vip_c_dataset][ERROR] - Error loading data for sample index 1158 (ep: 4, t: 100). Error: "Modality 'goal_image_primary' not found in the index for episode 4. Please ensure the dataset was enhanced correctly."
[2025-11-04 20:06:01,243][utils.vip_c_dataset][ERROR] - Error loading data for sample index 1159 (ep: 4, t: 101). Error: "Modality 'goal_image_primary' not found in the index for episode 4. Please ensure the dataset was enhanced correctly."
[2025-11-04 20:06:01,244][utils.vip_c_dataset][ERROR] - Error loading data for sample index 1160 (ep: 4, t: 102). Error: "Modality 'goal_image_primary' not found in the index for episode 4. Please ensure the dataset was enhanced correctly."
[2025-11-04 20:06:01,244][utils.vip_c_dataset][ERROR] - Error loading data for sample index 1161 (ep: 4, t: 103). Error: "Modality 'goal_image_primary' not found in the index for episode 4. Please ensure the dataset was enhanced correctly."
[2025-11-04 20:06:01,245][utils.vip_c_dataset][ERROR] - Error loading data for sample index 1162 (ep: 4, t: 104). Error: "Modality 'goal_image_primary' not found in the index for episode 4. Please ensure the dataset was enhanced correctly."
[2025-11-04 20:06:01,245][utils.vip_c_dataset][ERROR] - Error loading data for sample index 1163 (ep: 4, t: 105). Error: "Modality 'goal_image_primary' not found in the index for episode 4. Please ensure the dataset was enhanced correctly."
[2025-11-04 20:06:01,246][utils.vip_c_dataset][ERROR] - Error loading data for sample index 1164 (ep: 4, t: 106). Error: "Modality 'goal_image_primary' not found in the index for episode 4. Please ensure the dataset was enhanced correctly."
[2025-11-04 20:06:01,246][utils.vip_c_dataset][ERROR] - Error loading data for sample index 1165 (ep: 4, t: 107). Error: "Modality 'goal_image_primary' not found in the index for episode 4. Please ensure the dataset was enhanced correctly."
[2025-11-04 20:06:01,247][utils.vip_c_dataset][ERROR] - Error loading data for sample index 1166 (ep: 4, t: 108). Error: "Modality 'goal_image_primary' not found in the index for episode 4. Please ensure the dataset was enhanced correctly."
[2025-11-04 20:06:01,248][utils.vip_c_dataset][ERROR] - Error loading data for sample index 1167 (ep: 4, t: 109). Error: "Modality 'goal_image_primary' not found in the index for episode 4. Please ensure the dataset was enhanced correctly."
[2025-11-04 20:06:01,248][utils.vip_c_dataset][ERROR] - Error loading data for sample index 1168 (ep: 4, t: 110). Error: "Modality 'goal_image_primary' not found in the index for episode 4. Please ensure the dataset was enhanced correctly."
[2025-11-04 20:06:01,249][utils.vip_c_dataset][ERROR] - Error loading data for sample index 1169 (ep: 4, t: 111). Error: "Modality 'goal_image_primary' not found in the index for episode 4. Please ensure the dataset was enhanced correctly."
[2025-11-04 20:06:01,249][utils.vip_c_dataset][ERROR] - Error loading data for sample index 1170 (ep: 4, t: 112). Error: "Modality 'goal_image_primary' not found in the index for episode 4. Please ensure the dataset was enhanced correctly."
[2025-11-04 20:06:01,250][utils.vip_c_dataset][ERROR] - Error loading data for sample index 1171 (ep: 4, t: 113). Error: "Modality 'goal_image_primary' not found in the index for episode 4. Please ensure the dataset was enhanced correctly."
[2025-11-04 20:06:01,250][utils.vip_c_dataset][ERROR] - Error loading data for sample index 1172 (ep: 4, t: 114). Error: "Modality 'goal_image_primary' not found in the index for episode 4. Please ensure the dataset was enhanced correctly."
[2025-11-04 20:06:01,250][utils.vip_c_dataset][ERROR] - Error loading data for sample index 1173 (ep: 4, t: 115). Error: "Modality 'goal_image_primary' not found in the index for episode 4. Please ensure the dataset was enhanced correctly."
[2025-11-04 20:06:01,251][utils.vip_c_dataset][ERROR] - Error loading data for sample index 1174 (ep: 4, t: 116). Error: "Modality 'goal_image_primary' not found in the index for episode 4. Please ensure the dataset was enhanced correctly."
[2025-11-04 20:06:01,251][utils.vip_c_dataset][ERROR] - Error loading data for sample index 1175 (ep: 4, t: 117). Error: "Modality 'goal_image_primary' not found in the index for episode 4. Please ensure the dataset was enhanced correctly."
[2025-11-04 20:06:01,252][utils.vip_c_dataset][ERROR] - Error loading data for sample index 1176 (ep: 4, t: 118). Error: "Modality 'goal_image_primary' not found in the index for episode 4. Please ensure the dataset was enhanced correctly."
[2025-11-04 20:06:01,252][utils.vip_c_dataset][ERROR] - Error loading data for sample index 1177 (ep: 4, t: 119). Error: "Modality 'goal_image_primary' not found in the index for episode 4. Please ensure the dataset was enhanced correctly."
[2025-11-04 20:06:01,253][utils.vip_c_dataset][ERROR] - Error loading data for sample index 1178 (ep: 4, t: 120). Error: "Modality 'goal_image_primary' not found in the index for episode 4. Please ensure the dataset was enhanced correctly."
[2025-11-04 20:06:01,254][utils.vip_c_dataset][ERROR] - Error loading data for sample index 1179 (ep: 4, t: 121). Error: "Modality 'goal_image_primary' not found in the index for episode 4. Please ensure the dataset was enhanced correctly."
[2025-11-04 20:06:01,254][utils.vip_c_dataset][ERROR] - Error loading data for sample index 1180 (ep: 4, t: 122). Error: "Modality 'goal_image_primary' not found in the index for episode 4. Please ensure the dataset was enhanced correctly."
[2025-11-04 20:06:01,255][utils.vip_c_dataset][ERROR] - Error loading data for sample index 1181 (ep: 4, t: 123). Error: "Modality 'goal_image_primary' not found in the index for episode 4. Please ensure the dataset was enhanced correctly."
[2025-11-04 20:06:01,255][utils.vip_c_dataset][ERROR] - Error loading data for sample index 1182 (ep: 4, t: 124). Error: "Modality 'goal_image_primary' not found in the index for episode 4. Please ensure the dataset was enhanced correctly."
[2025-11-04 20:06:01,256][utils.vip_c_dataset][ERROR] - Error loading data for sample index 1183 (ep: 4, t: 125). Error: "Modality 'goal_image_primary' not found in the index for episode 4. Please ensure the dataset was enhanced correctly."
[2025-11-04 20:06:01,256][utils.vip_c_dataset][WARNING] - An entire batch of data loading failed. Skipping batch.
[2025-11-04 20:06:01,257][utils.vip_c_dataset][ERROR] - Error loading data for sample index 1184 (ep: 4, t: 126). Error: "Modality 'goal_image_primary' not found in the index for episode 4. Please ensure the dataset was enhanced correctly."
[2025-11-04 20:06:01,258][utils.vip_c_dataset][ERROR] - Error loading data for sample index 1185 (ep: 4, t: 127). Error: "Modality 'goal_image_primary' not found in the index for episode 4. Please ensure the dataset was enhanced correctly."
[2025-11-04 20:06:01,258][utils.vip_c_dataset][ERROR] - Error loading data for sample index 1186 (ep: 4, t: 128). Error: "Modality 'goal_image_primary' not found in the index for episode 4. Please ensure the dataset was enhanced correctly."
[2025-11-04 20:06:01,259][utils.vip_c_dataset][ERROR] - Error loading data for sample index 1187 (ep: 4, t: 129). Error: "Modality 'goal_image_primary' not found in the index for episode 4. Please ensure the dataset was enhanced correctly."
[2025-11-04 20:06:01,259][utils.vip_c_dataset][ERROR] - Error loading data for sample index 1188 (ep: 4, t: 130). Error: "Modality 'goal_image_primary' not found in the index for episode 4. Please ensure the dataset was enhanced correctly."
[2025-11-04 20:06:01,260][utils.vip_c_dataset][ERROR] - Error loading data for sample index 1189 (ep: 4, t: 131). Error: "Modality 'goal_image_primary' not found in the index for episode 4. Please ensure the dataset was enhanced correctly."
[2025-11-04 20:06:01,260][utils.vip_c_dataset][ERROR] - Error loading data for sample index 1190 (ep: 4, t: 132). Error: "Modality 'goal_image_primary' not found in the index for episode 4. Please ensure the dataset was enhanced correctly."
[2025-11-04 20:06:01,261][utils.vip_c_dataset][ERROR] - Error loading data for sample index 1191 (ep: 4, t: 133). Error: "Modality 'goal_image_primary' not found in the index for episode 4. Please ensure the dataset was enhanced correctly."
[2025-11-04 20:06:01,261][utils.vip_c_dataset][ERROR] - Error loading data for sample index 1192 (ep: 4, t: 134). Error: "Modality 'goal_image_primary' not found in the index for episode 4. Please ensure the dataset was enhanced correctly."
[2025-11-04 20:06:01,262][utils.vip_c_dataset][ERROR] - Error loading data for sample index 1193 (ep: 4, t: 135). Error: "Modality 'goal_image_primary' not found in the index for episode 4. Please ensure the dataset was enhanced correctly."
[2025-11-04 20:06:01,262][utils.vip_c_dataset][ERROR] - Error loading data for sample index 1194 (ep: 4, t: 136). Error: "Modality 'goal_image_primary' not found in the index for episode 4. Please ensure the dataset was enhanced correctly."
[2025-11-04 20:06:01,263][utils.vip_c_dataset][ERROR] - Error loading data for sample index 1195 (ep: 4, t: 137). Error: "Modality 'goal_image_primary' not found in the index for episode 4. Please ensure the dataset was enhanced correctly."
[2025-11-04 20:06:01,263][utils.vip_c_dataset][ERROR] - Error loading data for sample index 1196 (ep: 4, t: 138). Error: "Modality 'goal_image_primary' not found in the index for episode 4. Please ensure the dataset was enhanced correctly."
[2025-11-04 20:06:01,264][utils.vip_c_dataset][ERROR] - Error loading data for sample index 1197 (ep: 4, t: 139). Error: "Modality 'goal_image_primary' not found in the index for episode 4. Please ensure the dataset was enhanced correctly."
[2025-11-04 20:06:01,264][utils.vip_c_dataset][ERROR] - Error loading data for sample index 1198 (ep: 4, t: 140). Error: "Modality 'goal_image_primary' not found in the index for episode 4. Please ensure the dataset was enhanced correctly."
[2025-11-04 20:06:01,265][utils.vip_c_dataset][ERROR] - Error loading data for sample index 1199 (ep: 4, t: 141). Error: "Modality 'goal_image_primary' not found in the index for episode 4. Please ensure the dataset was enhanced correctly."
[2025-11-04 20:06:01,265][utils.vip_c_dataset][ERROR] - Error loading data for sample index 1200 (ep: 4, t: 142). Error: "Modality 'goal_image_primary' not found in the index for episode 4. Please ensure the dataset was enhanced correctly."
[2025-11-04 20:06:01,266][utils.vip_c_dataset][ERROR] - Error loading data for sample index 1201 (ep: 4, t: 143). Error: "Modality 'goal_image_primary' not found in the index for episode 4. Please ensure the dataset was enhanced correctly."
[2025-11-04 20:06:01,267][utils.vip_c_dataset][ERROR] - Error loading data for sample index 1202 (ep: 4, t: 144). Error: "Modality 'goal_image_primary' not found in the index for episode 4. Please ensure the dataset was enhanced correctly."
[2025-11-04 20:06:01,267][utils.vip_c_dataset][ERROR] - Error loading data for sample index 1203 (ep: 4, t: 145). Error: "Modality 'goal_image_primary' not found in the index for episode 4. Please ensure the dataset was enhanced correctly."
[2025-11-04 20:06:01,268][utils.vip_c_dataset][ERROR] - Error loading data for sample index 1204 (ep: 4, t: 146). Error: "Modality 'goal_image_primary' not found in the index for episode 4. Please ensure the dataset was enhanced correctly."
[2025-11-04 20:06:01,268][utils.vip_c_dataset][ERROR] - Error loading data for sample index 1205 (ep: 4, t: 147). Error: "Modality 'goal_image_primary' not found in the index for episode 4. Please ensure the dataset was enhanced correctly."
[2025-11-04 20:06:01,269][utils.vip_c_dataset][ERROR] - Error loading data for sample index 1206 (ep: 4, t: 148). Error: "Modality 'goal_image_primary' not found in the index for episode 4. Please ensure the dataset was enhanced correctly."
[2025-11-04 20:06:01,269][utils.vip_c_dataset][ERROR] - Error loading data for sample index 1207 (ep: 4, t: 149). Error: "Modality 'goal_image_primary' not found in the index for episode 4. Please ensure the dataset was enhanced correctly."
[2025-11-04 20:06:01,270][utils.vip_c_dataset][ERROR] - Error loading data for sample index 1208 (ep: 4, t: 150). Error: "Modality 'goal_image_primary' not found in the index for episode 4. Please ensure the dataset was enhanced correctly."
[2025-11-04 20:06:01,270][utils.vip_c_dataset][ERROR] - Error loading data for sample index 1209 (ep: 4, t: 151). Error: "Modality 'goal_image_primary' not found in the index for episode 4. Please ensure the dataset was enhanced correctly."
[2025-11-04 20:06:01,271][utils.vip_c_dataset][ERROR] - Error loading data for sample index 1210 (ep: 4, t: 152). Error: "Modality 'goal_image_primary' not found in the index for episode 4. Please ensure the dataset was enhanced correctly."
[2025-11-04 20:06:01,271][utils.vip_c_dataset][ERROR] - Error loading data for sample index 1211 (ep: 4, t: 153). Error: "Modality 'goal_image_primary' not found in the index for episode 4. Please ensure the dataset was enhanced correctly."
[2025-11-04 20:06:01,272][utils.vip_c_dataset][ERROR] - Error loading data for sample index 1212 (ep: 4, t: 154). Error: "Modality 'goal_image_primary' not found in the index for episode 4. Please ensure the dataset was enhanced correctly."
[2025-11-04 20:06:01,272][utils.vip_c_dataset][ERROR] - Error loading data for sample index 1213 (ep: 4, t: 155). Error: "Modality 'goal_image_primary' not found in the index for episode 4. Please ensure the dataset was enhanced correctly."
[2025-11-04 20:06:01,273][utils.vip_c_dataset][ERROR] - Error loading data for sample index 1214 (ep: 4, t: 156). Error: "Modality 'goal_image_primary' not found in the index for episode 4. Please ensure the dataset was enhanced correctly."
[2025-11-04 20:06:01,273][utils.vip_c_dataset][ERROR] - Error loading data for sample index 1215 (ep: 4, t: 157). Error: "Modality 'goal_image_primary' not found in the index for episode 4. Please ensure the dataset was enhanced correctly."
[2025-11-04 20:06:01,274][utils.vip_c_dataset][WARNING] - An entire batch of data loading failed. Skipping batch.
[2025-11-04 20:06:01,275][utils.vip_c_dataset][ERROR] - Error loading data for sample index 1216 (ep: 4, t: 158). Error: "Modality 'goal_image_primary' not found in the index for episode 4. Please ensure the dataset was enhanced correctly."
[2025-11-04 20:06:01,275][utils.vip_c_dataset][ERROR] - Error loading data for sample index 1217 (ep: 4, t: 159). Error: "Modality 'goal_image_primary' not found in the index for episode 4. Please ensure the dataset was enhanced correctly."
[2025-11-04 20:06:01,276][utils.vip_c_dataset][ERROR] - Error loading data for sample index 1218 (ep: 4, t: 160). Error: "Modality 'goal_image_primary' not found in the index for episode 4. Please ensure the dataset was enhanced correctly."
[2025-11-04 20:06:01,276][utils.vip_c_dataset][ERROR] - Error loading data for sample index 1219 (ep: 4, t: 161). Error: "Modality 'goal_image_primary' not found in the index for episode 4. Please ensure the dataset was enhanced correctly."
[2025-11-04 20:06:01,277][utils.vip_c_dataset][ERROR] - Error loading data for sample index 1220 (ep: 4, t: 162). Error: "Modality 'goal_image_primary' not found in the index for episode 4. Please ensure the dataset was enhanced correctly."
[2025-11-04 20:06:01,277][utils.vip_c_dataset][ERROR] - Error loading data for sample index 1221 (ep: 4, t: 163). Error: "Modality 'goal_image_primary' not found in the index for episode 4. Please ensure the dataset was enhanced correctly."
[2025-11-04 20:06:01,278][utils.vip_c_dataset][ERROR] - Error loading data for sample index 1222 (ep: 4, t: 164). Error: "Modality 'goal_image_primary' not found in the index for episode 4. Please ensure the dataset was enhanced correctly."
[2025-11-04 20:06:01,278][utils.vip_c_dataset][ERROR] - Error loading data for sample index 1223 (ep: 4, t: 165). Error: "Modality 'goal_image_primary' not found in the index for episode 4. Please ensure the dataset was enhanced correctly."
[2025-11-04 20:06:01,279][utils.vip_c_dataset][ERROR] - Error loading data for sample index 1224 (ep: 4, t: 166). Error: "Modality 'goal_image_primary' not found in the index for episode 4. Please ensure the dataset was enhanced correctly."
[2025-11-04 20:06:01,279][utils.vip_c_dataset][ERROR] - Error loading data for sample index 1225 (ep: 4, t: 167). Error: "Modality 'goal_image_primary' not found in the index for episode 4. Please ensure the dataset was enhanced correctly."
[2025-11-04 20:06:01,280][utils.vip_c_dataset][ERROR] - Error loading data for sample index 1226 (ep: 4, t: 168). Error: "Modality 'goal_image_primary' not found in the index for episode 4. Please ensure the dataset was enhanced correctly."
[2025-11-04 20:06:01,280][utils.vip_c_dataset][ERROR] - Error loading data for sample index 1227 (ep: 4, t: 169). Error: "Modality 'goal_image_primary' not found in the index for episode 4. Please ensure the dataset was enhanced correctly."
[2025-11-04 20:06:01,281][utils.vip_c_dataset][ERROR] - Error loading data for sample index 1228 (ep: 4, t: 170). Error: "Modality 'goal_image_primary' not found in the index for episode 4. Please ensure the dataset was enhanced correctly."
[2025-11-04 20:06:01,281][utils.vip_c_dataset][ERROR] - Error loading data for sample index 1229 (ep: 4, t: 171). Error: "Modality 'goal_image_primary' not found in the index for episode 4. Please ensure the dataset was enhanced correctly."
[2025-11-04 20:06:01,282][utils.vip_c_dataset][ERROR] - Error loading data for sample index 1230 (ep: 4, t: 172). Error: "Modality 'goal_image_primary' not found in the index for episode 4. Please ensure the dataset was enhanced correctly."
[2025-11-04 20:06:01,282][utils.vip_c_dataset][ERROR] - Error loading data for sample index 1231 (ep: 4, t: 173). Error: "Modality 'goal_image_primary' not found in the index for episode 4. Please ensure the dataset was enhanced correctly."
[2025-11-04 20:06:01,283][utils.vip_c_dataset][ERROR] - Error loading data for sample index 1232 (ep: 4, t: 174). Error: "Modality 'goal_image_primary' not found in the index for episode 4. Please ensure the dataset was enhanced correctly."
[2025-11-04 20:06:01,283][utils.vip_c_dataset][ERROR] - Error loading data for sample index 1233 (ep: 4, t: 175). Error: "Modality 'goal_image_primary' not found in the index for episode 4. Please ensure the dataset was enhanced correctly."
[2025-11-04 20:06:01,284][utils.vip_c_dataset][ERROR] - Error loading data for sample index 1234 (ep: 4, t: 176). Error: "Modality 'goal_image_primary' not found in the index for episode 4. Please ensure the dataset was enhanced correctly."
[2025-11-04 20:06:01,285][utils.vip_c_dataset][ERROR] - Error loading data for sample index 1235 (ep: 4, t: 177). Error: "Modality 'goal_image_primary' not found in the index for episode 4. Please ensure the dataset was enhanced correctly."
[2025-11-04 20:06:01,285][utils.vip_c_dataset][ERROR] - Error loading data for sample index 1236 (ep: 4, t: 178). Error: "Modality 'goal_image_primary' not found in the index for episode 4. Please ensure the dataset was enhanced correctly."
[2025-11-04 20:06:01,285][utils.vip_c_dataset][ERROR] - Error loading data for sample index 1237 (ep: 4, t: 179). Error: "Modality 'goal_image_primary' not found in the index for episode 4. Please ensure the dataset was enhanced correctly."
[2025-11-04 20:06:01,286][utils.vip_c_dataset][ERROR] - Error loading data for sample index 1238 (ep: 4, t: 180). Error: "Modality 'goal_image_primary' not found in the index for episode 4. Please ensure the dataset was enhanced correctly."
[2025-11-04 20:06:01,287][utils.vip_c_dataset][ERROR] - Error loading data for sample index 1239 (ep: 4, t: 181). Error: "Modality 'goal_image_primary' not found in the index for episode 4. Please ensure the dataset was enhanced correctly."
[2025-11-04 20:06:01,287][utils.vip_c_dataset][ERROR] - Error loading data for sample index 1240 (ep: 4, t: 182). Error: "Modality 'goal_image_primary' not found in the index for episode 4. Please ensure the dataset was enhanced correctly."
[2025-11-04 20:06:01,288][utils.vip_c_dataset][ERROR] - Error loading data for sample index 1241 (ep: 4, t: 183). Error: "Modality 'goal_image_primary' not found in the index for episode 4. Please ensure the dataset was enhanced correctly."
[2025-11-04 20:06:01,288][utils.vip_c_dataset][ERROR] - Error loading data for sample index 1242 (ep: 4, t: 184). Error: "Modality 'goal_image_primary' not found in the index for episode 4. Please ensure the dataset was enhanced correctly."
[2025-11-04 20:06:01,289][utils.vip_c_dataset][ERROR] - Error loading data for sample index 1243 (ep: 4, t: 185). Error: "Modality 'goal_image_primary' not found in the index for episode 4. Please ensure the dataset was enhanced correctly."
[2025-11-04 20:06:01,289][utils.vip_c_dataset][ERROR] - Error loading data for sample index 1244 (ep: 4, t: 186). Error: "Modality 'goal_image_primary' not found in the index for episode 4. Please ensure the dataset was enhanced correctly."
[2025-11-04 20:06:01,290][utils.vip_c_dataset][ERROR] - Error loading data for sample index 1245 (ep: 4, t: 187). Error: "Modality 'goal_image_primary' not found in the index for episode 4. Please ensure the dataset was enhanced correctly."
[2025-11-04 20:06:01,291][utils.vip_c_dataset][ERROR] - Error loading data for sample index 1246 (ep: 4, t: 188). Error: "Modality 'goal_image_primary' not found in the index for episode 4. Please ensure the dataset was enhanced correctly."
[2025-11-04 20:06:01,291][utils.vip_c_dataset][ERROR] - Error loading data for sample index 1247 (ep: 4, t: 189). Error: "Modality 'goal_image_primary' not found in the index for episode 4. Please ensure the dataset was enhanced correctly."
[2025-11-04 20:06:01,291][utils.vip_c_dataset][WARNING] - An entire batch of data loading failed. Skipping batch.
[2025-11-04 20:06:01,292][utils.vip_c_dataset][ERROR] - Error loading data for sample index 1248 (ep: 4, t: 190). Error: "Modality 'goal_image_primary' not found in the index for episode 4. Please ensure the dataset was enhanced correctly."
[2025-11-04 20:06:01,292][utils.vip_c_dataset][ERROR] - Error loading data for sample index 1249 (ep: 4, t: 191). Error: "Modality 'goal_image_primary' not found in the index for episode 4. Please ensure the dataset was enhanced correctly."
[2025-11-04 20:06:01,293][utils.vip_c_dataset][ERROR] - Error loading data for sample index 1250 (ep: 4, t: 192). Error: "Modality 'goal_image_primary' not found in the index for episode 4. Please ensure the dataset was enhanced correctly."
[2025-11-04 20:06:01,293][utils.vip_c_dataset][ERROR] - Error loading data for sample index 1251 (ep: 4, t: 193). Error: "Modality 'goal_image_primary' not found in the index for episode 4. Please ensure the dataset was enhanced correctly."
[2025-11-04 20:06:01,294][utils.vip_c_dataset][ERROR] - Error loading data for sample index 1252 (ep: 4, t: 194). Error: "Modality 'goal_image_primary' not found in the index for episode 4. Please ensure the dataset was enhanced correctly."
[2025-11-04 20:06:01,294][utils.vip_c_dataset][ERROR] - Error loading data for sample index 1253 (ep: 4, t: 195). Error: "Modality 'goal_image_primary' not found in the index for episode 4. Please ensure the dataset was enhanced correctly."
[2025-11-04 20:06:01,295][utils.vip_c_dataset][ERROR] - Error loading data for sample index 1254 (ep: 4, t: 196). Error: "Modality 'goal_image_primary' not found in the index for episode 4. Please ensure the dataset was enhanced correctly."
[2025-11-04 20:06:01,295][utils.vip_c_dataset][ERROR] - Error loading data for sample index 1255 (ep: 4, t: 197). Error: "Modality 'goal_image_primary' not found in the index for episode 4. Please ensure the dataset was enhanced correctly."
[2025-11-04 20:06:01,295][utils.vip_c_dataset][ERROR] - Error loading data for sample index 1256 (ep: 4, t: 198). Error: "Modality 'goal_image_primary' not found in the index for episode 4. Please ensure the dataset was enhanced correctly."
[2025-11-04 20:06:01,296][utils.vip_c_dataset][ERROR] - Error loading data for sample index 1257 (ep: 4, t: 199). Error: "Modality 'goal_image_primary' not found in the index for episode 4. Please ensure the dataset was enhanced correctly."
[2025-11-04 20:06:01,296][utils.vip_c_dataset][ERROR] - Error loading data for sample index 1258 (ep: 4, t: 200). Error: "Modality 'goal_image_primary' not found in the index for episode 4. Please ensure the dataset was enhanced correctly."
[2025-11-04 20:06:01,296][utils.vip_c_dataset][ERROR] - Error loading data for sample index 1259 (ep: 4, t: 201). Error: "Modality 'goal_image_primary' not found in the index for episode 4. Please ensure the dataset was enhanced correctly."
[2025-11-04 20:06:01,297][utils.vip_c_dataset][ERROR] - Error loading data for sample index 1260 (ep: 4, t: 202). Error: "Modality 'goal_image_primary' not found in the index for episode 4. Please ensure the dataset was enhanced correctly."
[2025-11-04 20:06:01,297][utils.vip_c_dataset][ERROR] - Error loading data for sample index 1261 (ep: 4, t: 203). Error: "Modality 'goal_image_primary' not found in the index for episode 4. Please ensure the dataset was enhanced correctly."
[2025-11-04 20:06:01,298][utils.vip_c_dataset][ERROR] - Error loading data for sample index 1262 (ep: 4, t: 204). Error: "Modality 'goal_image_primary' not found in the index for episode 4. Please ensure the dataset was enhanced correctly."
[2025-11-04 20:06:01,298][utils.vip_c_dataset][ERROR] - Error loading data for sample index 1263 (ep: 4, t: 205). Error: "Modality 'goal_image_primary' not found in the index for episode 4. Please ensure the dataset was enhanced correctly."
[2025-11-04 20:06:01,299][utils.vip_c_dataset][ERROR] - Error loading data for sample index 1264 (ep: 4, t: 206). Error: "Modality 'goal_image_primary' not found in the index for episode 4. Please ensure the dataset was enhanced correctly."
[2025-11-04 20:06:01,299][utils.vip_c_dataset][ERROR] - Error loading data for sample index 1265 (ep: 4, t: 207). Error: "Modality 'goal_image_primary' not found in the index for episode 4. Please ensure the dataset was enhanced correctly."
[2025-11-04 20:06:01,300][utils.vip_c_dataset][ERROR] - Error loading data for sample index 1266 (ep: 4, t: 208). Error: "Modality 'goal_image_primary' not found in the index for episode 4. Please ensure the dataset was enhanced correctly."
[2025-11-04 20:06:01,300][utils.vip_c_dataset][ERROR] - Error loading data for sample index 1267 (ep: 4, t: 209). Error: "Modality 'goal_image_primary' not found in the index for episode 4. Please ensure the dataset was enhanced correctly."
[2025-11-04 20:06:01,300][utils.vip_c_dataset][ERROR] - Error loading data for sample index 1268 (ep: 4, t: 210). Error: "Modality 'goal_image_primary' not found in the index for episode 4. Please ensure the dataset was enhanced correctly."
[2025-11-04 20:06:01,301][utils.vip_c_dataset][ERROR] - Error loading data for sample index 1269 (ep: 4, t: 211). Error: "Modality 'goal_image_primary' not found in the index for episode 4. Please ensure the dataset was enhanced correctly."
[2025-11-04 20:06:01,301][utils.vip_c_dataset][ERROR] - Error loading data for sample index 1270 (ep: 4, t: 212). Error: "Modality 'goal_image_primary' not found in the index for episode 4. Please ensure the dataset was enhanced correctly."
[2025-11-04 20:06:01,301][utils.vip_c_dataset][ERROR] - Error loading data for sample index 1271 (ep: 4, t: 213). Error: "Modality 'goal_image_primary' not found in the index for episode 4. Please ensure the dataset was enhanced correctly."
[2025-11-04 20:06:01,302][utils.vip_c_dataset][ERROR] - Error loading data for sample index 1272 (ep: 4, t: 214). Error: "Modality 'goal_image_primary' not found in the index for episode 4. Please ensure the dataset was enhanced correctly."
[2025-11-04 20:06:01,302][utils.vip_c_dataset][ERROR] - Error loading data for sample index 1273 (ep: 4, t: 215). Error: "Modality 'goal_image_primary' not found in the index for episode 4. Please ensure the dataset was enhanced correctly."
[2025-11-04 20:06:01,303][utils.vip_c_dataset][ERROR] - Error loading data for sample index 1274 (ep: 4, t: 216). Error: "Modality 'goal_image_primary' not found in the index for episode 4. Please ensure the dataset was enhanced correctly."
[2025-11-04 20:06:01,303][utils.vip_c_dataset][ERROR] - Error loading data for sample index 1275 (ep: 4, t: 217). Error: "Modality 'goal_image_primary' not found in the index for episode 4. Please ensure the dataset was enhanced correctly."
[2025-11-04 20:06:01,303][utils.vip_c_dataset][ERROR] - Error loading data for sample index 1276 (ep: 4, t: 218). Error: "Modality 'goal_image_primary' not found in the index for episode 4. Please ensure the dataset was enhanced correctly."
[2025-11-04 20:06:01,304][utils.vip_c_dataset][ERROR] - Error loading data for sample index 1277 (ep: 4, t: 219). Error: "Modality 'goal_image_primary' not found in the index for episode 4. Please ensure the dataset was enhanced correctly."
[2025-11-04 20:06:01,304][utils.vip_c_dataset][ERROR] - Error loading data for sample index 1278 (ep: 4, t: 220). Error: "Modality 'goal_image_primary' not found in the index for episode 4. Please ensure the dataset was enhanced correctly."
[2025-11-04 20:06:01,305][utils.vip_c_dataset][ERROR] - Error loading data for sample index 1279 (ep: 4, t: 221). Error: "Modality 'goal_image_primary' not found in the index for episode 4. Please ensure the dataset was enhanced correctly."
[2025-11-04 20:06:01,305][utils.vip_c_dataset][WARNING] - An entire batch of data loading failed. Skipping batch.
[2025-11-04 20:06:01,306][utils.vip_c_dataset][ERROR] - Error loading data for sample index 1280 (ep: 4, t: 222). Error: "Modality 'goal_image_primary' not found in the index for episode 4. Please ensure the dataset was enhanced correctly."
[2025-11-04 20:06:01,307][utils.vip_c_dataset][ERROR] - Error loading data for sample index 1281 (ep: 4, t: 223). Error: "Modality 'goal_image_primary' not found in the index for episode 4. Please ensure the dataset was enhanced correctly."
[2025-11-04 20:06:01,307][utils.vip_c_dataset][ERROR] - Error loading data for sample index 1282 (ep: 4, t: 224). Error: "Modality 'goal_image_primary' not found in the index for episode 4. Please ensure the dataset was enhanced correctly."
[2025-11-04 20:06:01,308][utils.vip_c_dataset][ERROR] - Error loading data for sample index 1283 (ep: 4, t: 225). Error: "Modality 'goal_image_primary' not found in the index for episode 4. Please ensure the dataset was enhanced correctly."
[2025-11-04 20:06:01,308][utils.vip_c_dataset][ERROR] - Error loading data for sample index 1284 (ep: 4, t: 226). Error: "Modality 'goal_image_primary' not found in the index for episode 4. Please ensure the dataset was enhanced correctly."
[2025-11-04 20:06:01,308][utils.vip_c_dataset][ERROR] - Error loading data for sample index 1285 (ep: 4, t: 227). Error: "Modality 'goal_image_primary' not found in the index for episode 4. Please ensure the dataset was enhanced correctly."
[2025-11-04 20:06:01,309][utils.vip_c_dataset][ERROR] - Error loading data for sample index 1286 (ep: 4, t: 228). Error: "Modality 'goal_image_primary' not found in the index for episode 4. Please ensure the dataset was enhanced correctly."
[2025-11-04 20:06:01,309][utils.vip_c_dataset][ERROR] - Error loading data for sample index 1287 (ep: 4, t: 229). Error: "Modality 'goal_image_primary' not found in the index for episode 4. Please ensure the dataset was enhanced correctly."
[2025-11-04 20:06:01,310][utils.vip_c_dataset][ERROR] - Error loading data for sample index 1288 (ep: 4, t: 230). Error: "Modality 'goal_image_primary' not found in the index for episode 4. Please ensure the dataset was enhanced correctly."
[2025-11-04 20:06:01,310][utils.vip_c_dataset][ERROR] - Error loading data for sample index 1289 (ep: 4, t: 231). Error: "Modality 'goal_image_primary' not found in the index for episode 4. Please ensure the dataset was enhanced correctly."
[2025-11-04 20:06:01,311][utils.vip_c_dataset][ERROR] - Error loading data for sample index 1290 (ep: 4, t: 232). Error: "Modality 'goal_image_primary' not found in the index for episode 4. Please ensure the dataset was enhanced correctly."
[2025-11-04 20:06:01,311][utils.vip_c_dataset][ERROR] - Error loading data for sample index 1291 (ep: 4, t: 233). Error: "Modality 'goal_image_primary' not found in the index for episode 4. Please ensure the dataset was enhanced correctly."
[2025-11-04 20:06:01,311][utils.vip_c_dataset][ERROR] - Error loading data for sample index 1292 (ep: 4, t: 234). Error: "Modality 'goal_image_primary' not found in the index for episode 4. Please ensure the dataset was enhanced correctly."
[2025-11-04 20:06:01,312][utils.vip_c_dataset][ERROR] - Error loading data for sample index 1293 (ep: 4, t: 235). Error: "Modality 'goal_image_primary' not found in the index for episode 4. Please ensure the dataset was enhanced correctly."
[2025-11-04 20:06:01,312][utils.vip_c_dataset][ERROR] - Error loading data for sample index 1294 (ep: 4, t: 236). Error: "Modality 'goal_image_primary' not found in the index for episode 4. Please ensure the dataset was enhanced correctly."
[2025-11-04 20:06:01,312][utils.vip_c_dataset][ERROR] - Error loading data for sample index 1295 (ep: 4, t: 237). Error: "Modality 'goal_image_primary' not found in the index for episode 4. Please ensure the dataset was enhanced correctly."
[2025-11-04 20:06:01,312][utils.vip_c_dataset][ERROR] - Error loading data for sample index 1296 (ep: 4, t: 238). Error: "Modality 'goal_image_primary' not found in the index for episode 4. Please ensure the dataset was enhanced correctly."
[2025-11-04 20:06:01,313][utils.vip_c_dataset][ERROR] - Error loading data for sample index 1297 (ep: 4, t: 239). Error: "Modality 'goal_image_primary' not found in the index for episode 4. Please ensure the dataset was enhanced correctly."
[2025-11-04 20:06:01,314][utils.vip_c_dataset][ERROR] - Error loading data for sample index 1298 (ep: 4, t: 240). Error: "Modality 'goal_image_primary' not found in the index for episode 4. Please ensure the dataset was enhanced correctly."
[2025-11-04 20:06:01,314][utils.vip_c_dataset][ERROR] - Error loading data for sample index 1299 (ep: 4, t: 241). Error: "Modality 'goal_image_primary' not found in the index for episode 4. Please ensure the dataset was enhanced correctly."
[2025-11-04 20:06:01,315][utils.vip_c_dataset][ERROR] - Error loading data for sample index 1300 (ep: 4, t: 242). Error: "Modality 'goal_image_primary' not found in the index for episode 4. Please ensure the dataset was enhanced correctly."
[2025-11-04 20:06:01,315][utils.vip_c_dataset][ERROR] - Error loading data for sample index 1301 (ep: 4, t: 243). Error: "Modality 'goal_image_primary' not found in the index for episode 4. Please ensure the dataset was enhanced correctly."
[2025-11-04 20:06:01,315][utils.vip_c_dataset][ERROR] - Error loading data for sample index 1302 (ep: 4, t: 244). Error: "Modality 'goal_image_primary' not found in the index for episode 4. Please ensure the dataset was enhanced correctly."
[2025-11-04 20:06:01,316][utils.vip_c_dataset][ERROR] - Error loading data for sample index 1303 (ep: 4, t: 245). Error: "Modality 'goal_image_primary' not found in the index for episode 4. Please ensure the dataset was enhanced correctly."
[2025-11-04 20:06:01,316][utils.vip_c_dataset][ERROR] - Error loading data for sample index 1304 (ep: 4, t: 246). Error: "Modality 'goal_image_primary' not found in the index for episode 4. Please ensure the dataset was enhanced correctly."
[2025-11-04 20:06:01,317][utils.vip_c_dataset][ERROR] - Error loading data for sample index 1305 (ep: 4, t: 247). Error: "Modality 'goal_image_primary' not found in the index for episode 4. Please ensure the dataset was enhanced correctly."
[2025-11-04 20:06:01,317][utils.vip_c_dataset][ERROR] - Error loading data for sample index 1306 (ep: 4, t: 248). Error: "Modality 'goal_image_primary' not found in the index for episode 4. Please ensure the dataset was enhanced correctly."
[2025-11-04 20:06:01,317][utils.vip_c_dataset][ERROR] - Error loading data for sample index 1307 (ep: 4, t: 249). Error: "Modality 'goal_image_primary' not found in the index for episode 4. Please ensure the dataset was enhanced correctly."
[2025-11-04 20:06:01,318][utils.vip_c_dataset][ERROR] - Error loading data for sample index 1308 (ep: 4, t: 250). Error: "Modality 'goal_image_primary' not found in the index for episode 4. Please ensure the dataset was enhanced correctly."
[2025-11-04 20:06:01,318][utils.vip_c_dataset][ERROR] - Error loading data for sample index 1309 (ep: 4, t: 251). Error: "Modality 'goal_image_primary' not found in the index for episode 4. Please ensure the dataset was enhanced correctly."
[2025-11-04 20:06:01,318][utils.vip_c_dataset][ERROR] - Error loading data for sample index 1310 (ep: 4, t: 252). Error: "Modality 'goal_image_primary' not found in the index for episode 4. Please ensure the dataset was enhanced correctly."
[2025-11-04 20:06:01,318][utils.vip_c_dataset][ERROR] - Error loading data for sample index 1311 (ep: 4, t: 253). Error: "Modality 'goal_image_primary' not found in the index for episode 4. Please ensure the dataset was enhanced correctly."
[2025-11-04 20:06:01,319][utils.vip_c_dataset][WARNING] - An entire batch of data loading failed. Skipping batch.
[2025-11-04 20:06:01,320][utils.vip_c_dataset][ERROR] - Error loading data for sample index 1312 (ep: 4, t: 254). Error: "Modality 'goal_image_primary' not found in the index for episode 4. Please ensure the dataset was enhanced correctly."
[2025-11-04 20:06:01,320][utils.vip_c_dataset][ERROR] - Error loading data for sample index 1313 (ep: 4, t: 255). Error: "Modality 'goal_image_primary' not found in the index for episode 4. Please ensure the dataset was enhanced correctly."
[2025-11-04 20:06:01,321][utils.vip_c_dataset][ERROR] - Error loading data for sample index 1314 (ep: 4, t: 256). Error: "Modality 'goal_image_primary' not found in the index for episode 4. Please ensure the dataset was enhanced correctly."
[2025-11-04 20:06:01,321][utils.vip_c_dataset][ERROR] - Error loading data for sample index 1315 (ep: 4, t: 257). Error: "Modality 'goal_image_primary' not found in the index for episode 4. Please ensure the dataset was enhanced correctly."
[2025-11-04 20:06:01,322][utils.vip_c_dataset][ERROR] - Error loading data for sample index 1316 (ep: 4, t: 258). Error: "Modality 'goal_image_primary' not found in the index for episode 4. Please ensure the dataset was enhanced correctly."
[2025-11-04 20:06:01,322][utils.vip_c_dataset][ERROR] - Error loading data for sample index 1317 (ep: 4, t: 259). Error: "Modality 'goal_image_primary' not found in the index for episode 4. Please ensure the dataset was enhanced correctly."
[2025-11-04 20:06:01,323][utils.vip_c_dataset][ERROR] - Error loading data for sample index 1318 (ep: 4, t: 260). Error: "Modality 'goal_image_primary' not found in the index for episode 4. Please ensure the dataset was enhanced correctly."
[2025-11-04 20:06:01,523][utils.vip_c_dataset][ERROR] - Error loading data for sample index 1319 (ep: 5, t: 1). Error: "Modality 'goal_image_primary' not found in the index for episode 5. Please ensure the dataset was enhanced correctly."
[2025-11-04 20:06:01,524][utils.vip_c_dataset][ERROR] - Error loading data for sample index 1320 (ep: 5, t: 2). Error: "Modality 'goal_image_primary' not found in the index for episode 5. Please ensure the dataset was enhanced correctly."
[2025-11-04 20:06:01,525][utils.vip_c_dataset][ERROR] - Error loading data for sample index 1321 (ep: 5, t: 3). Error: "Modality 'goal_image_primary' not found in the index for episode 5. Please ensure the dataset was enhanced correctly."
[2025-11-04 20:06:01,526][utils.vip_c_dataset][ERROR] - Error loading data for sample index 1322 (ep: 5, t: 4). Error: "Modality 'goal_image_primary' not found in the index for episode 5. Please ensure the dataset was enhanced correctly."
[2025-11-04 20:06:01,526][utils.vip_c_dataset][ERROR] - Error loading data for sample index 1323 (ep: 5, t: 5). Error: "Modality 'goal_image_primary' not found in the index for episode 5. Please ensure the dataset was enhanced correctly."
[2025-11-04 20:06:01,527][utils.vip_c_dataset][ERROR] - Error loading data for sample index 1324 (ep: 5, t: 6). Error: "Modality 'goal_image_primary' not found in the index for episode 5. Please ensure the dataset was enhanced correctly."
[2025-11-04 20:06:01,528][utils.vip_c_dataset][ERROR] - Error loading data for sample index 1325 (ep: 5, t: 7). Error: "Modality 'goal_image_primary' not found in the index for episode 5. Please ensure the dataset was enhanced correctly."
[2025-11-04 20:06:01,528][utils.vip_c_dataset][ERROR] - Error loading data for sample index 1326 (ep: 5, t: 8). Error: "Modality 'goal_image_primary' not found in the index for episode 5. Please ensure the dataset was enhanced correctly."
[2025-11-04 20:06:01,529][utils.vip_c_dataset][ERROR] - Error loading data for sample index 1327 (ep: 5, t: 9). Error: "Modality 'goal_image_primary' not found in the index for episode 5. Please ensure the dataset was enhanced correctly."
[2025-11-04 20:06:01,529][utils.vip_c_dataset][ERROR] - Error loading data for sample index 1328 (ep: 5, t: 10). Error: "Modality 'goal_image_primary' not found in the index for episode 5. Please ensure the dataset was enhanced correctly."
[2025-11-04 20:06:01,530][utils.vip_c_dataset][ERROR] - Error loading data for sample index 1329 (ep: 5, t: 11). Error: "Modality 'goal_image_primary' not found in the index for episode 5. Please ensure the dataset was enhanced correctly."
[2025-11-04 20:06:01,530][utils.vip_c_dataset][ERROR] - Error loading data for sample index 1330 (ep: 5, t: 12). Error: "Modality 'goal_image_primary' not found in the index for episode 5. Please ensure the dataset was enhanced correctly."
[2025-11-04 20:06:01,531][utils.vip_c_dataset][ERROR] - Error loading data for sample index 1331 (ep: 5, t: 13). Error: "Modality 'goal_image_primary' not found in the index for episode 5. Please ensure the dataset was enhanced correctly."
[2025-11-04 20:06:01,531][utils.vip_c_dataset][ERROR] - Error loading data for sample index 1332 (ep: 5, t: 14). Error: "Modality 'goal_image_primary' not found in the index for episode 5. Please ensure the dataset was enhanced correctly."
[2025-11-04 20:06:01,532][utils.vip_c_dataset][ERROR] - Error loading data for sample index 1333 (ep: 5, t: 15). Error: "Modality 'goal_image_primary' not found in the index for episode 5. Please ensure the dataset was enhanced correctly."
[2025-11-04 20:06:01,532][utils.vip_c_dataset][ERROR] - Error loading data for sample index 1334 (ep: 5, t: 16). Error: "Modality 'goal_image_primary' not found in the index for episode 5. Please ensure the dataset was enhanced correctly."
[2025-11-04 20:06:01,533][utils.vip_c_dataset][ERROR] - Error loading data for sample index 1335 (ep: 5, t: 17). Error: "Modality 'goal_image_primary' not found in the index for episode 5. Please ensure the dataset was enhanced correctly."
[2025-11-04 20:06:01,533][utils.vip_c_dataset][ERROR] - Error loading data for sample index 1336 (ep: 5, t: 18). Error: "Modality 'goal_image_primary' not found in the index for episode 5. Please ensure the dataset was enhanced correctly."
[2025-11-04 20:06:01,534][utils.vip_c_dataset][ERROR] - Error loading data for sample index 1337 (ep: 5, t: 19). Error: "Modality 'goal_image_primary' not found in the index for episode 5. Please ensure the dataset was enhanced correctly."
[2025-11-04 20:06:01,535][utils.vip_c_dataset][ERROR] - Error loading data for sample index 1338 (ep: 5, t: 20). Error: "Modality 'goal_image_primary' not found in the index for episode 5. Please ensure the dataset was enhanced correctly."
[2025-11-04 20:06:01,538][utils.vip_c_dataset][ERROR] - Error loading data for sample index 1339 (ep: 5, t: 21). Error: "Modality 'goal_image_primary' not found in the index for episode 5. Please ensure the dataset was enhanced correctly."
[2025-11-04 20:06:01,539][utils.vip_c_dataset][ERROR] - Error loading data for sample index 1340 (ep: 5, t: 22). Error: "Modality 'goal_image_primary' not found in the index for episode 5. Please ensure the dataset was enhanced correctly."
[2025-11-04 20:06:01,539][utils.vip_c_dataset][ERROR] - Error loading data for sample index 1341 (ep: 5, t: 23). Error: "Modality 'goal_image_primary' not found in the index for episode 5. Please ensure the dataset was enhanced correctly."
[2025-11-04 20:06:01,540][utils.vip_c_dataset][ERROR] - Error loading data for sample index 1342 (ep: 5, t: 24). Error: "Modality 'goal_image_primary' not found in the index for episode 5. Please ensure the dataset was enhanced correctly."
[2025-11-04 20:06:01,541][utils.vip_c_dataset][ERROR] - Error loading data for sample index 1343 (ep: 5, t: 25). Error: "Modality 'goal_image_primary' not found in the index for episode 5. Please ensure the dataset was enhanced correctly."
[2025-11-04 20:06:01,541][utils.vip_c_dataset][WARNING] - An entire batch of data loading failed. Skipping batch.
[2025-11-04 20:06:01,542][utils.vip_c_dataset][ERROR] - Error loading data for sample index 1344 (ep: 5, t: 26). Error: "Modality 'goal_image_primary' not found in the index for episode 5. Please ensure the dataset was enhanced correctly."
[2025-11-04 20:06:01,543][utils.vip_c_dataset][ERROR] - Error loading data for sample index 1345 (ep: 5, t: 27). Error: "Modality 'goal_image_primary' not found in the index for episode 5. Please ensure the dataset was enhanced correctly."
[2025-11-04 20:06:01,543][utils.vip_c_dataset][ERROR] - Error loading data for sample index 1346 (ep: 5, t: 28). Error: "Modality 'goal_image_primary' not found in the index for episode 5. Please ensure the dataset was enhanced correctly."
[2025-11-04 20:06:01,544][utils.vip_c_dataset][ERROR] - Error loading data for sample index 1347 (ep: 5, t: 29). Error: "Modality 'goal_image_primary' not found in the index for episode 5. Please ensure the dataset was enhanced correctly."
[2025-11-04 20:06:01,544][utils.vip_c_dataset][ERROR] - Error loading data for sample index 1348 (ep: 5, t: 30). Error: "Modality 'goal_image_primary' not found in the index for episode 5. Please ensure the dataset was enhanced correctly."
[2025-11-04 20:06:01,545][utils.vip_c_dataset][ERROR] - Error loading data for sample index 1349 (ep: 5, t: 31). Error: "Modality 'goal_image_primary' not found in the index for episode 5. Please ensure the dataset was enhanced correctly."
[2025-11-04 20:06:01,545][utils.vip_c_dataset][ERROR] - Error loading data for sample index 1350 (ep: 5, t: 32). Error: "Modality 'goal_image_primary' not found in the index for episode 5. Please ensure the dataset was enhanced correctly."
[2025-11-04 20:06:01,546][utils.vip_c_dataset][ERROR] - Error loading data for sample index 1351 (ep: 5, t: 33). Error: "Modality 'goal_image_primary' not found in the index for episode 5. Please ensure the dataset was enhanced correctly."
[2025-11-04 20:06:01,546][utils.vip_c_dataset][ERROR] - Error loading data for sample index 1352 (ep: 5, t: 34). Error: "Modality 'goal_image_primary' not found in the index for episode 5. Please ensure the dataset was enhanced correctly."
[2025-11-04 20:06:01,547][utils.vip_c_dataset][ERROR] - Error loading data for sample index 1353 (ep: 5, t: 35). Error: "Modality 'goal_image_primary' not found in the index for episode 5. Please ensure the dataset was enhanced correctly."
[2025-11-04 20:06:01,547][utils.vip_c_dataset][ERROR] - Error loading data for sample index 1354 (ep: 5, t: 36). Error: "Modality 'goal_image_primary' not found in the index for episode 5. Please ensure the dataset was enhanced correctly."
[2025-11-04 20:06:01,548][utils.vip_c_dataset][ERROR] - Error loading data for sample index 1355 (ep: 5, t: 37). Error: "Modality 'goal_image_primary' not found in the index for episode 5. Please ensure the dataset was enhanced correctly."
[2025-11-04 20:06:01,548][utils.vip_c_dataset][ERROR] - Error loading data for sample index 1356 (ep: 5, t: 38). Error: "Modality 'goal_image_primary' not found in the index for episode 5. Please ensure the dataset was enhanced correctly."
[2025-11-04 20:06:01,549][utils.vip_c_dataset][ERROR] - Error loading data for sample index 1357 (ep: 5, t: 39). Error: "Modality 'goal_image_primary' not found in the index for episode 5. Please ensure the dataset was enhanced correctly."
[2025-11-04 20:06:01,549][utils.vip_c_dataset][ERROR] - Error loading data for sample index 1358 (ep: 5, t: 40). Error: "Modality 'goal_image_primary' not found in the index for episode 5. Please ensure the dataset was enhanced correctly."
[2025-11-04 20:06:01,550][utils.vip_c_dataset][ERROR] - Error loading data for sample index 1359 (ep: 5, t: 41). Error: "Modality 'goal_image_primary' not found in the index for episode 5. Please ensure the dataset was enhanced correctly."
[2025-11-04 20:06:01,550][utils.vip_c_dataset][ERROR] - Error loading data for sample index 1360 (ep: 5, t: 42). Error: "Modality 'goal_image_primary' not found in the index for episode 5. Please ensure the dataset was enhanced correctly."
[2025-11-04 20:06:01,551][utils.vip_c_dataset][ERROR] - Error loading data for sample index 1361 (ep: 5, t: 43). Error: "Modality 'goal_image_primary' not found in the index for episode 5. Please ensure the dataset was enhanced correctly."
[2025-11-04 20:06:01,551][utils.vip_c_dataset][ERROR] - Error loading data for sample index 1362 (ep: 5, t: 44). Error: "Modality 'goal_image_primary' not found in the index for episode 5. Please ensure the dataset was enhanced correctly."
[2025-11-04 20:06:01,552][utils.vip_c_dataset][ERROR] - Error loading data for sample index 1363 (ep: 5, t: 45). Error: "Modality 'goal_image_primary' not found in the index for episode 5. Please ensure the dataset was enhanced correctly."
[2025-11-04 20:06:01,552][utils.vip_c_dataset][ERROR] - Error loading data for sample index 1364 (ep: 5, t: 46). Error: "Modality 'goal_image_primary' not found in the index for episode 5. Please ensure the dataset was enhanced correctly."
[2025-11-04 20:06:01,553][utils.vip_c_dataset][ERROR] - Error loading data for sample index 1365 (ep: 5, t: 47). Error: "Modality 'goal_image_primary' not found in the index for episode 5. Please ensure the dataset was enhanced correctly."
[2025-11-04 20:06:01,553][utils.vip_c_dataset][ERROR] - Error loading data for sample index 1366 (ep: 5, t: 48). Error: "Modality 'goal_image_primary' not found in the index for episode 5. Please ensure the dataset was enhanced correctly."
[2025-11-04 20:06:01,554][utils.vip_c_dataset][ERROR] - Error loading data for sample index 1367 (ep: 5, t: 49). Error: "Modality 'goal_image_primary' not found in the index for episode 5. Please ensure the dataset was enhanced correctly."
[2025-11-04 20:06:01,555][utils.vip_c_dataset][ERROR] - Error loading data for sample index 1368 (ep: 5, t: 50). Error: "Modality 'goal_image_primary' not found in the index for episode 5. Please ensure the dataset was enhanced correctly."
[2025-11-04 20:06:01,555][utils.vip_c_dataset][ERROR] - Error loading data for sample index 1369 (ep: 5, t: 51). Error: "Modality 'goal_image_primary' not found in the index for episode 5. Please ensure the dataset was enhanced correctly."
[2025-11-04 20:06:01,556][utils.vip_c_dataset][ERROR] - Error loading data for sample index 1370 (ep: 5, t: 52). Error: "Modality 'goal_image_primary' not found in the index for episode 5. Please ensure the dataset was enhanced correctly."
[2025-11-04 20:06:01,556][utils.vip_c_dataset][ERROR] - Error loading data for sample index 1371 (ep: 5, t: 53). Error: "Modality 'goal_image_primary' not found in the index for episode 5. Please ensure the dataset was enhanced correctly."
[2025-11-04 20:06:01,557][utils.vip_c_dataset][ERROR] - Error loading data for sample index 1372 (ep: 5, t: 54). Error: "Modality 'goal_image_primary' not found in the index for episode 5. Please ensure the dataset was enhanced correctly."
[2025-11-04 20:06:01,557][utils.vip_c_dataset][ERROR] - Error loading data for sample index 1373 (ep: 5, t: 55). Error: "Modality 'goal_image_primary' not found in the index for episode 5. Please ensure the dataset was enhanced correctly."
[2025-11-04 20:06:01,558][utils.vip_c_dataset][ERROR] - Error loading data for sample index 1374 (ep: 5, t: 56). Error: "Modality 'goal_image_primary' not found in the index for episode 5. Please ensure the dataset was enhanced correctly."
[2025-11-04 20:06:01,559][utils.vip_c_dataset][ERROR] - Error loading data for sample index 1375 (ep: 5, t: 57). Error: "Modality 'goal_image_primary' not found in the index for episode 5. Please ensure the dataset was enhanced correctly."
[2025-11-04 20:06:01,559][utils.vip_c_dataset][WARNING] - An entire batch of data loading failed. Skipping batch.
[2025-11-04 20:06:01,559][utils.vip_c_dataset][ERROR] - Error loading data for sample index 1376 (ep: 5, t: 58). Error: "Modality 'goal_image_primary' not found in the index for episode 5. Please ensure the dataset was enhanced correctly."
[2025-11-04 20:06:01,560][utils.vip_c_dataset][ERROR] - Error loading data for sample index 1377 (ep: 5, t: 59). Error: "Modality 'goal_image_primary' not found in the index for episode 5. Please ensure the dataset was enhanced correctly."
[2025-11-04 20:06:01,561][utils.vip_c_dataset][ERROR] - Error loading data for sample index 1378 (ep: 5, t: 60). Error: "Modality 'goal_image_primary' not found in the index for episode 5. Please ensure the dataset was enhanced correctly."
[2025-11-04 20:06:01,561][utils.vip_c_dataset][ERROR] - Error loading data for sample index 1379 (ep: 5, t: 61). Error: "Modality 'goal_image_primary' not found in the index for episode 5. Please ensure the dataset was enhanced correctly."
[2025-11-04 20:06:01,562][utils.vip_c_dataset][ERROR] - Error loading data for sample index 1380 (ep: 5, t: 62). Error: "Modality 'goal_image_primary' not found in the index for episode 5. Please ensure the dataset was enhanced correctly."
[2025-11-04 20:06:01,562][utils.vip_c_dataset][ERROR] - Error loading data for sample index 1381 (ep: 5, t: 63). Error: "Modality 'goal_image_primary' not found in the index for episode 5. Please ensure the dataset was enhanced correctly."
[2025-11-04 20:06:01,563][utils.vip_c_dataset][ERROR] - Error loading data for sample index 1382 (ep: 5, t: 64). Error: "Modality 'goal_image_primary' not found in the index for episode 5. Please ensure the dataset was enhanced correctly."
[2025-11-04 20:06:01,563][utils.vip_c_dataset][ERROR] - Error loading data for sample index 1383 (ep: 5, t: 65). Error: "Modality 'goal_image_primary' not found in the index for episode 5. Please ensure the dataset was enhanced correctly."
[2025-11-04 20:06:01,564][utils.vip_c_dataset][ERROR] - Error loading data for sample index 1384 (ep: 5, t: 66). Error: "Modality 'goal_image_primary' not found in the index for episode 5. Please ensure the dataset was enhanced correctly."
[2025-11-04 20:06:01,564][utils.vip_c_dataset][ERROR] - Error loading data for sample index 1385 (ep: 5, t: 67). Error: "Modality 'goal_image_primary' not found in the index for episode 5. Please ensure the dataset was enhanced correctly."
[2025-11-04 20:06:01,565][utils.vip_c_dataset][ERROR] - Error loading data for sample index 1386 (ep: 5, t: 68). Error: "Modality 'goal_image_primary' not found in the index for episode 5. Please ensure the dataset was enhanced correctly."
[2025-11-04 20:06:01,565][utils.vip_c_dataset][ERROR] - Error loading data for sample index 1387 (ep: 5, t: 69). Error: "Modality 'goal_image_primary' not found in the index for episode 5. Please ensure the dataset was enhanced correctly."
[2025-11-04 20:06:01,566][utils.vip_c_dataset][ERROR] - Error loading data for sample index 1388 (ep: 5, t: 70). Error: "Modality 'goal_image_primary' not found in the index for episode 5. Please ensure the dataset was enhanced correctly."
[2025-11-04 20:06:01,566][utils.vip_c_dataset][ERROR] - Error loading data for sample index 1389 (ep: 5, t: 71). Error: "Modality 'goal_image_primary' not found in the index for episode 5. Please ensure the dataset was enhanced correctly."
[2025-11-04 20:06:01,567][utils.vip_c_dataset][ERROR] - Error loading data for sample index 1390 (ep: 5, t: 72). Error: "Modality 'goal_image_primary' not found in the index for episode 5. Please ensure the dataset was enhanced correctly."
[2025-11-04 20:06:01,568][utils.vip_c_dataset][ERROR] - Error loading data for sample index 1391 (ep: 5, t: 73). Error: "Modality 'goal_image_primary' not found in the index for episode 5. Please ensure the dataset was enhanced correctly."
[2025-11-04 20:06:01,568][utils.vip_c_dataset][ERROR] - Error loading data for sample index 1392 (ep: 5, t: 74). Error: "Modality 'goal_image_primary' not found in the index for episode 5. Please ensure the dataset was enhanced correctly."
[2025-11-04 20:06:01,569][utils.vip_c_dataset][ERROR] - Error loading data for sample index 1393 (ep: 5, t: 75). Error: "Modality 'goal_image_primary' not found in the index for episode 5. Please ensure the dataset was enhanced correctly."
[2025-11-04 20:06:01,569][utils.vip_c_dataset][ERROR] - Error loading data for sample index 1394 (ep: 5, t: 76). Error: "Modality 'goal_image_primary' not found in the index for episode 5. Please ensure the dataset was enhanced correctly."
[2025-11-04 20:06:01,570][utils.vip_c_dataset][ERROR] - Error loading data for sample index 1395 (ep: 5, t: 77). Error: "Modality 'goal_image_primary' not found in the index for episode 5. Please ensure the dataset was enhanced correctly."
[2025-11-04 20:06:01,570][utils.vip_c_dataset][ERROR] - Error loading data for sample index 1396 (ep: 5, t: 78). Error: "Modality 'goal_image_primary' not found in the index for episode 5. Please ensure the dataset was enhanced correctly."
[2025-11-04 20:06:01,571][utils.vip_c_dataset][ERROR] - Error loading data for sample index 1397 (ep: 5, t: 79). Error: "Modality 'goal_image_primary' not found in the index for episode 5. Please ensure the dataset was enhanced correctly."
[2025-11-04 20:06:01,571][utils.vip_c_dataset][ERROR] - Error loading data for sample index 1398 (ep: 5, t: 80). Error: "Modality 'goal_image_primary' not found in the index for episode 5. Please ensure the dataset was enhanced correctly."
[2025-11-04 20:06:01,572][utils.vip_c_dataset][ERROR] - Error loading data for sample index 1399 (ep: 5, t: 81). Error: "Modality 'goal_image_primary' not found in the index for episode 5. Please ensure the dataset was enhanced correctly."
[2025-11-04 20:06:01,573][utils.vip_c_dataset][ERROR] - Error loading data for sample index 1400 (ep: 5, t: 82). Error: "Modality 'goal_image_primary' not found in the index for episode 5. Please ensure the dataset was enhanced correctly."
[2025-11-04 20:06:01,573][utils.vip_c_dataset][ERROR] - Error loading data for sample index 1401 (ep: 5, t: 83). Error: "Modality 'goal_image_primary' not found in the index for episode 5. Please ensure the dataset was enhanced correctly."
[2025-11-04 20:06:01,574][utils.vip_c_dataset][ERROR] - Error loading data for sample index 1402 (ep: 5, t: 84). Error: "Modality 'goal_image_primary' not found in the index for episode 5. Please ensure the dataset was enhanced correctly."
[2025-11-04 20:06:01,575][utils.vip_c_dataset][ERROR] - Error loading data for sample index 1403 (ep: 5, t: 85). Error: "Modality 'goal_image_primary' not found in the index for episode 5. Please ensure the dataset was enhanced correctly."
[2025-11-04 20:06:01,575][utils.vip_c_dataset][ERROR] - Error loading data for sample index 1404 (ep: 5, t: 86). Error: "Modality 'goal_image_primary' not found in the index for episode 5. Please ensure the dataset was enhanced correctly."
[2025-11-04 20:06:01,576][utils.vip_c_dataset][ERROR] - Error loading data for sample index 1405 (ep: 5, t: 87). Error: "Modality 'goal_image_primary' not found in the index for episode 5. Please ensure the dataset was enhanced correctly."
[2025-11-04 20:06:01,576][utils.vip_c_dataset][ERROR] - Error loading data for sample index 1406 (ep: 5, t: 88). Error: "Modality 'goal_image_primary' not found in the index for episode 5. Please ensure the dataset was enhanced correctly."
[2025-11-04 20:06:01,577][utils.vip_c_dataset][ERROR] - Error loading data for sample index 1407 (ep: 5, t: 89). Error: "Modality 'goal_image_primary' not found in the index for episode 5. Please ensure the dataset was enhanced correctly."
[2025-11-04 20:06:01,577][utils.vip_c_dataset][WARNING] - An entire batch of data loading failed. Skipping batch.
[2025-11-04 20:06:01,578][utils.vip_c_dataset][ERROR] - Error loading data for sample index 1408 (ep: 5, t: 90). Error: "Modality 'goal_image_primary' not found in the index for episode 5. Please ensure the dataset was enhanced correctly."
[2025-11-04 20:06:01,579][utils.vip_c_dataset][ERROR] - Error loading data for sample index 1409 (ep: 5, t: 91). Error: "Modality 'goal_image_primary' not found in the index for episode 5. Please ensure the dataset was enhanced correctly."
[2025-11-04 20:06:01,579][utils.vip_c_dataset][ERROR] - Error loading data for sample index 1410 (ep: 5, t: 92). Error: "Modality 'goal_image_primary' not found in the index for episode 5. Please ensure the dataset was enhanced correctly."
[2025-11-04 20:06:01,580][utils.vip_c_dataset][ERROR] - Error loading data for sample index 1411 (ep: 5, t: 93). Error: "Modality 'goal_image_primary' not found in the index for episode 5. Please ensure the dataset was enhanced correctly."
[2025-11-04 20:06:01,581][utils.vip_c_dataset][ERROR] - Error loading data for sample index 1412 (ep: 5, t: 94). Error: "Modality 'goal_image_primary' not found in the index for episode 5. Please ensure the dataset was enhanced correctly."
[2025-11-04 20:06:01,581][utils.vip_c_dataset][ERROR] - Error loading data for sample index 1413 (ep: 5, t: 95). Error: "Modality 'goal_image_primary' not found in the index for episode 5. Please ensure the dataset was enhanced correctly."
[2025-11-04 20:06:01,582][utils.vip_c_dataset][ERROR] - Error loading data for sample index 1414 (ep: 5, t: 96). Error: "Modality 'goal_image_primary' not found in the index for episode 5. Please ensure the dataset was enhanced correctly."
[2025-11-04 20:06:01,582][utils.vip_c_dataset][ERROR] - Error loading data for sample index 1415 (ep: 5, t: 97). Error: "Modality 'goal_image_primary' not found in the index for episode 5. Please ensure the dataset was enhanced correctly."
[2025-11-04 20:06:01,583][utils.vip_c_dataset][ERROR] - Error loading data for sample index 1416 (ep: 5, t: 98). Error: "Modality 'goal_image_primary' not found in the index for episode 5. Please ensure the dataset was enhanced correctly."
[2025-11-04 20:06:01,583][utils.vip_c_dataset][ERROR] - Error loading data for sample index 1417 (ep: 5, t: 99). Error: "Modality 'goal_image_primary' not found in the index for episode 5. Please ensure the dataset was enhanced correctly."
[2025-11-04 20:06:01,584][utils.vip_c_dataset][ERROR] - Error loading data for sample index 1418 (ep: 5, t: 100). Error: "Modality 'goal_image_primary' not found in the index for episode 5. Please ensure the dataset was enhanced correctly."
[2025-11-04 20:06:01,584][utils.vip_c_dataset][ERROR] - Error loading data for sample index 1419 (ep: 5, t: 101). Error: "Modality 'goal_image_primary' not found in the index for episode 5. Please ensure the dataset was enhanced correctly."
[2025-11-04 20:06:01,585][utils.vip_c_dataset][ERROR] - Error loading data for sample index 1420 (ep: 5, t: 102). Error: "Modality 'goal_image_primary' not found in the index for episode 5. Please ensure the dataset was enhanced correctly."
[2025-11-04 20:06:01,585][utils.vip_c_dataset][ERROR] - Error loading data for sample index 1421 (ep: 5, t: 103). Error: "Modality 'goal_image_primary' not found in the index for episode 5. Please ensure the dataset was enhanced correctly."
[2025-11-04 20:06:01,586][utils.vip_c_dataset][ERROR] - Error loading data for sample index 1422 (ep: 5, t: 104). Error: "Modality 'goal_image_primary' not found in the index for episode 5. Please ensure the dataset was enhanced correctly."
[2025-11-04 20:06:01,586][utils.vip_c_dataset][ERROR] - Error loading data for sample index 1423 (ep: 5, t: 105). Error: "Modality 'goal_image_primary' not found in the index for episode 5. Please ensure the dataset was enhanced correctly."
[2025-11-04 20:06:01,587][utils.vip_c_dataset][ERROR] - Error loading data for sample index 1424 (ep: 5, t: 106). Error: "Modality 'goal_image_primary' not found in the index for episode 5. Please ensure the dataset was enhanced correctly."
[2025-11-04 20:06:01,587][utils.vip_c_dataset][ERROR] - Error loading data for sample index 1425 (ep: 5, t: 107). Error: "Modality 'goal_image_primary' not found in the index for episode 5. Please ensure the dataset was enhanced correctly."
[2025-11-04 20:06:01,588][utils.vip_c_dataset][ERROR] - Error loading data for sample index 1426 (ep: 5, t: 108). Error: "Modality 'goal_image_primary' not found in the index for episode 5. Please ensure the dataset was enhanced correctly."
[2025-11-04 20:06:01,589][utils.vip_c_dataset][ERROR] - Error loading data for sample index 1427 (ep: 5, t: 109). Error: "Modality 'goal_image_primary' not found in the index for episode 5. Please ensure the dataset was enhanced correctly."
[2025-11-04 20:06:01,589][utils.vip_c_dataset][ERROR] - Error loading data for sample index 1428 (ep: 5, t: 110). Error: "Modality 'goal_image_primary' not found in the index for episode 5. Please ensure the dataset was enhanced correctly."
[2025-11-04 20:06:01,590][utils.vip_c_dataset][ERROR] - Error loading data for sample index 1429 (ep: 5, t: 111). Error: "Modality 'goal_image_primary' not found in the index for episode 5. Please ensure the dataset was enhanced correctly."
[2025-11-04 20:06:01,590][utils.vip_c_dataset][ERROR] - Error loading data for sample index 1430 (ep: 5, t: 112). Error: "Modality 'goal_image_primary' not found in the index for episode 5. Please ensure the dataset was enhanced correctly."
[2025-11-04 20:06:01,591][utils.vip_c_dataset][ERROR] - Error loading data for sample index 1431 (ep: 5, t: 113). Error: "Modality 'goal_image_primary' not found in the index for episode 5. Please ensure the dataset was enhanced correctly."
[2025-11-04 20:06:01,591][utils.vip_c_dataset][ERROR] - Error loading data for sample index 1432 (ep: 5, t: 114). Error: "Modality 'goal_image_primary' not found in the index for episode 5. Please ensure the dataset was enhanced correctly."
[2025-11-04 20:06:01,592][utils.vip_c_dataset][ERROR] - Error loading data for sample index 1433 (ep: 5, t: 115). Error: "Modality 'goal_image_primary' not found in the index for episode 5. Please ensure the dataset was enhanced correctly."
[2025-11-04 20:06:01,592][utils.vip_c_dataset][ERROR] - Error loading data for sample index 1434 (ep: 5, t: 116). Error: "Modality 'goal_image_primary' not found in the index for episode 5. Please ensure the dataset was enhanced correctly."
[2025-11-04 20:06:01,593][utils.vip_c_dataset][ERROR] - Error loading data for sample index 1435 (ep: 5, t: 117). Error: "Modality 'goal_image_primary' not found in the index for episode 5. Please ensure the dataset was enhanced correctly."
[2025-11-04 20:06:01,593][utils.vip_c_dataset][ERROR] - Error loading data for sample index 1436 (ep: 5, t: 118). Error: "Modality 'goal_image_primary' not found in the index for episode 5. Please ensure the dataset was enhanced correctly."
[2025-11-04 20:06:01,594][utils.vip_c_dataset][ERROR] - Error loading data for sample index 1437 (ep: 5, t: 119). Error: "Modality 'goal_image_primary' not found in the index for episode 5. Please ensure the dataset was enhanced correctly."
[2025-11-04 20:06:01,594][utils.vip_c_dataset][ERROR] - Error loading data for sample index 1438 (ep: 5, t: 120). Error: "Modality 'goal_image_primary' not found in the index for episode 5. Please ensure the dataset was enhanced correctly."
[2025-11-04 20:06:01,595][utils.vip_c_dataset][ERROR] - Error loading data for sample index 1439 (ep: 5, t: 121). Error: "Modality 'goal_image_primary' not found in the index for episode 5. Please ensure the dataset was enhanced correctly."
[2025-11-04 20:06:01,595][utils.vip_c_dataset][WARNING] - An entire batch of data loading failed. Skipping batch.
[2025-11-04 20:06:01,596][utils.vip_c_dataset][ERROR] - Error loading data for sample index 1440 (ep: 5, t: 122). Error: "Modality 'goal_image_primary' not found in the index for episode 5. Please ensure the dataset was enhanced correctly."
[2025-11-04 20:06:01,596][utils.vip_c_dataset][ERROR] - Error loading data for sample index 1441 (ep: 5, t: 123). Error: "Modality 'goal_image_primary' not found in the index for episode 5. Please ensure the dataset was enhanced correctly."
[2025-11-04 20:06:01,597][utils.vip_c_dataset][ERROR] - Error loading data for sample index 1442 (ep: 5, t: 124). Error: "Modality 'goal_image_primary' not found in the index for episode 5. Please ensure the dataset was enhanced correctly."
[2025-11-04 20:06:01,597][utils.vip_c_dataset][ERROR] - Error loading data for sample index 1443 (ep: 5, t: 125). Error: "Modality 'goal_image_primary' not found in the index for episode 5. Please ensure the dataset was enhanced correctly."
[2025-11-04 20:06:01,598][utils.vip_c_dataset][ERROR] - Error loading data for sample index 1444 (ep: 5, t: 126). Error: "Modality 'goal_image_primary' not found in the index for episode 5. Please ensure the dataset was enhanced correctly."
[2025-11-04 20:06:01,598][utils.vip_c_dataset][ERROR] - Error loading data for sample index 1445 (ep: 5, t: 127). Error: "Modality 'goal_image_primary' not found in the index for episode 5. Please ensure the dataset was enhanced correctly."
[2025-11-04 20:06:01,599][utils.vip_c_dataset][ERROR] - Error loading data for sample index 1446 (ep: 5, t: 128). Error: "Modality 'goal_image_primary' not found in the index for episode 5. Please ensure the dataset was enhanced correctly."
[2025-11-04 20:06:01,600][utils.vip_c_dataset][ERROR] - Error loading data for sample index 1447 (ep: 5, t: 129). Error: "Modality 'goal_image_primary' not found in the index for episode 5. Please ensure the dataset was enhanced correctly."
[2025-11-04 20:06:01,600][utils.vip_c_dataset][ERROR] - Error loading data for sample index 1448 (ep: 5, t: 130). Error: "Modality 'goal_image_primary' not found in the index for episode 5. Please ensure the dataset was enhanced correctly."
[2025-11-04 20:06:01,601][utils.vip_c_dataset][ERROR] - Error loading data for sample index 1449 (ep: 5, t: 131). Error: "Modality 'goal_image_primary' not found in the index for episode 5. Please ensure the dataset was enhanced correctly."
[2025-11-04 20:06:01,601][utils.vip_c_dataset][ERROR] - Error loading data for sample index 1450 (ep: 5, t: 132). Error: "Modality 'goal_image_primary' not found in the index for episode 5. Please ensure the dataset was enhanced correctly."
[2025-11-04 20:06:01,602][utils.vip_c_dataset][ERROR] - Error loading data for sample index 1451 (ep: 5, t: 133). Error: "Modality 'goal_image_primary' not found in the index for episode 5. Please ensure the dataset was enhanced correctly."
[2025-11-04 20:06:01,602][utils.vip_c_dataset][ERROR] - Error loading data for sample index 1452 (ep: 5, t: 134). Error: "Modality 'goal_image_primary' not found in the index for episode 5. Please ensure the dataset was enhanced correctly."
[2025-11-04 20:06:01,603][utils.vip_c_dataset][ERROR] - Error loading data for sample index 1453 (ep: 5, t: 135). Error: "Modality 'goal_image_primary' not found in the index for episode 5. Please ensure the dataset was enhanced correctly."
[2025-11-04 20:06:01,603][utils.vip_c_dataset][ERROR] - Error loading data for sample index 1454 (ep: 5, t: 136). Error: "Modality 'goal_image_primary' not found in the index for episode 5. Please ensure the dataset was enhanced correctly."
[2025-11-04 20:06:01,604][utils.vip_c_dataset][ERROR] - Error loading data for sample index 1455 (ep: 5, t: 137). Error: "Modality 'goal_image_primary' not found in the index for episode 5. Please ensure the dataset was enhanced correctly."
[2025-11-04 20:06:01,604][utils.vip_c_dataset][ERROR] - Error loading data for sample index 1456 (ep: 5, t: 138). Error: "Modality 'goal_image_primary' not found in the index for episode 5. Please ensure the dataset was enhanced correctly."
[2025-11-04 20:06:01,605][utils.vip_c_dataset][ERROR] - Error loading data for sample index 1457 (ep: 5, t: 139). Error: "Modality 'goal_image_primary' not found in the index for episode 5. Please ensure the dataset was enhanced correctly."
[2025-11-04 20:06:01,606][utils.vip_c_dataset][ERROR] - Error loading data for sample index 1458 (ep: 5, t: 140). Error: "Modality 'goal_image_primary' not found in the index for episode 5. Please ensure the dataset was enhanced correctly."
[2025-11-04 20:06:01,606][utils.vip_c_dataset][ERROR] - Error loading data for sample index 1459 (ep: 5, t: 141). Error: "Modality 'goal_image_primary' not found in the index for episode 5. Please ensure the dataset was enhanced correctly."
[2025-11-04 20:06:01,607][utils.vip_c_dataset][ERROR] - Error loading data for sample index 1460 (ep: 5, t: 142). Error: "Modality 'goal_image_primary' not found in the index for episode 5. Please ensure the dataset was enhanced correctly."
[2025-11-04 20:06:01,607][utils.vip_c_dataset][ERROR] - Error loading data for sample index 1461 (ep: 5, t: 143). Error: "Modality 'goal_image_primary' not found in the index for episode 5. Please ensure the dataset was enhanced correctly."
[2025-11-04 20:06:01,608][utils.vip_c_dataset][ERROR] - Error loading data for sample index 1462 (ep: 5, t: 144). Error: "Modality 'goal_image_primary' not found in the index for episode 5. Please ensure the dataset was enhanced correctly."
[2025-11-04 20:06:01,608][utils.vip_c_dataset][ERROR] - Error loading data for sample index 1463 (ep: 5, t: 145). Error: "Modality 'goal_image_primary' not found in the index for episode 5. Please ensure the dataset was enhanced correctly."
[2025-11-04 20:06:01,609][utils.vip_c_dataset][ERROR] - Error loading data for sample index 1464 (ep: 5, t: 146). Error: "Modality 'goal_image_primary' not found in the index for episode 5. Please ensure the dataset was enhanced correctly."
[2025-11-04 20:06:01,610][utils.vip_c_dataset][ERROR] - Error loading data for sample index 1465 (ep: 5, t: 147). Error: "Modality 'goal_image_primary' not found in the index for episode 5. Please ensure the dataset was enhanced correctly."
[2025-11-04 20:06:01,610][utils.vip_c_dataset][ERROR] - Error loading data for sample index 1466 (ep: 5, t: 148). Error: "Modality 'goal_image_primary' not found in the index for episode 5. Please ensure the dataset was enhanced correctly."
[2025-11-04 20:06:01,611][utils.vip_c_dataset][ERROR] - Error loading data for sample index 1467 (ep: 5, t: 149). Error: "Modality 'goal_image_primary' not found in the index for episode 5. Please ensure the dataset was enhanced correctly."
[2025-11-04 20:06:01,611][utils.vip_c_dataset][ERROR] - Error loading data for sample index 1468 (ep: 5, t: 150). Error: "Modality 'goal_image_primary' not found in the index for episode 5. Please ensure the dataset was enhanced correctly."
[2025-11-04 20:06:01,612][utils.vip_c_dataset][ERROR] - Error loading data for sample index 1469 (ep: 5, t: 151). Error: "Modality 'goal_image_primary' not found in the index for episode 5. Please ensure the dataset was enhanced correctly."
[2025-11-04 20:06:01,612][utils.vip_c_dataset][ERROR] - Error loading data for sample index 1470 (ep: 5, t: 152). Error: "Modality 'goal_image_primary' not found in the index for episode 5. Please ensure the dataset was enhanced correctly."
[2025-11-04 20:06:01,613][utils.vip_c_dataset][ERROR] - Error loading data for sample index 1471 (ep: 5, t: 153). Error: "Modality 'goal_image_primary' not found in the index for episode 5. Please ensure the dataset was enhanced correctly."
[2025-11-04 20:06:01,613][utils.vip_c_dataset][WARNING] - An entire batch of data loading failed. Skipping batch.
[2025-11-04 20:06:01,614][utils.vip_c_dataset][ERROR] - Error loading data for sample index 1472 (ep: 5, t: 154). Error: "Modality 'goal_image_primary' not found in the index for episode 5. Please ensure the dataset was enhanced correctly."
[2025-11-04 20:06:01,614][utils.vip_c_dataset][ERROR] - Error loading data for sample index 1473 (ep: 5, t: 155). Error: "Modality 'goal_image_primary' not found in the index for episode 5. Please ensure the dataset was enhanced correctly."
[2025-11-04 20:06:01,615][utils.vip_c_dataset][ERROR] - Error loading data for sample index 1474 (ep: 5, t: 156). Error: "Modality 'goal_image_primary' not found in the index for episode 5. Please ensure the dataset was enhanced correctly."
[2025-11-04 20:06:01,615][utils.vip_c_dataset][ERROR] - Error loading data for sample index 1475 (ep: 5, t: 157). Error: "Modality 'goal_image_primary' not found in the index for episode 5. Please ensure the dataset was enhanced correctly."
[2025-11-04 20:06:01,616][utils.vip_c_dataset][ERROR] - Error loading data for sample index 1476 (ep: 5, t: 158). Error: "Modality 'goal_image_primary' not found in the index for episode 5. Please ensure the dataset was enhanced correctly."
[2025-11-04 20:06:01,616][utils.vip_c_dataset][ERROR] - Error loading data for sample index 1477 (ep: 5, t: 159). Error: "Modality 'goal_image_primary' not found in the index for episode 5. Please ensure the dataset was enhanced correctly."
[2025-11-04 20:06:01,617][utils.vip_c_dataset][ERROR] - Error loading data for sample index 1478 (ep: 5, t: 160). Error: "Modality 'goal_image_primary' not found in the index for episode 5. Please ensure the dataset was enhanced correctly."
[2025-11-04 20:06:01,618][utils.vip_c_dataset][ERROR] - Error loading data for sample index 1479 (ep: 5, t: 161). Error: "Modality 'goal_image_primary' not found in the index for episode 5. Please ensure the dataset was enhanced correctly."
[2025-11-04 20:06:01,618][utils.vip_c_dataset][ERROR] - Error loading data for sample index 1480 (ep: 5, t: 162). Error: "Modality 'goal_image_primary' not found in the index for episode 5. Please ensure the dataset was enhanced correctly."
[2025-11-04 20:06:01,618][utils.vip_c_dataset][ERROR] - Error loading data for sample index 1481 (ep: 5, t: 163). Error: "Modality 'goal_image_primary' not found in the index for episode 5. Please ensure the dataset was enhanced correctly."
[2025-11-04 20:06:01,619][utils.vip_c_dataset][ERROR] - Error loading data for sample index 1482 (ep: 5, t: 164). Error: "Modality 'goal_image_primary' not found in the index for episode 5. Please ensure the dataset was enhanced correctly."
[2025-11-04 20:06:01,619][utils.vip_c_dataset][ERROR] - Error loading data for sample index 1483 (ep: 5, t: 165). Error: "Modality 'goal_image_primary' not found in the index for episode 5. Please ensure the dataset was enhanced correctly."
[2025-11-04 20:06:01,620][utils.vip_c_dataset][ERROR] - Error loading data for sample index 1484 (ep: 5, t: 166). Error: "Modality 'goal_image_primary' not found in the index for episode 5. Please ensure the dataset was enhanced correctly."
[2025-11-04 20:06:01,621][utils.vip_c_dataset][ERROR] - Error loading data for sample index 1485 (ep: 5, t: 167). Error: "Modality 'goal_image_primary' not found in the index for episode 5. Please ensure the dataset was enhanced correctly."
[2025-11-04 20:06:01,621][utils.vip_c_dataset][ERROR] - Error loading data for sample index 1486 (ep: 5, t: 168). Error: "Modality 'goal_image_primary' not found in the index for episode 5. Please ensure the dataset was enhanced correctly."
[2025-11-04 20:06:01,622][utils.vip_c_dataset][ERROR] - Error loading data for sample index 1487 (ep: 5, t: 169). Error: "Modality 'goal_image_primary' not found in the index for episode 5. Please ensure the dataset was enhanced correctly."
[2025-11-04 20:06:01,622][utils.vip_c_dataset][ERROR] - Error loading data for sample index 1488 (ep: 5, t: 170). Error: "Modality 'goal_image_primary' not found in the index for episode 5. Please ensure the dataset was enhanced correctly."
[2025-11-04 20:06:01,623][utils.vip_c_dataset][ERROR] - Error loading data for sample index 1489 (ep: 5, t: 171). Error: "Modality 'goal_image_primary' not found in the index for episode 5. Please ensure the dataset was enhanced correctly."
[2025-11-04 20:06:01,623][utils.vip_c_dataset][ERROR] - Error loading data for sample index 1490 (ep: 5, t: 172). Error: "Modality 'goal_image_primary' not found in the index for episode 5. Please ensure the dataset was enhanced correctly."
[2025-11-04 20:06:01,624][utils.vip_c_dataset][ERROR] - Error loading data for sample index 1491 (ep: 5, t: 173). Error: "Modality 'goal_image_primary' not found in the index for episode 5. Please ensure the dataset was enhanced correctly."
[2025-11-04 20:06:01,625][utils.vip_c_dataset][ERROR] - Error loading data for sample index 1492 (ep: 5, t: 174). Error: "Modality 'goal_image_primary' not found in the index for episode 5. Please ensure the dataset was enhanced correctly."
[2025-11-04 20:06:01,625][utils.vip_c_dataset][ERROR] - Error loading data for sample index 1493 (ep: 5, t: 175). Error: "Modality 'goal_image_primary' not found in the index for episode 5. Please ensure the dataset was enhanced correctly."
[2025-11-04 20:06:01,626][utils.vip_c_dataset][ERROR] - Error loading data for sample index 1494 (ep: 5, t: 176). Error: "Modality 'goal_image_primary' not found in the index for episode 5. Please ensure the dataset was enhanced correctly."
[2025-11-04 20:06:01,626][utils.vip_c_dataset][ERROR] - Error loading data for sample index 1495 (ep: 5, t: 177). Error: "Modality 'goal_image_primary' not found in the index for episode 5. Please ensure the dataset was enhanced correctly."
[2025-11-04 20:06:01,627][utils.vip_c_dataset][ERROR] - Error loading data for sample index 1496 (ep: 5, t: 178). Error: "Modality 'goal_image_primary' not found in the index for episode 5. Please ensure the dataset was enhanced correctly."
[2025-11-04 20:06:01,627][utils.vip_c_dataset][ERROR] - Error loading data for sample index 1497 (ep: 5, t: 179). Error: "Modality 'goal_image_primary' not found in the index for episode 5. Please ensure the dataset was enhanced correctly."
[2025-11-04 20:06:01,628][utils.vip_c_dataset][ERROR] - Error loading data for sample index 1498 (ep: 5, t: 180). Error: "Modality 'goal_image_primary' not found in the index for episode 5. Please ensure the dataset was enhanced correctly."
[2025-11-04 20:06:01,628][utils.vip_c_dataset][ERROR] - Error loading data for sample index 1499 (ep: 5, t: 181). Error: "Modality 'goal_image_primary' not found in the index for episode 5. Please ensure the dataset was enhanced correctly."
[2025-11-04 20:06:01,629][utils.vip_c_dataset][ERROR] - Error loading data for sample index 1500 (ep: 5, t: 182). Error: "Modality 'goal_image_primary' not found in the index for episode 5. Please ensure the dataset was enhanced correctly."
[2025-11-04 20:06:01,629][utils.vip_c_dataset][ERROR] - Error loading data for sample index 1501 (ep: 5, t: 183). Error: "Modality 'goal_image_primary' not found in the index for episode 5. Please ensure the dataset was enhanced correctly."
[2025-11-04 20:06:01,630][utils.vip_c_dataset][ERROR] - Error loading data for sample index 1502 (ep: 5, t: 184). Error: "Modality 'goal_image_primary' not found in the index for episode 5. Please ensure the dataset was enhanced correctly."
[2025-11-04 20:06:01,630][utils.vip_c_dataset][ERROR] - Error loading data for sample index 1503 (ep: 5, t: 185). Error: "Modality 'goal_image_primary' not found in the index for episode 5. Please ensure the dataset was enhanced correctly."
[2025-11-04 20:06:01,631][utils.vip_c_dataset][WARNING] - An entire batch of data loading failed. Skipping batch.
[2025-11-04 20:06:01,631][utils.vip_c_dataset][ERROR] - Error loading data for sample index 1504 (ep: 5, t: 186). Error: "Modality 'goal_image_primary' not found in the index for episode 5. Please ensure the dataset was enhanced correctly."
[2025-11-04 20:06:01,632][utils.vip_c_dataset][ERROR] - Error loading data for sample index 1505 (ep: 5, t: 187). Error: "Modality 'goal_image_primary' not found in the index for episode 5. Please ensure the dataset was enhanced correctly."
[2025-11-04 20:06:01,632][utils.vip_c_dataset][ERROR] - Error loading data for sample index 1506 (ep: 5, t: 188). Error: "Modality 'goal_image_primary' not found in the index for episode 5. Please ensure the dataset was enhanced correctly."
[2025-11-04 20:06:01,633][utils.vip_c_dataset][ERROR] - Error loading data for sample index 1507 (ep: 5, t: 189). Error: "Modality 'goal_image_primary' not found in the index for episode 5. Please ensure the dataset was enhanced correctly."
[2025-11-04 20:06:01,633][utils.vip_c_dataset][ERROR] - Error loading data for sample index 1508 (ep: 5, t: 190). Error: "Modality 'goal_image_primary' not found in the index for episode 5. Please ensure the dataset was enhanced correctly."
[2025-11-04 20:06:01,634][utils.vip_c_dataset][ERROR] - Error loading data for sample index 1509 (ep: 5, t: 191). Error: "Modality 'goal_image_primary' not found in the index for episode 5. Please ensure the dataset was enhanced correctly."
[2025-11-04 20:06:01,634][utils.vip_c_dataset][ERROR] - Error loading data for sample index 1510 (ep: 5, t: 192). Error: "Modality 'goal_image_primary' not found in the index for episode 5. Please ensure the dataset was enhanced correctly."
[2025-11-04 20:06:01,635][utils.vip_c_dataset][ERROR] - Error loading data for sample index 1511 (ep: 5, t: 193). Error: "Modality 'goal_image_primary' not found in the index for episode 5. Please ensure the dataset was enhanced correctly."
[2025-11-04 20:06:01,635][utils.vip_c_dataset][ERROR] - Error loading data for sample index 1512 (ep: 5, t: 194). Error: "Modality 'goal_image_primary' not found in the index for episode 5. Please ensure the dataset was enhanced correctly."
[2025-11-04 20:06:01,636][utils.vip_c_dataset][ERROR] - Error loading data for sample index 1513 (ep: 5, t: 195). Error: "Modality 'goal_image_primary' not found in the index for episode 5. Please ensure the dataset was enhanced correctly."
[2025-11-04 20:06:01,636][utils.vip_c_dataset][ERROR] - Error loading data for sample index 1514 (ep: 5, t: 196). Error: "Modality 'goal_image_primary' not found in the index for episode 5. Please ensure the dataset was enhanced correctly."
[2025-11-04 20:06:01,637][utils.vip_c_dataset][ERROR] - Error loading data for sample index 1515 (ep: 5, t: 197). Error: "Modality 'goal_image_primary' not found in the index for episode 5. Please ensure the dataset was enhanced correctly."
[2025-11-04 20:06:01,637][utils.vip_c_dataset][ERROR] - Error loading data for sample index 1516 (ep: 5, t: 198). Error: "Modality 'goal_image_primary' not found in the index for episode 5. Please ensure the dataset was enhanced correctly."
[2025-11-04 20:06:01,638][utils.vip_c_dataset][ERROR] - Error loading data for sample index 1517 (ep: 5, t: 199). Error: "Modality 'goal_image_primary' not found in the index for episode 5. Please ensure the dataset was enhanced correctly."
[2025-11-04 20:06:01,639][utils.vip_c_dataset][ERROR] - Error loading data for sample index 1518 (ep: 5, t: 200). Error: "Modality 'goal_image_primary' not found in the index for episode 5. Please ensure the dataset was enhanced correctly."
[2025-11-04 20:06:01,640][utils.vip_c_dataset][ERROR] - Error loading data for sample index 1519 (ep: 5, t: 201). Error: "Modality 'goal_image_primary' not found in the index for episode 5. Please ensure the dataset was enhanced correctly."
[2025-11-04 20:06:01,641][utils.vip_c_dataset][ERROR] - Error loading data for sample index 1520 (ep: 5, t: 202). Error: "Modality 'goal_image_primary' not found in the index for episode 5. Please ensure the dataset was enhanced correctly."
[2025-11-04 20:06:01,641][utils.vip_c_dataset][ERROR] - Error loading data for sample index 1521 (ep: 5, t: 203). Error: "Modality 'goal_image_primary' not found in the index for episode 5. Please ensure the dataset was enhanced correctly."
[2025-11-04 20:06:01,642][utils.vip_c_dataset][ERROR] - Error loading data for sample index 1522 (ep: 5, t: 204). Error: "Modality 'goal_image_primary' not found in the index for episode 5. Please ensure the dataset was enhanced correctly."
[2025-11-04 20:06:01,642][utils.vip_c_dataset][ERROR] - Error loading data for sample index 1523 (ep: 5, t: 205). Error: "Modality 'goal_image_primary' not found in the index for episode 5. Please ensure the dataset was enhanced correctly."
[2025-11-04 20:06:01,643][utils.vip_c_dataset][ERROR] - Error loading data for sample index 1524 (ep: 5, t: 206). Error: "Modality 'goal_image_primary' not found in the index for episode 5. Please ensure the dataset was enhanced correctly."
[2025-11-04 20:06:01,643][utils.vip_c_dataset][ERROR] - Error loading data for sample index 1525 (ep: 5, t: 207). Error: "Modality 'goal_image_primary' not found in the index for episode 5. Please ensure the dataset was enhanced correctly."
[2025-11-04 20:06:01,644][utils.vip_c_dataset][ERROR] - Error loading data for sample index 1526 (ep: 5, t: 208). Error: "Modality 'goal_image_primary' not found in the index for episode 5. Please ensure the dataset was enhanced correctly."
[2025-11-04 20:06:01,645][utils.vip_c_dataset][ERROR] - Error loading data for sample index 1527 (ep: 5, t: 209). Error: "Modality 'goal_image_primary' not found in the index for episode 5. Please ensure the dataset was enhanced correctly."
[2025-11-04 20:06:01,645][utils.vip_c_dataset][ERROR] - Error loading data for sample index 1528 (ep: 5, t: 210). Error: "Modality 'goal_image_primary' not found in the index for episode 5. Please ensure the dataset was enhanced correctly."
[2025-11-04 20:06:01,645][utils.vip_c_dataset][ERROR] - Error loading data for sample index 1529 (ep: 5, t: 211). Error: "Modality 'goal_image_primary' not found in the index for episode 5. Please ensure the dataset was enhanced correctly."
[2025-11-04 20:06:01,646][utils.vip_c_dataset][ERROR] - Error loading data for sample index 1530 (ep: 5, t: 212). Error: "Modality 'goal_image_primary' not found in the index for episode 5. Please ensure the dataset was enhanced correctly."
[2025-11-04 20:06:01,646][utils.vip_c_dataset][ERROR] - Error loading data for sample index 1531 (ep: 5, t: 213). Error: "Modality 'goal_image_primary' not found in the index for episode 5. Please ensure the dataset was enhanced correctly."
[2025-11-04 20:06:01,647][utils.vip_c_dataset][ERROR] - Error loading data for sample index 1532 (ep: 5, t: 214). Error: "Modality 'goal_image_primary' not found in the index for episode 5. Please ensure the dataset was enhanced correctly."
[2025-11-04 20:06:01,647][utils.vip_c_dataset][ERROR] - Error loading data for sample index 1533 (ep: 5, t: 215). Error: "Modality 'goal_image_primary' not found in the index for episode 5. Please ensure the dataset was enhanced correctly."
[2025-11-04 20:06:01,648][utils.vip_c_dataset][ERROR] - Error loading data for sample index 1534 (ep: 5, t: 216). Error: "Modality 'goal_image_primary' not found in the index for episode 5. Please ensure the dataset was enhanced correctly."
[2025-11-04 20:06:01,648][utils.vip_c_dataset][ERROR] - Error loading data for sample index 1535 (ep: 5, t: 217). Error: "Modality 'goal_image_primary' not found in the index for episode 5. Please ensure the dataset was enhanced correctly."
[2025-11-04 20:06:01,649][utils.vip_c_dataset][WARNING] - An entire batch of data loading failed. Skipping batch.
[2025-11-04 20:06:01,649][utils.vip_c_dataset][ERROR] - Error loading data for sample index 1536 (ep: 5, t: 218). Error: "Modality 'goal_image_primary' not found in the index for episode 5. Please ensure the dataset was enhanced correctly."
[2025-11-04 20:06:01,650][utils.vip_c_dataset][ERROR] - Error loading data for sample index 1537 (ep: 5, t: 219). Error: "Modality 'goal_image_primary' not found in the index for episode 5. Please ensure the dataset was enhanced correctly."
[2025-11-04 20:06:01,650][utils.vip_c_dataset][ERROR] - Error loading data for sample index 1538 (ep: 5, t: 220). Error: "Modality 'goal_image_primary' not found in the index for episode 5. Please ensure the dataset was enhanced correctly."
[2025-11-04 20:06:01,651][utils.vip_c_dataset][ERROR] - Error loading data for sample index 1539 (ep: 5, t: 221). Error: "Modality 'goal_image_primary' not found in the index for episode 5. Please ensure the dataset was enhanced correctly."
[2025-11-04 20:06:01,651][utils.vip_c_dataset][ERROR] - Error loading data for sample index 1540 (ep: 5, t: 222). Error: "Modality 'goal_image_primary' not found in the index for episode 5. Please ensure the dataset was enhanced correctly."
[2025-11-04 20:06:01,652][utils.vip_c_dataset][ERROR] - Error loading data for sample index 1541 (ep: 5, t: 223). Error: "Modality 'goal_image_primary' not found in the index for episode 5. Please ensure the dataset was enhanced correctly."
[2025-11-04 20:06:01,652][utils.vip_c_dataset][ERROR] - Error loading data for sample index 1542 (ep: 5, t: 224). Error: "Modality 'goal_image_primary' not found in the index for episode 5. Please ensure the dataset was enhanced correctly."
[2025-11-04 20:06:01,653][utils.vip_c_dataset][ERROR] - Error loading data for sample index 1543 (ep: 5, t: 225). Error: "Modality 'goal_image_primary' not found in the index for episode 5. Please ensure the dataset was enhanced correctly."
[2025-11-04 20:06:01,653][utils.vip_c_dataset][ERROR] - Error loading data for sample index 1544 (ep: 5, t: 226). Error: "Modality 'goal_image_primary' not found in the index for episode 5. Please ensure the dataset was enhanced correctly."
[2025-11-04 20:06:01,654][utils.vip_c_dataset][ERROR] - Error loading data for sample index 1545 (ep: 5, t: 227). Error: "Modality 'goal_image_primary' not found in the index for episode 5. Please ensure the dataset was enhanced correctly."
[2025-11-04 20:06:01,654][utils.vip_c_dataset][ERROR] - Error loading data for sample index 1546 (ep: 5, t: 228). Error: "Modality 'goal_image_primary' not found in the index for episode 5. Please ensure the dataset was enhanced correctly."
[2025-11-04 20:06:01,655][utils.vip_c_dataset][ERROR] - Error loading data for sample index 1547 (ep: 5, t: 229). Error: "Modality 'goal_image_primary' not found in the index for episode 5. Please ensure the dataset was enhanced correctly."
[2025-11-04 20:06:01,655][utils.vip_c_dataset][ERROR] - Error loading data for sample index 1548 (ep: 5, t: 230). Error: "Modality 'goal_image_primary' not found in the index for episode 5. Please ensure the dataset was enhanced correctly."
[2025-11-04 20:06:01,656][utils.vip_c_dataset][ERROR] - Error loading data for sample index 1549 (ep: 5, t: 231). Error: "Modality 'goal_image_primary' not found in the index for episode 5. Please ensure the dataset was enhanced correctly."
[2025-11-04 20:06:01,656][utils.vip_c_dataset][ERROR] - Error loading data for sample index 1550 (ep: 5, t: 232). Error: "Modality 'goal_image_primary' not found in the index for episode 5. Please ensure the dataset was enhanced correctly."
[2025-11-04 20:06:01,657][utils.vip_c_dataset][ERROR] - Error loading data for sample index 1551 (ep: 5, t: 233). Error: "Modality 'goal_image_primary' not found in the index for episode 5. Please ensure the dataset was enhanced correctly."
[2025-11-04 20:06:01,658][utils.vip_c_dataset][ERROR] - Error loading data for sample index 1552 (ep: 5, t: 234). Error: "Modality 'goal_image_primary' not found in the index for episode 5. Please ensure the dataset was enhanced correctly."
[2025-11-04 20:06:01,658][utils.vip_c_dataset][ERROR] - Error loading data for sample index 1553 (ep: 5, t: 235). Error: "Modality 'goal_image_primary' not found in the index for episode 5. Please ensure the dataset was enhanced correctly."
[2025-11-04 20:06:01,659][utils.vip_c_dataset][ERROR] - Error loading data for sample index 1554 (ep: 5, t: 236). Error: "Modality 'goal_image_primary' not found in the index for episode 5. Please ensure the dataset was enhanced correctly."
[2025-11-04 20:06:01,659][utils.vip_c_dataset][ERROR] - Error loading data for sample index 1555 (ep: 5, t: 237). Error: "Modality 'goal_image_primary' not found in the index for episode 5. Please ensure the dataset was enhanced correctly."
[2025-11-04 20:06:01,660][utils.vip_c_dataset][ERROR] - Error loading data for sample index 1556 (ep: 5, t: 238). Error: "Modality 'goal_image_primary' not found in the index for episode 5. Please ensure the dataset was enhanced correctly."
[2025-11-04 20:06:01,660][utils.vip_c_dataset][ERROR] - Error loading data for sample index 1557 (ep: 5, t: 239). Error: "Modality 'goal_image_primary' not found in the index for episode 5. Please ensure the dataset was enhanced correctly."
[2025-11-04 20:06:01,661][utils.vip_c_dataset][ERROR] - Error loading data for sample index 1558 (ep: 5, t: 240). Error: "Modality 'goal_image_primary' not found in the index for episode 5. Please ensure the dataset was enhanced correctly."
[2025-11-04 20:06:01,662][utils.vip_c_dataset][ERROR] - Error loading data for sample index 1559 (ep: 5, t: 241). Error: "Modality 'goal_image_primary' not found in the index for episode 5. Please ensure the dataset was enhanced correctly."
[2025-11-04 20:06:01,662][utils.vip_c_dataset][ERROR] - Error loading data for sample index 1560 (ep: 5, t: 242). Error: "Modality 'goal_image_primary' not found in the index for episode 5. Please ensure the dataset was enhanced correctly."
[2025-11-04 20:06:01,663][utils.vip_c_dataset][ERROR] - Error loading data for sample index 1561 (ep: 5, t: 243). Error: "Modality 'goal_image_primary' not found in the index for episode 5. Please ensure the dataset was enhanced correctly."
[2025-11-04 20:06:01,663][utils.vip_c_dataset][ERROR] - Error loading data for sample index 1562 (ep: 5, t: 244). Error: "Modality 'goal_image_primary' not found in the index for episode 5. Please ensure the dataset was enhanced correctly."
[2025-11-04 20:06:01,663][utils.vip_c_dataset][ERROR] - Error loading data for sample index 1563 (ep: 5, t: 245). Error: "Modality 'goal_image_primary' not found in the index for episode 5. Please ensure the dataset was enhanced correctly."
[2025-11-04 20:06:01,830][utils.vip_c_dataset][ERROR] - Error loading data for sample index 1564 (ep: 6, t: 1). Error: "Modality 'goal_image_primary' not found in the index for episode 6. Please ensure the dataset was enhanced correctly."
[2025-11-04 20:06:01,831][utils.vip_c_dataset][ERROR] - Error loading data for sample index 1565 (ep: 6, t: 2). Error: "Modality 'goal_image_primary' not found in the index for episode 6. Please ensure the dataset was enhanced correctly."
[2025-11-04 20:06:01,832][utils.vip_c_dataset][ERROR] - Error loading data for sample index 1566 (ep: 6, t: 3). Error: "Modality 'goal_image_primary' not found in the index for episode 6. Please ensure the dataset was enhanced correctly."
[2025-11-04 20:06:01,833][utils.vip_c_dataset][ERROR] - Error loading data for sample index 1567 (ep: 6, t: 4). Error: "Modality 'goal_image_primary' not found in the index for episode 6. Please ensure the dataset was enhanced correctly."
[2025-11-04 20:06:01,833][utils.vip_c_dataset][WARNING] - An entire batch of data loading failed. Skipping batch.
[2025-11-04 20:06:01,834][utils.vip_c_dataset][ERROR] - Error loading data for sample index 1568 (ep: 6, t: 5). Error: "Modality 'goal_image_primary' not found in the index for episode 6. Please ensure the dataset was enhanced correctly."
[2025-11-04 20:06:01,835][utils.vip_c_dataset][ERROR] - Error loading data for sample index 1569 (ep: 6, t: 6). Error: "Modality 'goal_image_primary' not found in the index for episode 6. Please ensure the dataset was enhanced correctly."
[2025-11-04 20:06:01,836][utils.vip_c_dataset][ERROR] - Error loading data for sample index 1570 (ep: 6, t: 7). Error: "Modality 'goal_image_primary' not found in the index for episode 6. Please ensure the dataset was enhanced correctly."
[2025-11-04 20:06:01,836][utils.vip_c_dataset][ERROR] - Error loading data for sample index 1571 (ep: 6, t: 8). Error: "Modality 'goal_image_primary' not found in the index for episode 6. Please ensure the dataset was enhanced correctly."
[2025-11-04 20:06:01,837][utils.vip_c_dataset][ERROR] - Error loading data for sample index 1572 (ep: 6, t: 9). Error: "Modality 'goal_image_primary' not found in the index for episode 6. Please ensure the dataset was enhanced correctly."
[2025-11-04 20:06:01,837][utils.vip_c_dataset][ERROR] - Error loading data for sample index 1573 (ep: 6, t: 10). Error: "Modality 'goal_image_primary' not found in the index for episode 6. Please ensure the dataset was enhanced correctly."
[2025-11-04 20:06:01,838][utils.vip_c_dataset][ERROR] - Error loading data for sample index 1574 (ep: 6, t: 11). Error: "Modality 'goal_image_primary' not found in the index for episode 6. Please ensure the dataset was enhanced correctly."
[2025-11-04 20:06:01,838][utils.vip_c_dataset][ERROR] - Error loading data for sample index 1575 (ep: 6, t: 12). Error: "Modality 'goal_image_primary' not found in the index for episode 6. Please ensure the dataset was enhanced correctly."
[2025-11-04 20:06:01,839][utils.vip_c_dataset][ERROR] - Error loading data for sample index 1576 (ep: 6, t: 13). Error: "Modality 'goal_image_primary' not found in the index for episode 6. Please ensure the dataset was enhanced correctly."
[2025-11-04 20:06:01,840][utils.vip_c_dataset][ERROR] - Error loading data for sample index 1577 (ep: 6, t: 14). Error: "Modality 'goal_image_primary' not found in the index for episode 6. Please ensure the dataset was enhanced correctly."
[2025-11-04 20:06:01,840][utils.vip_c_dataset][ERROR] - Error loading data for sample index 1578 (ep: 6, t: 15). Error: "Modality 'goal_image_primary' not found in the index for episode 6. Please ensure the dataset was enhanced correctly."
[2025-11-04 20:06:01,841][utils.vip_c_dataset][ERROR] - Error loading data for sample index 1579 (ep: 6, t: 16). Error: "Modality 'goal_image_primary' not found in the index for episode 6. Please ensure the dataset was enhanced correctly."
[2025-11-04 20:06:01,841][utils.vip_c_dataset][ERROR] - Error loading data for sample index 1580 (ep: 6, t: 17). Error: "Modality 'goal_image_primary' not found in the index for episode 6. Please ensure the dataset was enhanced correctly."
[2025-11-04 20:06:01,842][utils.vip_c_dataset][ERROR] - Error loading data for sample index 1581 (ep: 6, t: 18). Error: "Modality 'goal_image_primary' not found in the index for episode 6. Please ensure the dataset was enhanced correctly."
[2025-11-04 20:06:01,842][utils.vip_c_dataset][ERROR] - Error loading data for sample index 1582 (ep: 6, t: 19). Error: "Modality 'goal_image_primary' not found in the index for episode 6. Please ensure the dataset was enhanced correctly."
[2025-11-04 20:06:01,843][utils.vip_c_dataset][ERROR] - Error loading data for sample index 1583 (ep: 6, t: 20). Error: "Modality 'goal_image_primary' not found in the index for episode 6. Please ensure the dataset was enhanced correctly."
[2025-11-04 20:06:01,843][utils.vip_c_dataset][ERROR] - Error loading data for sample index 1584 (ep: 6, t: 21). Error: "Modality 'goal_image_primary' not found in the index for episode 6. Please ensure the dataset was enhanced correctly."
[2025-11-04 20:06:01,844][utils.vip_c_dataset][ERROR] - Error loading data for sample index 1585 (ep: 6, t: 22). Error: "Modality 'goal_image_primary' not found in the index for episode 6. Please ensure the dataset was enhanced correctly."
[2025-11-04 20:06:01,844][utils.vip_c_dataset][ERROR] - Error loading data for sample index 1586 (ep: 6, t: 23). Error: "Modality 'goal_image_primary' not found in the index for episode 6. Please ensure the dataset was enhanced correctly."
[2025-11-04 20:06:01,845][utils.vip_c_dataset][ERROR] - Error loading data for sample index 1587 (ep: 6, t: 24). Error: "Modality 'goal_image_primary' not found in the index for episode 6. Please ensure the dataset was enhanced correctly."
[2025-11-04 20:06:01,845][utils.vip_c_dataset][ERROR] - Error loading data for sample index 1588 (ep: 6, t: 25). Error: "Modality 'goal_image_primary' not found in the index for episode 6. Please ensure the dataset was enhanced correctly."
[2025-11-04 20:06:01,846][utils.vip_c_dataset][ERROR] - Error loading data for sample index 1589 (ep: 6, t: 26). Error: "Modality 'goal_image_primary' not found in the index for episode 6. Please ensure the dataset was enhanced correctly."
[2025-11-04 20:06:01,846][utils.vip_c_dataset][ERROR] - Error loading data for sample index 1590 (ep: 6, t: 27). Error: "Modality 'goal_image_primary' not found in the index for episode 6. Please ensure the dataset was enhanced correctly."
[2025-11-04 20:06:01,847][utils.vip_c_dataset][ERROR] - Error loading data for sample index 1591 (ep: 6, t: 28). Error: "Modality 'goal_image_primary' not found in the index for episode 6. Please ensure the dataset was enhanced correctly."
[2025-11-04 20:06:01,848][utils.vip_c_dataset][ERROR] - Error loading data for sample index 1592 (ep: 6, t: 29). Error: "Modality 'goal_image_primary' not found in the index for episode 6. Please ensure the dataset was enhanced correctly."
[2025-11-04 20:06:01,848][utils.vip_c_dataset][ERROR] - Error loading data for sample index 1593 (ep: 6, t: 30). Error: "Modality 'goal_image_primary' not found in the index for episode 6. Please ensure the dataset was enhanced correctly."
[2025-11-04 20:06:01,849][utils.vip_c_dataset][ERROR] - Error loading data for sample index 1594 (ep: 6, t: 31). Error: "Modality 'goal_image_primary' not found in the index for episode 6. Please ensure the dataset was enhanced correctly."
[2025-11-04 20:06:01,849][utils.vip_c_dataset][ERROR] - Error loading data for sample index 1595 (ep: 6, t: 32). Error: "Modality 'goal_image_primary' not found in the index for episode 6. Please ensure the dataset was enhanced correctly."
[2025-11-04 20:06:01,850][utils.vip_c_dataset][ERROR] - Error loading data for sample index 1596 (ep: 6, t: 33). Error: "Modality 'goal_image_primary' not found in the index for episode 6. Please ensure the dataset was enhanced correctly."
[2025-11-04 20:06:01,850][utils.vip_c_dataset][ERROR] - Error loading data for sample index 1597 (ep: 6, t: 34). Error: "Modality 'goal_image_primary' not found in the index for episode 6. Please ensure the dataset was enhanced correctly."
[2025-11-04 20:06:01,851][utils.vip_c_dataset][ERROR] - Error loading data for sample index 1598 (ep: 6, t: 35). Error: "Modality 'goal_image_primary' not found in the index for episode 6. Please ensure the dataset was enhanced correctly."
[2025-11-04 20:06:01,851][utils.vip_c_dataset][ERROR] - Error loading data for sample index 1599 (ep: 6, t: 36). Error: "Modality 'goal_image_primary' not found in the index for episode 6. Please ensure the dataset was enhanced correctly."
[2025-11-04 20:06:01,852][utils.vip_c_dataset][WARNING] - An entire batch of data loading failed. Skipping batch.
[2025-11-04 20:06:01,852][utils.vip_c_dataset][ERROR] - Error loading data for sample index 1600 (ep: 6, t: 37). Error: "Modality 'goal_image_primary' not found in the index for episode 6. Please ensure the dataset was enhanced correctly."
[2025-11-04 20:06:01,853][utils.vip_c_dataset][ERROR] - Error loading data for sample index 1601 (ep: 6, t: 38). Error: "Modality 'goal_image_primary' not found in the index for episode 6. Please ensure the dataset was enhanced correctly."
[2025-11-04 20:06:01,853][utils.vip_c_dataset][ERROR] - Error loading data for sample index 1602 (ep: 6, t: 39). Error: "Modality 'goal_image_primary' not found in the index for episode 6. Please ensure the dataset was enhanced correctly."
[2025-11-04 20:06:01,854][utils.vip_c_dataset][ERROR] - Error loading data for sample index 1603 (ep: 6, t: 40). Error: "Modality 'goal_image_primary' not found in the index for episode 6. Please ensure the dataset was enhanced correctly."
[2025-11-04 20:06:01,855][utils.vip_c_dataset][ERROR] - Error loading data for sample index 1604 (ep: 6, t: 41). Error: "Modality 'goal_image_primary' not found in the index for episode 6. Please ensure the dataset was enhanced correctly."
[2025-11-04 20:06:01,855][utils.vip_c_dataset][ERROR] - Error loading data for sample index 1605 (ep: 6, t: 42). Error: "Modality 'goal_image_primary' not found in the index for episode 6. Please ensure the dataset was enhanced correctly."
[2025-11-04 20:06:01,856][utils.vip_c_dataset][ERROR] - Error loading data for sample index 1606 (ep: 6, t: 43). Error: "Modality 'goal_image_primary' not found in the index for episode 6. Please ensure the dataset was enhanced correctly."
[2025-11-04 20:06:01,856][utils.vip_c_dataset][ERROR] - Error loading data for sample index 1607 (ep: 6, t: 44). Error: "Modality 'goal_image_primary' not found in the index for episode 6. Please ensure the dataset was enhanced correctly."
[2025-11-04 20:06:01,857][utils.vip_c_dataset][ERROR] - Error loading data for sample index 1608 (ep: 6, t: 45). Error: "Modality 'goal_image_primary' not found in the index for episode 6. Please ensure the dataset was enhanced correctly."
[2025-11-04 20:06:01,857][utils.vip_c_dataset][ERROR] - Error loading data for sample index 1609 (ep: 6, t: 46). Error: "Modality 'goal_image_primary' not found in the index for episode 6. Please ensure the dataset was enhanced correctly."
[2025-11-04 20:06:01,858][utils.vip_c_dataset][ERROR] - Error loading data for sample index 1610 (ep: 6, t: 47). Error: "Modality 'goal_image_primary' not found in the index for episode 6. Please ensure the dataset was enhanced correctly."
[2025-11-04 20:06:01,859][utils.vip_c_dataset][ERROR] - Error loading data for sample index 1611 (ep: 6, t: 48). Error: "Modality 'goal_image_primary' not found in the index for episode 6. Please ensure the dataset was enhanced correctly."
[2025-11-04 20:06:01,859][utils.vip_c_dataset][ERROR] - Error loading data for sample index 1612 (ep: 6, t: 49). Error: "Modality 'goal_image_primary' not found in the index for episode 6. Please ensure the dataset was enhanced correctly."
[2025-11-04 20:06:01,860][utils.vip_c_dataset][ERROR] - Error loading data for sample index 1613 (ep: 6, t: 50). Error: "Modality 'goal_image_primary' not found in the index for episode 6. Please ensure the dataset was enhanced correctly."
[2025-11-04 20:06:01,860][utils.vip_c_dataset][ERROR] - Error loading data for sample index 1614 (ep: 6, t: 51). Error: "Modality 'goal_image_primary' not found in the index for episode 6. Please ensure the dataset was enhanced correctly."
[2025-11-04 20:06:01,861][utils.vip_c_dataset][ERROR] - Error loading data for sample index 1615 (ep: 6, t: 52). Error: "Modality 'goal_image_primary' not found in the index for episode 6. Please ensure the dataset was enhanced correctly."
[2025-11-04 20:06:01,861][utils.vip_c_dataset][ERROR] - Error loading data for sample index 1616 (ep: 6, t: 53). Error: "Modality 'goal_image_primary' not found in the index for episode 6. Please ensure the dataset was enhanced correctly."
[2025-11-04 20:06:01,862][utils.vip_c_dataset][ERROR] - Error loading data for sample index 1617 (ep: 6, t: 54). Error: "Modality 'goal_image_primary' not found in the index for episode 6. Please ensure the dataset was enhanced correctly."
[2025-11-04 20:06:01,862][utils.vip_c_dataset][ERROR] - Error loading data for sample index 1618 (ep: 6, t: 55). Error: "Modality 'goal_image_primary' not found in the index for episode 6. Please ensure the dataset was enhanced correctly."
[2025-11-04 20:06:01,863][utils.vip_c_dataset][ERROR] - Error loading data for sample index 1619 (ep: 6, t: 56). Error: "Modality 'goal_image_primary' not found in the index for episode 6. Please ensure the dataset was enhanced correctly."
[2025-11-04 20:06:01,863][utils.vip_c_dataset][ERROR] - Error loading data for sample index 1620 (ep: 6, t: 57). Error: "Modality 'goal_image_primary' not found in the index for episode 6. Please ensure the dataset was enhanced correctly."
[2025-11-04 20:06:01,864][utils.vip_c_dataset][ERROR] - Error loading data for sample index 1621 (ep: 6, t: 58). Error: "Modality 'goal_image_primary' not found in the index for episode 6. Please ensure the dataset was enhanced correctly."
[2025-11-04 20:06:01,864][utils.vip_c_dataset][ERROR] - Error loading data for sample index 1622 (ep: 6, t: 59). Error: "Modality 'goal_image_primary' not found in the index for episode 6. Please ensure the dataset was enhanced correctly."
[2025-11-04 20:06:01,865][utils.vip_c_dataset][ERROR] - Error loading data for sample index 1623 (ep: 6, t: 60). Error: "Modality 'goal_image_primary' not found in the index for episode 6. Please ensure the dataset was enhanced correctly."
[2025-11-04 20:06:01,865][utils.vip_c_dataset][ERROR] - Error loading data for sample index 1624 (ep: 6, t: 61). Error: "Modality 'goal_image_primary' not found in the index for episode 6. Please ensure the dataset was enhanced correctly."
[2025-11-04 20:06:01,866][utils.vip_c_dataset][ERROR] - Error loading data for sample index 1625 (ep: 6, t: 62). Error: "Modality 'goal_image_primary' not found in the index for episode 6. Please ensure the dataset was enhanced correctly."
[2025-11-04 20:06:01,866][utils.vip_c_dataset][ERROR] - Error loading data for sample index 1626 (ep: 6, t: 63). Error: "Modality 'goal_image_primary' not found in the index for episode 6. Please ensure the dataset was enhanced correctly."
[2025-11-04 20:06:01,867][utils.vip_c_dataset][ERROR] - Error loading data for sample index 1627 (ep: 6, t: 64). Error: "Modality 'goal_image_primary' not found in the index for episode 6. Please ensure the dataset was enhanced correctly."
[2025-11-04 20:06:01,867][utils.vip_c_dataset][ERROR] - Error loading data for sample index 1628 (ep: 6, t: 65). Error: "Modality 'goal_image_primary' not found in the index for episode 6. Please ensure the dataset was enhanced correctly."
[2025-11-04 20:06:01,868][utils.vip_c_dataset][ERROR] - Error loading data for sample index 1629 (ep: 6, t: 66). Error: "Modality 'goal_image_primary' not found in the index for episode 6. Please ensure the dataset was enhanced correctly."
[2025-11-04 20:06:01,868][utils.vip_c_dataset][ERROR] - Error loading data for sample index 1630 (ep: 6, t: 67). Error: "Modality 'goal_image_primary' not found in the index for episode 6. Please ensure the dataset was enhanced correctly."
[2025-11-04 20:06:01,869][utils.vip_c_dataset][ERROR] - Error loading data for sample index 1631 (ep: 6, t: 68). Error: "Modality 'goal_image_primary' not found in the index for episode 6. Please ensure the dataset was enhanced correctly."
[2025-11-04 20:06:01,869][utils.vip_c_dataset][WARNING] - An entire batch of data loading failed. Skipping batch.
[2025-11-04 20:06:01,870][utils.vip_c_dataset][ERROR] - Error loading data for sample index 1632 (ep: 6, t: 69). Error: "Modality 'goal_image_primary' not found in the index for episode 6. Please ensure the dataset was enhanced correctly."
[2025-11-04 20:06:01,871][utils.vip_c_dataset][ERROR] - Error loading data for sample index 1633 (ep: 6, t: 70). Error: "Modality 'goal_image_primary' not found in the index for episode 6. Please ensure the dataset was enhanced correctly."
[2025-11-04 20:06:01,871][utils.vip_c_dataset][ERROR] - Error loading data for sample index 1634 (ep: 6, t: 71). Error: "Modality 'goal_image_primary' not found in the index for episode 6. Please ensure the dataset was enhanced correctly."
[2025-11-04 20:06:01,872][utils.vip_c_dataset][ERROR] - Error loading data for sample index 1635 (ep: 6, t: 72). Error: "Modality 'goal_image_primary' not found in the index for episode 6. Please ensure the dataset was enhanced correctly."
[2025-11-04 20:06:01,872][utils.vip_c_dataset][ERROR] - Error loading data for sample index 1636 (ep: 6, t: 73). Error: "Modality 'goal_image_primary' not found in the index for episode 6. Please ensure the dataset was enhanced correctly."
[2025-11-04 20:06:01,873][utils.vip_c_dataset][ERROR] - Error loading data for sample index 1637 (ep: 6, t: 74). Error: "Modality 'goal_image_primary' not found in the index for episode 6. Please ensure the dataset was enhanced correctly."
[2025-11-04 20:06:01,873][utils.vip_c_dataset][ERROR] - Error loading data for sample index 1638 (ep: 6, t: 75). Error: "Modality 'goal_image_primary' not found in the index for episode 6. Please ensure the dataset was enhanced correctly."
[2025-11-04 20:06:01,874][utils.vip_c_dataset][ERROR] - Error loading data for sample index 1639 (ep: 6, t: 76). Error: "Modality 'goal_image_primary' not found in the index for episode 6. Please ensure the dataset was enhanced correctly."
[2025-11-04 20:06:01,874][utils.vip_c_dataset][ERROR] - Error loading data for sample index 1640 (ep: 6, t: 77). Error: "Modality 'goal_image_primary' not found in the index for episode 6. Please ensure the dataset was enhanced correctly."
[2025-11-04 20:06:01,875][utils.vip_c_dataset][ERROR] - Error loading data for sample index 1641 (ep: 6, t: 78). Error: "Modality 'goal_image_primary' not found in the index for episode 6. Please ensure the dataset was enhanced correctly."
[2025-11-04 20:06:01,876][utils.vip_c_dataset][ERROR] - Error loading data for sample index 1642 (ep: 6, t: 79). Error: "Modality 'goal_image_primary' not found in the index for episode 6. Please ensure the dataset was enhanced correctly."
[2025-11-04 20:06:01,876][utils.vip_c_dataset][ERROR] - Error loading data for sample index 1643 (ep: 6, t: 80). Error: "Modality 'goal_image_primary' not found in the index for episode 6. Please ensure the dataset was enhanced correctly."
[2025-11-04 20:06:01,877][utils.vip_c_dataset][ERROR] - Error loading data for sample index 1644 (ep: 6, t: 81). Error: "Modality 'goal_image_primary' not found in the index for episode 6. Please ensure the dataset was enhanced correctly."
[2025-11-04 20:06:01,877][utils.vip_c_dataset][ERROR] - Error loading data for sample index 1645 (ep: 6, t: 82). Error: "Modality 'goal_image_primary' not found in the index for episode 6. Please ensure the dataset was enhanced correctly."
[2025-11-04 20:06:01,878][utils.vip_c_dataset][ERROR] - Error loading data for sample index 1646 (ep: 6, t: 83). Error: "Modality 'goal_image_primary' not found in the index for episode 6. Please ensure the dataset was enhanced correctly."
[2025-11-04 20:06:01,878][utils.vip_c_dataset][ERROR] - Error loading data for sample index 1647 (ep: 6, t: 84). Error: "Modality 'goal_image_primary' not found in the index for episode 6. Please ensure the dataset was enhanced correctly."
[2025-11-04 20:06:01,879][utils.vip_c_dataset][ERROR] - Error loading data for sample index 1648 (ep: 6, t: 85). Error: "Modality 'goal_image_primary' not found in the index for episode 6. Please ensure the dataset was enhanced correctly."
[2025-11-04 20:06:01,879][utils.vip_c_dataset][ERROR] - Error loading data for sample index 1649 (ep: 6, t: 86). Error: "Modality 'goal_image_primary' not found in the index for episode 6. Please ensure the dataset was enhanced correctly."
[2025-11-04 20:06:01,880][utils.vip_c_dataset][ERROR] - Error loading data for sample index 1650 (ep: 6, t: 87). Error: "Modality 'goal_image_primary' not found in the index for episode 6. Please ensure the dataset was enhanced correctly."
[2025-11-04 20:06:01,880][utils.vip_c_dataset][ERROR] - Error loading data for sample index 1651 (ep: 6, t: 88). Error: "Modality 'goal_image_primary' not found in the index for episode 6. Please ensure the dataset was enhanced correctly."
[2025-11-04 20:06:01,881][utils.vip_c_dataset][ERROR] - Error loading data for sample index 1652 (ep: 6, t: 89). Error: "Modality 'goal_image_primary' not found in the index for episode 6. Please ensure the dataset was enhanced correctly."
[2025-11-04 20:06:01,881][utils.vip_c_dataset][ERROR] - Error loading data for sample index 1653 (ep: 6, t: 90). Error: "Modality 'goal_image_primary' not found in the index for episode 6. Please ensure the dataset was enhanced correctly."
[2025-11-04 20:06:01,882][utils.vip_c_dataset][ERROR] - Error loading data for sample index 1654 (ep: 6, t: 91). Error: "Modality 'goal_image_primary' not found in the index for episode 6. Please ensure the dataset was enhanced correctly."
[2025-11-04 20:06:01,882][utils.vip_c_dataset][ERROR] - Error loading data for sample index 1655 (ep: 6, t: 92). Error: "Modality 'goal_image_primary' not found in the index for episode 6. Please ensure the dataset was enhanced correctly."
[2025-11-04 20:06:01,883][utils.vip_c_dataset][ERROR] - Error loading data for sample index 1656 (ep: 6, t: 93). Error: "Modality 'goal_image_primary' not found in the index for episode 6. Please ensure the dataset was enhanced correctly."
[2025-11-04 20:06:01,883][utils.vip_c_dataset][ERROR] - Error loading data for sample index 1657 (ep: 6, t: 94). Error: "Modality 'goal_image_primary' not found in the index for episode 6. Please ensure the dataset was enhanced correctly."
[2025-11-04 20:06:01,884][utils.vip_c_dataset][ERROR] - Error loading data for sample index 1658 (ep: 6, t: 95). Error: "Modality 'goal_image_primary' not found in the index for episode 6. Please ensure the dataset was enhanced correctly."
[2025-11-04 20:06:01,884][utils.vip_c_dataset][ERROR] - Error loading data for sample index 1659 (ep: 6, t: 96). Error: "Modality 'goal_image_primary' not found in the index for episode 6. Please ensure the dataset was enhanced correctly."
[2025-11-04 20:06:01,885][utils.vip_c_dataset][ERROR] - Error loading data for sample index 1660 (ep: 6, t: 97). Error: "Modality 'goal_image_primary' not found in the index for episode 6. Please ensure the dataset was enhanced correctly."
[2025-11-04 20:06:01,886][utils.vip_c_dataset][ERROR] - Error loading data for sample index 1661 (ep: 6, t: 98). Error: "Modality 'goal_image_primary' not found in the index for episode 6. Please ensure the dataset was enhanced correctly."
[2025-11-04 20:06:01,886][utils.vip_c_dataset][ERROR] - Error loading data for sample index 1662 (ep: 6, t: 99). Error: "Modality 'goal_image_primary' not found in the index for episode 6. Please ensure the dataset was enhanced correctly."
[2025-11-04 20:06:01,886][utils.vip_c_dataset][ERROR] - Error loading data for sample index 1663 (ep: 6, t: 100). Error: "Modality 'goal_image_primary' not found in the index for episode 6. Please ensure the dataset was enhanced correctly."
[2025-11-04 20:06:01,887][utils.vip_c_dataset][WARNING] - An entire batch of data loading failed. Skipping batch.
[2025-11-04 20:06:01,888][utils.vip_c_dataset][ERROR] - Error loading data for sample index 1664 (ep: 6, t: 101). Error: "Modality 'goal_image_primary' not found in the index for episode 6. Please ensure the dataset was enhanced correctly."
[2025-11-04 20:06:01,888][utils.vip_c_dataset][ERROR] - Error loading data for sample index 1665 (ep: 6, t: 102). Error: "Modality 'goal_image_primary' not found in the index for episode 6. Please ensure the dataset was enhanced correctly."
[2025-11-04 20:06:01,889][utils.vip_c_dataset][ERROR] - Error loading data for sample index 1666 (ep: 6, t: 103). Error: "Modality 'goal_image_primary' not found in the index for episode 6. Please ensure the dataset was enhanced correctly."
[2025-11-04 20:06:01,889][utils.vip_c_dataset][ERROR] - Error loading data for sample index 1667 (ep: 6, t: 104). Error: "Modality 'goal_image_primary' not found in the index for episode 6. Please ensure the dataset was enhanced correctly."
[2025-11-04 20:06:01,890][utils.vip_c_dataset][ERROR] - Error loading data for sample index 1668 (ep: 6, t: 105). Error: "Modality 'goal_image_primary' not found in the index for episode 6. Please ensure the dataset was enhanced correctly."
[2025-11-04 20:06:01,890][utils.vip_c_dataset][ERROR] - Error loading data for sample index 1669 (ep: 6, t: 106). Error: "Modality 'goal_image_primary' not found in the index for episode 6. Please ensure the dataset was enhanced correctly."
[2025-11-04 20:06:01,891][utils.vip_c_dataset][ERROR] - Error loading data for sample index 1670 (ep: 6, t: 107). Error: "Modality 'goal_image_primary' not found in the index for episode 6. Please ensure the dataset was enhanced correctly."
[2025-11-04 20:06:01,891][utils.vip_c_dataset][ERROR] - Error loading data for sample index 1671 (ep: 6, t: 108). Error: "Modality 'goal_image_primary' not found in the index for episode 6. Please ensure the dataset was enhanced correctly."
[2025-11-04 20:06:01,892][utils.vip_c_dataset][ERROR] - Error loading data for sample index 1672 (ep: 6, t: 109). Error: "Modality 'goal_image_primary' not found in the index for episode 6. Please ensure the dataset was enhanced correctly."
[2025-11-04 20:06:01,893][utils.vip_c_dataset][ERROR] - Error loading data for sample index 1673 (ep: 6, t: 110). Error: "Modality 'goal_image_primary' not found in the index for episode 6. Please ensure the dataset was enhanced correctly."
[2025-11-04 20:06:01,893][utils.vip_c_dataset][ERROR] - Error loading data for sample index 1674 (ep: 6, t: 111). Error: "Modality 'goal_image_primary' not found in the index for episode 6. Please ensure the dataset was enhanced correctly."
[2025-11-04 20:06:01,893][utils.vip_c_dataset][ERROR] - Error loading data for sample index 1675 (ep: 6, t: 112). Error: "Modality 'goal_image_primary' not found in the index for episode 6. Please ensure the dataset was enhanced correctly."
[2025-11-04 20:06:01,894][utils.vip_c_dataset][ERROR] - Error loading data for sample index 1676 (ep: 6, t: 113). Error: "Modality 'goal_image_primary' not found in the index for episode 6. Please ensure the dataset was enhanced correctly."
[2025-11-04 20:06:01,895][utils.vip_c_dataset][ERROR] - Error loading data for sample index 1677 (ep: 6, t: 114). Error: "Modality 'goal_image_primary' not found in the index for episode 6. Please ensure the dataset was enhanced correctly."
[2025-11-04 20:06:01,895][utils.vip_c_dataset][ERROR] - Error loading data for sample index 1678 (ep: 6, t: 115). Error: "Modality 'goal_image_primary' not found in the index for episode 6. Please ensure the dataset was enhanced correctly."
[2025-11-04 20:06:01,896][utils.vip_c_dataset][ERROR] - Error loading data for sample index 1679 (ep: 6, t: 116). Error: "Modality 'goal_image_primary' not found in the index for episode 6. Please ensure the dataset was enhanced correctly."
[2025-11-04 20:06:01,896][utils.vip_c_dataset][ERROR] - Error loading data for sample index 1680 (ep: 6, t: 117). Error: "Modality 'goal_image_primary' not found in the index for episode 6. Please ensure the dataset was enhanced correctly."
[2025-11-04 20:06:01,897][utils.vip_c_dataset][ERROR] - Error loading data for sample index 1681 (ep: 6, t: 118). Error: "Modality 'goal_image_primary' not found in the index for episode 6. Please ensure the dataset was enhanced correctly."
[2025-11-04 20:06:01,897][utils.vip_c_dataset][ERROR] - Error loading data for sample index 1682 (ep: 6, t: 119). Error: "Modality 'goal_image_primary' not found in the index for episode 6. Please ensure the dataset was enhanced correctly."
[2025-11-04 20:06:01,898][utils.vip_c_dataset][ERROR] - Error loading data for sample index 1683 (ep: 6, t: 120). Error: "Modality 'goal_image_primary' not found in the index for episode 6. Please ensure the dataset was enhanced correctly."
[2025-11-04 20:06:01,898][utils.vip_c_dataset][ERROR] - Error loading data for sample index 1684 (ep: 6, t: 121). Error: "Modality 'goal_image_primary' not found in the index for episode 6. Please ensure the dataset was enhanced correctly."
[2025-11-04 20:06:01,899][utils.vip_c_dataset][ERROR] - Error loading data for sample index 1685 (ep: 6, t: 122). Error: "Modality 'goal_image_primary' not found in the index for episode 6. Please ensure the dataset was enhanced correctly."
[2025-11-04 20:06:01,899][utils.vip_c_dataset][ERROR] - Error loading data for sample index 1686 (ep: 6, t: 123). Error: "Modality 'goal_image_primary' not found in the index for episode 6. Please ensure the dataset was enhanced correctly."
[2025-11-04 20:06:01,900][utils.vip_c_dataset][ERROR] - Error loading data for sample index 1687 (ep: 6, t: 124). Error: "Modality 'goal_image_primary' not found in the index for episode 6. Please ensure the dataset was enhanced correctly."
[2025-11-04 20:06:01,900][utils.vip_c_dataset][ERROR] - Error loading data for sample index 1688 (ep: 6, t: 125). Error: "Modality 'goal_image_primary' not found in the index for episode 6. Please ensure the dataset was enhanced correctly."
[2025-11-04 20:06:01,901][utils.vip_c_dataset][ERROR] - Error loading data for sample index 1689 (ep: 6, t: 126). Error: "Modality 'goal_image_primary' not found in the index for episode 6. Please ensure the dataset was enhanced correctly."
[2025-11-04 20:06:01,901][utils.vip_c_dataset][ERROR] - Error loading data for sample index 1690 (ep: 6, t: 127). Error: "Modality 'goal_image_primary' not found in the index for episode 6. Please ensure the dataset was enhanced correctly."
[2025-11-04 20:06:01,902][utils.vip_c_dataset][ERROR] - Error loading data for sample index 1691 (ep: 6, t: 128). Error: "Modality 'goal_image_primary' not found in the index for episode 6. Please ensure the dataset was enhanced correctly."
[2025-11-04 20:06:01,902][utils.vip_c_dataset][ERROR] - Error loading data for sample index 1692 (ep: 6, t: 129). Error: "Modality 'goal_image_primary' not found in the index for episode 6. Please ensure the dataset was enhanced correctly."
[2025-11-04 20:06:01,903][utils.vip_c_dataset][ERROR] - Error loading data for sample index 1693 (ep: 6, t: 130). Error: "Modality 'goal_image_primary' not found in the index for episode 6. Please ensure the dataset was enhanced correctly."
[2025-11-04 20:06:01,905][utils.vip_c_dataset][ERROR] - Error loading data for sample index 1694 (ep: 6, t: 131). Error: "Modality 'goal_image_primary' not found in the index for episode 6. Please ensure the dataset was enhanced correctly."
[2025-11-04 20:06:01,906][utils.vip_c_dataset][ERROR] - Error loading data for sample index 1695 (ep: 6, t: 132). Error: "Modality 'goal_image_primary' not found in the index for episode 6. Please ensure the dataset was enhanced correctly."
[2025-11-04 20:06:01,906][utils.vip_c_dataset][WARNING] - An entire batch of data loading failed. Skipping batch.
[2025-11-04 20:06:01,907][utils.vip_c_dataset][ERROR] - Error loading data for sample index 1696 (ep: 6, t: 133). Error: "Modality 'goal_image_primary' not found in the index for episode 6. Please ensure the dataset was enhanced correctly."
[2025-11-04 20:06:01,908][utils.vip_c_dataset][ERROR] - Error loading data for sample index 1697 (ep: 6, t: 134). Error: "Modality 'goal_image_primary' not found in the index for episode 6. Please ensure the dataset was enhanced correctly."
[2025-11-04 20:06:01,908][utils.vip_c_dataset][ERROR] - Error loading data for sample index 1698 (ep: 6, t: 135). Error: "Modality 'goal_image_primary' not found in the index for episode 6. Please ensure the dataset was enhanced correctly."
[2025-11-04 20:06:01,909][utils.vip_c_dataset][ERROR] - Error loading data for sample index 1699 (ep: 6, t: 136). Error: "Modality 'goal_image_primary' not found in the index for episode 6. Please ensure the dataset was enhanced correctly."
[2025-11-04 20:06:01,909][utils.vip_c_dataset][ERROR] - Error loading data for sample index 1700 (ep: 6, t: 137). Error: "Modality 'goal_image_primary' not found in the index for episode 6. Please ensure the dataset was enhanced correctly."
[2025-11-04 20:06:01,910][utils.vip_c_dataset][ERROR] - Error loading data for sample index 1701 (ep: 6, t: 138). Error: "Modality 'goal_image_primary' not found in the index for episode 6. Please ensure the dataset was enhanced correctly."
[2025-11-04 20:06:01,910][utils.vip_c_dataset][ERROR] - Error loading data for sample index 1702 (ep: 6, t: 139). Error: "Modality 'goal_image_primary' not found in the index for episode 6. Please ensure the dataset was enhanced correctly."
[2025-11-04 20:06:01,911][utils.vip_c_dataset][ERROR] - Error loading data for sample index 1703 (ep: 6, t: 140). Error: "Modality 'goal_image_primary' not found in the index for episode 6. Please ensure the dataset was enhanced correctly."
[2025-11-04 20:06:01,911][utils.vip_c_dataset][ERROR] - Error loading data for sample index 1704 (ep: 6, t: 141). Error: "Modality 'goal_image_primary' not found in the index for episode 6. Please ensure the dataset was enhanced correctly."
[2025-11-04 20:06:01,912][utils.vip_c_dataset][ERROR] - Error loading data for sample index 1705 (ep: 6, t: 142). Error: "Modality 'goal_image_primary' not found in the index for episode 6. Please ensure the dataset was enhanced correctly."
[2025-11-04 20:06:01,912][utils.vip_c_dataset][ERROR] - Error loading data for sample index 1706 (ep: 6, t: 143). Error: "Modality 'goal_image_primary' not found in the index for episode 6. Please ensure the dataset was enhanced correctly."
[2025-11-04 20:06:01,913][utils.vip_c_dataset][ERROR] - Error loading data for sample index 1707 (ep: 6, t: 144). Error: "Modality 'goal_image_primary' not found in the index for episode 6. Please ensure the dataset was enhanced correctly."
[2025-11-04 20:06:01,913][utils.vip_c_dataset][ERROR] - Error loading data for sample index 1708 (ep: 6, t: 145). Error: "Modality 'goal_image_primary' not found in the index for episode 6. Please ensure the dataset was enhanced correctly."
[2025-11-04 20:06:01,914][utils.vip_c_dataset][ERROR] - Error loading data for sample index 1709 (ep: 6, t: 146). Error: "Modality 'goal_image_primary' not found in the index for episode 6. Please ensure the dataset was enhanced correctly."
[2025-11-04 20:06:01,914][utils.vip_c_dataset][ERROR] - Error loading data for sample index 1710 (ep: 6, t: 147). Error: "Modality 'goal_image_primary' not found in the index for episode 6. Please ensure the dataset was enhanced correctly."
[2025-11-04 20:06:01,915][utils.vip_c_dataset][ERROR] - Error loading data for sample index 1711 (ep: 6, t: 148). Error: "Modality 'goal_image_primary' not found in the index for episode 6. Please ensure the dataset was enhanced correctly."
[2025-11-04 20:06:01,915][utils.vip_c_dataset][ERROR] - Error loading data for sample index 1712 (ep: 6, t: 149). Error: "Modality 'goal_image_primary' not found in the index for episode 6. Please ensure the dataset was enhanced correctly."
[2025-11-04 20:06:01,916][utils.vip_c_dataset][ERROR] - Error loading data for sample index 1713 (ep: 6, t: 150). Error: "Modality 'goal_image_primary' not found in the index for episode 6. Please ensure the dataset was enhanced correctly."
[2025-11-04 20:06:01,916][utils.vip_c_dataset][ERROR] - Error loading data for sample index 1714 (ep: 6, t: 151). Error: "Modality 'goal_image_primary' not found in the index for episode 6. Please ensure the dataset was enhanced correctly."
[2025-11-04 20:06:01,917][utils.vip_c_dataset][ERROR] - Error loading data for sample index 1715 (ep: 6, t: 152). Error: "Modality 'goal_image_primary' not found in the index for episode 6. Please ensure the dataset was enhanced correctly."
[2025-11-04 20:06:01,917][utils.vip_c_dataset][ERROR] - Error loading data for sample index 1716 (ep: 6, t: 153). Error: "Modality 'goal_image_primary' not found in the index for episode 6. Please ensure the dataset was enhanced correctly."
[2025-11-04 20:06:01,918][utils.vip_c_dataset][ERROR] - Error loading data for sample index 1717 (ep: 6, t: 154). Error: "Modality 'goal_image_primary' not found in the index for episode 6. Please ensure the dataset was enhanced correctly."
[2025-11-04 20:06:01,918][utils.vip_c_dataset][ERROR] - Error loading data for sample index 1718 (ep: 6, t: 155). Error: "Modality 'goal_image_primary' not found in the index for episode 6. Please ensure the dataset was enhanced correctly."
[2025-11-04 20:06:01,919][utils.vip_c_dataset][ERROR] - Error loading data for sample index 1719 (ep: 6, t: 156). Error: "Modality 'goal_image_primary' not found in the index for episode 6. Please ensure the dataset was enhanced correctly."
[2025-11-04 20:06:01,919][utils.vip_c_dataset][ERROR] - Error loading data for sample index 1720 (ep: 6, t: 157). Error: "Modality 'goal_image_primary' not found in the index for episode 6. Please ensure the dataset was enhanced correctly."
[2025-11-04 20:06:01,920][utils.vip_c_dataset][ERROR] - Error loading data for sample index 1721 (ep: 6, t: 158). Error: "Modality 'goal_image_primary' not found in the index for episode 6. Please ensure the dataset was enhanced correctly."
[2025-11-04 20:06:01,920][utils.vip_c_dataset][ERROR] - Error loading data for sample index 1722 (ep: 6, t: 159). Error: "Modality 'goal_image_primary' not found in the index for episode 6. Please ensure the dataset was enhanced correctly."
[2025-11-04 20:06:01,921][utils.vip_c_dataset][ERROR] - Error loading data for sample index 1723 (ep: 6, t: 160). Error: "Modality 'goal_image_primary' not found in the index for episode 6. Please ensure the dataset was enhanced correctly."
[2025-11-04 20:06:01,922][utils.vip_c_dataset][ERROR] - Error loading data for sample index 1724 (ep: 6, t: 161). Error: "Modality 'goal_image_primary' not found in the index for episode 6. Please ensure the dataset was enhanced correctly."
[2025-11-04 20:06:01,922][utils.vip_c_dataset][ERROR] - Error loading data for sample index 1725 (ep: 6, t: 162). Error: "Modality 'goal_image_primary' not found in the index for episode 6. Please ensure the dataset was enhanced correctly."
[2025-11-04 20:06:01,923][utils.vip_c_dataset][ERROR] - Error loading data for sample index 1726 (ep: 6, t: 163). Error: "Modality 'goal_image_primary' not found in the index for episode 6. Please ensure the dataset was enhanced correctly."
[2025-11-04 20:06:01,923][utils.vip_c_dataset][ERROR] - Error loading data for sample index 1727 (ep: 6, t: 164). Error: "Modality 'goal_image_primary' not found in the index for episode 6. Please ensure the dataset was enhanced correctly."
[2025-11-04 20:06:01,924][utils.vip_c_dataset][WARNING] - An entire batch of data loading failed. Skipping batch.
[2025-11-04 20:06:01,924][utils.vip_c_dataset][ERROR] - Error loading data for sample index 1728 (ep: 6, t: 165). Error: "Modality 'goal_image_primary' not found in the index for episode 6. Please ensure the dataset was enhanced correctly."
[2025-11-04 20:06:01,925][utils.vip_c_dataset][ERROR] - Error loading data for sample index 1729 (ep: 6, t: 166). Error: "Modality 'goal_image_primary' not found in the index for episode 6. Please ensure the dataset was enhanced correctly."
[2025-11-04 20:06:01,926][utils.vip_c_dataset][ERROR] - Error loading data for sample index 1730 (ep: 6, t: 167). Error: "Modality 'goal_image_primary' not found in the index for episode 6. Please ensure the dataset was enhanced correctly."
[2025-11-04 20:06:01,926][utils.vip_c_dataset][ERROR] - Error loading data for sample index 1731 (ep: 6, t: 168). Error: "Modality 'goal_image_primary' not found in the index for episode 6. Please ensure the dataset was enhanced correctly."
[2025-11-04 20:06:01,927][utils.vip_c_dataset][ERROR] - Error loading data for sample index 1732 (ep: 6, t: 169). Error: "Modality 'goal_image_primary' not found in the index for episode 6. Please ensure the dataset was enhanced correctly."
[2025-11-04 20:06:01,927][utils.vip_c_dataset][ERROR] - Error loading data for sample index 1733 (ep: 6, t: 170). Error: "Modality 'goal_image_primary' not found in the index for episode 6. Please ensure the dataset was enhanced correctly."
[2025-11-04 20:06:01,928][utils.vip_c_dataset][ERROR] - Error loading data for sample index 1734 (ep: 6, t: 171). Error: "Modality 'goal_image_primary' not found in the index for episode 6. Please ensure the dataset was enhanced correctly."
[2025-11-04 20:06:01,928][utils.vip_c_dataset][ERROR] - Error loading data for sample index 1735 (ep: 6, t: 172). Error: "Modality 'goal_image_primary' not found in the index for episode 6. Please ensure the dataset was enhanced correctly."
[2025-11-04 20:06:01,929][utils.vip_c_dataset][ERROR] - Error loading data for sample index 1736 (ep: 6, t: 173). Error: "Modality 'goal_image_primary' not found in the index for episode 6. Please ensure the dataset was enhanced correctly."
[2025-11-04 20:06:01,929][utils.vip_c_dataset][ERROR] - Error loading data for sample index 1737 (ep: 6, t: 174). Error: "Modality 'goal_image_primary' not found in the index for episode 6. Please ensure the dataset was enhanced correctly."
[2025-11-04 20:06:01,930][utils.vip_c_dataset][ERROR] - Error loading data for sample index 1738 (ep: 6, t: 175). Error: "Modality 'goal_image_primary' not found in the index for episode 6. Please ensure the dataset was enhanced correctly."
[2025-11-04 20:06:01,930][utils.vip_c_dataset][ERROR] - Error loading data for sample index 1739 (ep: 6, t: 176). Error: "Modality 'goal_image_primary' not found in the index for episode 6. Please ensure the dataset was enhanced correctly."
[2025-11-04 20:06:01,931][utils.vip_c_dataset][ERROR] - Error loading data for sample index 1740 (ep: 6, t: 177). Error: "Modality 'goal_image_primary' not found in the index for episode 6. Please ensure the dataset was enhanced correctly."
[2025-11-04 20:06:01,931][utils.vip_c_dataset][ERROR] - Error loading data for sample index 1741 (ep: 6, t: 178). Error: "Modality 'goal_image_primary' not found in the index for episode 6. Please ensure the dataset was enhanced correctly."
[2025-11-04 20:06:01,931][utils.vip_c_dataset][ERROR] - Error loading data for sample index 1742 (ep: 6, t: 179). Error: "Modality 'goal_image_primary' not found in the index for episode 6. Please ensure the dataset was enhanced correctly."
[2025-11-04 20:06:01,932][utils.vip_c_dataset][ERROR] - Error loading data for sample index 1743 (ep: 6, t: 180). Error: "Modality 'goal_image_primary' not found in the index for episode 6. Please ensure the dataset was enhanced correctly."
[2025-11-04 20:06:01,933][utils.vip_c_dataset][ERROR] - Error loading data for sample index 1744 (ep: 6, t: 181). Error: "Modality 'goal_image_primary' not found in the index for episode 6. Please ensure the dataset was enhanced correctly."
[2025-11-04 20:06:01,933][utils.vip_c_dataset][ERROR] - Error loading data for sample index 1745 (ep: 6, t: 182). Error: "Modality 'goal_image_primary' not found in the index for episode 6. Please ensure the dataset was enhanced correctly."
[2025-11-04 20:06:01,934][utils.vip_c_dataset][ERROR] - Error loading data for sample index 1746 (ep: 6, t: 183). Error: "Modality 'goal_image_primary' not found in the index for episode 6. Please ensure the dataset was enhanced correctly."
[2025-11-04 20:06:01,934][utils.vip_c_dataset][ERROR] - Error loading data for sample index 1747 (ep: 6, t: 184). Error: "Modality 'goal_image_primary' not found in the index for episode 6. Please ensure the dataset was enhanced correctly."
[2025-11-04 20:06:01,934][utils.vip_c_dataset][ERROR] - Error loading data for sample index 1748 (ep: 6, t: 185). Error: "Modality 'goal_image_primary' not found in the index for episode 6. Please ensure the dataset was enhanced correctly."
[2025-11-04 20:06:01,935][utils.vip_c_dataset][ERROR] - Error loading data for sample index 1749 (ep: 6, t: 186). Error: "Modality 'goal_image_primary' not found in the index for episode 6. Please ensure the dataset was enhanced correctly."
[2025-11-04 20:06:01,935][utils.vip_c_dataset][ERROR] - Error loading data for sample index 1750 (ep: 6, t: 187). Error: "Modality 'goal_image_primary' not found in the index for episode 6. Please ensure the dataset was enhanced correctly."
[2025-11-04 20:06:01,935][utils.vip_c_dataset][ERROR] - Error loading data for sample index 1751 (ep: 6, t: 188). Error: "Modality 'goal_image_primary' not found in the index for episode 6. Please ensure the dataset was enhanced correctly."
[2025-11-04 20:06:01,935][utils.vip_c_dataset][ERROR] - Error loading data for sample index 1752 (ep: 6, t: 189). Error: "Modality 'goal_image_primary' not found in the index for episode 6. Please ensure the dataset was enhanced correctly."
[2025-11-04 20:06:01,936][utils.vip_c_dataset][ERROR] - Error loading data for sample index 1753 (ep: 6, t: 190). Error: "Modality 'goal_image_primary' not found in the index for episode 6. Please ensure the dataset was enhanced correctly."
[2025-11-04 20:06:01,936][utils.vip_c_dataset][ERROR] - Error loading data for sample index 1754 (ep: 6, t: 191). Error: "Modality 'goal_image_primary' not found in the index for episode 6. Please ensure the dataset was enhanced correctly."
[2025-11-04 20:06:01,937][utils.vip_c_dataset][ERROR] - Error loading data for sample index 1755 (ep: 6, t: 192). Error: "Modality 'goal_image_primary' not found in the index for episode 6. Please ensure the dataset was enhanced correctly."
[2025-11-04 20:06:01,938][utils.vip_c_dataset][ERROR] - Error loading data for sample index 1756 (ep: 6, t: 193). Error: "Modality 'goal_image_primary' not found in the index for episode 6. Please ensure the dataset was enhanced correctly."
[2025-11-04 20:06:01,938][utils.vip_c_dataset][ERROR] - Error loading data for sample index 1757 (ep: 6, t: 194). Error: "Modality 'goal_image_primary' not found in the index for episode 6. Please ensure the dataset was enhanced correctly."
[2025-11-04 20:06:01,939][utils.vip_c_dataset][ERROR] - Error loading data for sample index 1758 (ep: 6, t: 195). Error: "Modality 'goal_image_primary' not found in the index for episode 6. Please ensure the dataset was enhanced correctly."
[2025-11-04 20:06:01,939][utils.vip_c_dataset][ERROR] - Error loading data for sample index 1759 (ep: 6, t: 196). Error: "Modality 'goal_image_primary' not found in the index for episode 6. Please ensure the dataset was enhanced correctly."
[2025-11-04 20:06:01,940][utils.vip_c_dataset][WARNING] - An entire batch of data loading failed. Skipping batch.
[2025-11-04 20:06:01,941][utils.vip_c_dataset][ERROR] - Error loading data for sample index 1760 (ep: 6, t: 197). Error: "Modality 'goal_image_primary' not found in the index for episode 6. Please ensure the dataset was enhanced correctly."
[2025-11-04 20:06:01,941][utils.vip_c_dataset][ERROR] - Error loading data for sample index 1761 (ep: 6, t: 198). Error: "Modality 'goal_image_primary' not found in the index for episode 6. Please ensure the dataset was enhanced correctly."
[2025-11-04 20:06:01,941][utils.vip_c_dataset][ERROR] - Error loading data for sample index 1762 (ep: 6, t: 199). Error: "Modality 'goal_image_primary' not found in the index for episode 6. Please ensure the dataset was enhanced correctly."
[2025-11-04 20:06:01,942][utils.vip_c_dataset][ERROR] - Error loading data for sample index 1763 (ep: 6, t: 200). Error: "Modality 'goal_image_primary' not found in the index for episode 6. Please ensure the dataset was enhanced correctly."
[2025-11-04 20:06:01,942][utils.vip_c_dataset][ERROR] - Error loading data for sample index 1764 (ep: 6, t: 201). Error: "Modality 'goal_image_primary' not found in the index for episode 6. Please ensure the dataset was enhanced correctly."
[2025-11-04 20:06:01,943][utils.vip_c_dataset][ERROR] - Error loading data for sample index 1765 (ep: 6, t: 202). Error: "Modality 'goal_image_primary' not found in the index for episode 6. Please ensure the dataset was enhanced correctly."
[2025-11-04 20:06:01,943][utils.vip_c_dataset][ERROR] - Error loading data for sample index 1766 (ep: 6, t: 203). Error: "Modality 'goal_image_primary' not found in the index for episode 6. Please ensure the dataset was enhanced correctly."
[2025-11-04 20:06:01,944][utils.vip_c_dataset][ERROR] - Error loading data for sample index 1767 (ep: 6, t: 204). Error: "Modality 'goal_image_primary' not found in the index for episode 6. Please ensure the dataset was enhanced correctly."
[2025-11-04 20:06:01,944][utils.vip_c_dataset][ERROR] - Error loading data for sample index 1768 (ep: 6, t: 205). Error: "Modality 'goal_image_primary' not found in the index for episode 6. Please ensure the dataset was enhanced correctly."
[2025-11-04 20:06:01,944][utils.vip_c_dataset][ERROR] - Error loading data for sample index 1769 (ep: 6, t: 206). Error: "Modality 'goal_image_primary' not found in the index for episode 6. Please ensure the dataset was enhanced correctly."
[2025-11-04 20:06:01,945][utils.vip_c_dataset][ERROR] - Error loading data for sample index 1770 (ep: 6, t: 207). Error: "Modality 'goal_image_primary' not found in the index for episode 6. Please ensure the dataset was enhanced correctly."
[2025-11-04 20:06:01,945][utils.vip_c_dataset][ERROR] - Error loading data for sample index 1771 (ep: 6, t: 208). Error: "Modality 'goal_image_primary' not found in the index for episode 6. Please ensure the dataset was enhanced correctly."
[2025-11-04 20:06:01,946][utils.vip_c_dataset][ERROR] - Error loading data for sample index 1772 (ep: 6, t: 209). Error: "Modality 'goal_image_primary' not found in the index for episode 6. Please ensure the dataset was enhanced correctly."
[2025-11-04 20:06:01,946][utils.vip_c_dataset][ERROR] - Error loading data for sample index 1773 (ep: 6, t: 210). Error: "Modality 'goal_image_primary' not found in the index for episode 6. Please ensure the dataset was enhanced correctly."
[2025-11-04 20:06:01,946][utils.vip_c_dataset][ERROR] - Error loading data for sample index 1774 (ep: 6, t: 211). Error: "Modality 'goal_image_primary' not found in the index for episode 6. Please ensure the dataset was enhanced correctly."
[2025-11-04 20:06:01,947][utils.vip_c_dataset][ERROR] - Error loading data for sample index 1775 (ep: 6, t: 212). Error: "Modality 'goal_image_primary' not found in the index for episode 6. Please ensure the dataset was enhanced correctly."
[2025-11-04 20:06:01,947][utils.vip_c_dataset][ERROR] - Error loading data for sample index 1776 (ep: 6, t: 213). Error: "Modality 'goal_image_primary' not found in the index for episode 6. Please ensure the dataset was enhanced correctly."
[2025-11-04 20:06:01,947][utils.vip_c_dataset][ERROR] - Error loading data for sample index 1777 (ep: 6, t: 214). Error: "Modality 'goal_image_primary' not found in the index for episode 6. Please ensure the dataset was enhanced correctly."
[2025-11-04 20:06:01,948][utils.vip_c_dataset][ERROR] - Error loading data for sample index 1778 (ep: 6, t: 215). Error: "Modality 'goal_image_primary' not found in the index for episode 6. Please ensure the dataset was enhanced correctly."
[2025-11-04 20:06:01,948][utils.vip_c_dataset][ERROR] - Error loading data for sample index 1779 (ep: 6, t: 216). Error: "Modality 'goal_image_primary' not found in the index for episode 6. Please ensure the dataset was enhanced correctly."
[2025-11-04 20:06:01,949][utils.vip_c_dataset][ERROR] - Error loading data for sample index 1780 (ep: 6, t: 217). Error: "Modality 'goal_image_primary' not found in the index for episode 6. Please ensure the dataset was enhanced correctly."
[2025-11-04 20:06:01,949][utils.vip_c_dataset][ERROR] - Error loading data for sample index 1781 (ep: 6, t: 218). Error: "Modality 'goal_image_primary' not found in the index for episode 6. Please ensure the dataset was enhanced correctly."
[2025-11-04 20:06:01,950][utils.vip_c_dataset][ERROR] - Error loading data for sample index 1782 (ep: 6, t: 219). Error: "Modality 'goal_image_primary' not found in the index for episode 6. Please ensure the dataset was enhanced correctly."
[2025-11-04 20:06:01,950][utils.vip_c_dataset][ERROR] - Error loading data for sample index 1783 (ep: 6, t: 220). Error: "Modality 'goal_image_primary' not found in the index for episode 6. Please ensure the dataset was enhanced correctly."
[2025-11-04 20:06:01,950][utils.vip_c_dataset][ERROR] - Error loading data for sample index 1784 (ep: 6, t: 221). Error: "Modality 'goal_image_primary' not found in the index for episode 6. Please ensure the dataset was enhanced correctly."
[2025-11-04 20:06:01,951][utils.vip_c_dataset][ERROR] - Error loading data for sample index 1785 (ep: 6, t: 222). Error: "Modality 'goal_image_primary' not found in the index for episode 6. Please ensure the dataset was enhanced correctly."
[2025-11-04 20:06:01,951][utils.vip_c_dataset][ERROR] - Error loading data for sample index 1786 (ep: 6, t: 223). Error: "Modality 'goal_image_primary' not found in the index for episode 6. Please ensure the dataset was enhanced correctly."
[2025-11-04 20:06:01,951][utils.vip_c_dataset][ERROR] - Error loading data for sample index 1787 (ep: 6, t: 224). Error: "Modality 'goal_image_primary' not found in the index for episode 6. Please ensure the dataset was enhanced correctly."
[2025-11-04 20:06:01,952][utils.vip_c_dataset][ERROR] - Error loading data for sample index 1788 (ep: 6, t: 225). Error: "Modality 'goal_image_primary' not found in the index for episode 6. Please ensure the dataset was enhanced correctly."
[2025-11-04 20:06:01,952][utils.vip_c_dataset][ERROR] - Error loading data for sample index 1789 (ep: 6, t: 226). Error: "Modality 'goal_image_primary' not found in the index for episode 6. Please ensure the dataset was enhanced correctly."
[2025-11-04 20:06:01,952][utils.vip_c_dataset][ERROR] - Error loading data for sample index 1790 (ep: 6, t: 227). Error: "Modality 'goal_image_primary' not found in the index for episode 6. Please ensure the dataset was enhanced correctly."
[2025-11-04 20:06:01,953][utils.vip_c_dataset][ERROR] - Error loading data for sample index 1791 (ep: 6, t: 228). Error: "Modality 'goal_image_primary' not found in the index for episode 6. Please ensure the dataset was enhanced correctly."
[2025-11-04 20:06:01,954][utils.vip_c_dataset][WARNING] - An entire batch of data loading failed. Skipping batch.
[2025-11-04 20:06:01,954][utils.vip_c_dataset][ERROR] - Error loading data for sample index 1792 (ep: 6, t: 229). Error: "Modality 'goal_image_primary' not found in the index for episode 6. Please ensure the dataset was enhanced correctly."
[2025-11-04 20:06:01,955][utils.vip_c_dataset][ERROR] - Error loading data for sample index 1793 (ep: 6, t: 230). Error: "Modality 'goal_image_primary' not found in the index for episode 6. Please ensure the dataset was enhanced correctly."
[2025-11-04 20:06:01,956][utils.vip_c_dataset][ERROR] - Error loading data for sample index 1794 (ep: 6, t: 231). Error: "Modality 'goal_image_primary' not found in the index for episode 6. Please ensure the dataset was enhanced correctly."
[2025-11-04 20:06:01,956][utils.vip_c_dataset][ERROR] - Error loading data for sample index 1795 (ep: 6, t: 232). Error: "Modality 'goal_image_primary' not found in the index for episode 6. Please ensure the dataset was enhanced correctly."
[2025-11-04 20:06:01,957][utils.vip_c_dataset][ERROR] - Error loading data for sample index 1796 (ep: 6, t: 233). Error: "Modality 'goal_image_primary' not found in the index for episode 6. Please ensure the dataset was enhanced correctly."
[2025-11-04 20:06:01,957][utils.vip_c_dataset][ERROR] - Error loading data for sample index 1797 (ep: 6, t: 234). Error: "Modality 'goal_image_primary' not found in the index for episode 6. Please ensure the dataset was enhanced correctly."
[2025-11-04 20:06:01,957][utils.vip_c_dataset][ERROR] - Error loading data for sample index 1798 (ep: 6, t: 235). Error: "Modality 'goal_image_primary' not found in the index for episode 6. Please ensure the dataset was enhanced correctly."
[2025-11-04 20:06:01,958][utils.vip_c_dataset][ERROR] - Error loading data for sample index 1799 (ep: 6, t: 236). Error: "Modality 'goal_image_primary' not found in the index for episode 6. Please ensure the dataset was enhanced correctly."
[2025-11-04 20:06:01,959][utils.vip_c_dataset][ERROR] - Error loading data for sample index 1800 (ep: 6, t: 237). Error: "Modality 'goal_image_primary' not found in the index for episode 6. Please ensure the dataset was enhanced correctly."
[2025-11-04 20:06:01,959][utils.vip_c_dataset][ERROR] - Error loading data for sample index 1801 (ep: 6, t: 238). Error: "Modality 'goal_image_primary' not found in the index for episode 6. Please ensure the dataset was enhanced correctly."
[2025-11-04 20:06:01,960][utils.vip_c_dataset][ERROR] - Error loading data for sample index 1802 (ep: 6, t: 239). Error: "Modality 'goal_image_primary' not found in the index for episode 6. Please ensure the dataset was enhanced correctly."
[2025-11-04 20:06:01,960][utils.vip_c_dataset][ERROR] - Error loading data for sample index 1803 (ep: 6, t: 240). Error: "Modality 'goal_image_primary' not found in the index for episode 6. Please ensure the dataset was enhanced correctly."
[2025-11-04 20:06:01,960][utils.vip_c_dataset][ERROR] - Error loading data for sample index 1804 (ep: 6, t: 241). Error: "Modality 'goal_image_primary' not found in the index for episode 6. Please ensure the dataset was enhanced correctly."
[2025-11-04 20:06:01,961][utils.vip_c_dataset][ERROR] - Error loading data for sample index 1805 (ep: 6, t: 242). Error: "Modality 'goal_image_primary' not found in the index for episode 6. Please ensure the dataset was enhanced correctly."
[2025-11-04 20:06:01,962][utils.vip_c_dataset][ERROR] - Error loading data for sample index 1806 (ep: 6, t: 243). Error: "Modality 'goal_image_primary' not found in the index for episode 6. Please ensure the dataset was enhanced correctly."
[2025-11-04 20:06:01,962][utils.vip_c_dataset][ERROR] - Error loading data for sample index 1807 (ep: 6, t: 244). Error: "Modality 'goal_image_primary' not found in the index for episode 6. Please ensure the dataset was enhanced correctly."
[2025-11-04 20:06:01,962][utils.vip_c_dataset][ERROR] - Error loading data for sample index 1808 (ep: 6, t: 245). Error: "Modality 'goal_image_primary' not found in the index for episode 6. Please ensure the dataset was enhanced correctly."
[2025-11-04 20:06:02,143][utils.vip_c_dataset][ERROR] - Error loading data for sample index 1809 (ep: 7, t: 1). Error: "Modality 'goal_image_primary' not found in the index for episode 7. Please ensure the dataset was enhanced correctly."
[2025-11-04 20:06:02,144][utils.vip_c_dataset][ERROR] - Error loading data for sample index 1810 (ep: 7, t: 2). Error: "Modality 'goal_image_primary' not found in the index for episode 7. Please ensure the dataset was enhanced correctly."
[2025-11-04 20:06:02,145][utils.vip_c_dataset][ERROR] - Error loading data for sample index 1811 (ep: 7, t: 3). Error: "Modality 'goal_image_primary' not found in the index for episode 7. Please ensure the dataset was enhanced correctly."
[2025-11-04 20:06:02,145][utils.vip_c_dataset][ERROR] - Error loading data for sample index 1812 (ep: 7, t: 4). Error: "Modality 'goal_image_primary' not found in the index for episode 7. Please ensure the dataset was enhanced correctly."
[2025-11-04 20:06:02,146][utils.vip_c_dataset][ERROR] - Error loading data for sample index 1813 (ep: 7, t: 5). Error: "Modality 'goal_image_primary' not found in the index for episode 7. Please ensure the dataset was enhanced correctly."
[2025-11-04 20:06:02,146][utils.vip_c_dataset][ERROR] - Error loading data for sample index 1814 (ep: 7, t: 6). Error: "Modality 'goal_image_primary' not found in the index for episode 7. Please ensure the dataset was enhanced correctly."
[2025-11-04 20:06:02,147][utils.vip_c_dataset][ERROR] - Error loading data for sample index 1815 (ep: 7, t: 7). Error: "Modality 'goal_image_primary' not found in the index for episode 7. Please ensure the dataset was enhanced correctly."
[2025-11-04 20:06:02,147][utils.vip_c_dataset][ERROR] - Error loading data for sample index 1816 (ep: 7, t: 8). Error: "Modality 'goal_image_primary' not found in the index for episode 7. Please ensure the dataset was enhanced correctly."
[2025-11-04 20:06:02,148][utils.vip_c_dataset][ERROR] - Error loading data for sample index 1817 (ep: 7, t: 9). Error: "Modality 'goal_image_primary' not found in the index for episode 7. Please ensure the dataset was enhanced correctly."
[2025-11-04 20:06:02,148][utils.vip_c_dataset][ERROR] - Error loading data for sample index 1818 (ep: 7, t: 10). Error: "Modality 'goal_image_primary' not found in the index for episode 7. Please ensure the dataset was enhanced correctly."
[2025-11-04 20:06:02,149][utils.vip_c_dataset][ERROR] - Error loading data for sample index 1819 (ep: 7, t: 11). Error: "Modality 'goal_image_primary' not found in the index for episode 7. Please ensure the dataset was enhanced correctly."
[2025-11-04 20:06:02,150][utils.vip_c_dataset][ERROR] - Error loading data for sample index 1820 (ep: 7, t: 12). Error: "Modality 'goal_image_primary' not found in the index for episode 7. Please ensure the dataset was enhanced correctly."
[2025-11-04 20:06:02,150][utils.vip_c_dataset][ERROR] - Error loading data for sample index 1821 (ep: 7, t: 13). Error: "Modality 'goal_image_primary' not found in the index for episode 7. Please ensure the dataset was enhanced correctly."
[2025-11-04 20:06:02,151][utils.vip_c_dataset][ERROR] - Error loading data for sample index 1822 (ep: 7, t: 14). Error: "Modality 'goal_image_primary' not found in the index for episode 7. Please ensure the dataset was enhanced correctly."
[2025-11-04 20:06:02,151][utils.vip_c_dataset][ERROR] - Error loading data for sample index 1823 (ep: 7, t: 15). Error: "Modality 'goal_image_primary' not found in the index for episode 7. Please ensure the dataset was enhanced correctly."
[2025-11-04 20:06:02,152][utils.vip_c_dataset][WARNING] - An entire batch of data loading failed. Skipping batch.
[2025-11-04 20:06:02,152][utils.vip_c_dataset][ERROR] - Error loading data for sample index 1824 (ep: 7, t: 16). Error: "Modality 'goal_image_primary' not found in the index for episode 7. Please ensure the dataset was enhanced correctly."
[2025-11-04 20:06:02,153][utils.vip_c_dataset][ERROR] - Error loading data for sample index 1825 (ep: 7, t: 17). Error: "Modality 'goal_image_primary' not found in the index for episode 7. Please ensure the dataset was enhanced correctly."
[2025-11-04 20:06:02,153][utils.vip_c_dataset][ERROR] - Error loading data for sample index 1826 (ep: 7, t: 18). Error: "Modality 'goal_image_primary' not found in the index for episode 7. Please ensure the dataset was enhanced correctly."
[2025-11-04 20:06:02,154][utils.vip_c_dataset][ERROR] - Error loading data for sample index 1827 (ep: 7, t: 19). Error: "Modality 'goal_image_primary' not found in the index for episode 7. Please ensure the dataset was enhanced correctly."
[2025-11-04 20:06:02,154][utils.vip_c_dataset][ERROR] - Error loading data for sample index 1828 (ep: 7, t: 20). Error: "Modality 'goal_image_primary' not found in the index for episode 7. Please ensure the dataset was enhanced correctly."
[2025-11-04 20:06:02,155][utils.vip_c_dataset][ERROR] - Error loading data for sample index 1829 (ep: 7, t: 21). Error: "Modality 'goal_image_primary' not found in the index for episode 7. Please ensure the dataset was enhanced correctly."
[2025-11-04 20:06:02,155][utils.vip_c_dataset][ERROR] - Error loading data for sample index 1830 (ep: 7, t: 22). Error: "Modality 'goal_image_primary' not found in the index for episode 7. Please ensure the dataset was enhanced correctly."
[2025-11-04 20:06:02,156][utils.vip_c_dataset][ERROR] - Error loading data for sample index 1831 (ep: 7, t: 23). Error: "Modality 'goal_image_primary' not found in the index for episode 7. Please ensure the dataset was enhanced correctly."
[2025-11-04 20:06:02,157][utils.vip_c_dataset][ERROR] - Error loading data for sample index 1832 (ep: 7, t: 24). Error: "Modality 'goal_image_primary' not found in the index for episode 7. Please ensure the dataset was enhanced correctly."
[2025-11-04 20:06:02,157][utils.vip_c_dataset][ERROR] - Error loading data for sample index 1833 (ep: 7, t: 25). Error: "Modality 'goal_image_primary' not found in the index for episode 7. Please ensure the dataset was enhanced correctly."
[2025-11-04 20:06:02,158][utils.vip_c_dataset][ERROR] - Error loading data for sample index 1834 (ep: 7, t: 26). Error: "Modality 'goal_image_primary' not found in the index for episode 7. Please ensure the dataset was enhanced correctly."
[2025-11-04 20:06:02,158][utils.vip_c_dataset][ERROR] - Error loading data for sample index 1835 (ep: 7, t: 27). Error: "Modality 'goal_image_primary' not found in the index for episode 7. Please ensure the dataset was enhanced correctly."
[2025-11-04 20:06:02,159][utils.vip_c_dataset][ERROR] - Error loading data for sample index 1836 (ep: 7, t: 28). Error: "Modality 'goal_image_primary' not found in the index for episode 7. Please ensure the dataset was enhanced correctly."
[2025-11-04 20:06:02,159][utils.vip_c_dataset][ERROR] - Error loading data for sample index 1837 (ep: 7, t: 29). Error: "Modality 'goal_image_primary' not found in the index for episode 7. Please ensure the dataset was enhanced correctly."
[2025-11-04 20:06:02,160][utils.vip_c_dataset][ERROR] - Error loading data for sample index 1838 (ep: 7, t: 30). Error: "Modality 'goal_image_primary' not found in the index for episode 7. Please ensure the dataset was enhanced correctly."
[2025-11-04 20:06:02,160][utils.vip_c_dataset][ERROR] - Error loading data for sample index 1839 (ep: 7, t: 31). Error: "Modality 'goal_image_primary' not found in the index for episode 7. Please ensure the dataset was enhanced correctly."
[2025-11-04 20:06:02,161][utils.vip_c_dataset][ERROR] - Error loading data for sample index 1840 (ep: 7, t: 32). Error: "Modality 'goal_image_primary' not found in the index for episode 7. Please ensure the dataset was enhanced correctly."
[2025-11-04 20:06:02,161][utils.vip_c_dataset][ERROR] - Error loading data for sample index 1841 (ep: 7, t: 33). Error: "Modality 'goal_image_primary' not found in the index for episode 7. Please ensure the dataset was enhanced correctly."
[2025-11-04 20:06:02,162][utils.vip_c_dataset][ERROR] - Error loading data for sample index 1842 (ep: 7, t: 34). Error: "Modality 'goal_image_primary' not found in the index for episode 7. Please ensure the dataset was enhanced correctly."
[2025-11-04 20:06:02,163][utils.vip_c_dataset][ERROR] - Error loading data for sample index 1843 (ep: 7, t: 35). Error: "Modality 'goal_image_primary' not found in the index for episode 7. Please ensure the dataset was enhanced correctly."
[2025-11-04 20:06:02,163][utils.vip_c_dataset][ERROR] - Error loading data for sample index 1844 (ep: 7, t: 36). Error: "Modality 'goal_image_primary' not found in the index for episode 7. Please ensure the dataset was enhanced correctly."
[2025-11-04 20:06:02,164][utils.vip_c_dataset][ERROR] - Error loading data for sample index 1845 (ep: 7, t: 37). Error: "Modality 'goal_image_primary' not found in the index for episode 7. Please ensure the dataset was enhanced correctly."
[2025-11-04 20:06:02,164][utils.vip_c_dataset][ERROR] - Error loading data for sample index 1846 (ep: 7, t: 38). Error: "Modality 'goal_image_primary' not found in the index for episode 7. Please ensure the dataset was enhanced correctly."
[2025-11-04 20:06:02,165][utils.vip_c_dataset][ERROR] - Error loading data for sample index 1847 (ep: 7, t: 39). Error: "Modality 'goal_image_primary' not found in the index for episode 7. Please ensure the dataset was enhanced correctly."
[2025-11-04 20:06:02,165][utils.vip_c_dataset][ERROR] - Error loading data for sample index 1848 (ep: 7, t: 40). Error: "Modality 'goal_image_primary' not found in the index for episode 7. Please ensure the dataset was enhanced correctly."
[2025-11-04 20:06:02,165][utils.vip_c_dataset][ERROR] - Error loading data for sample index 1849 (ep: 7, t: 41). Error: "Modality 'goal_image_primary' not found in the index for episode 7. Please ensure the dataset was enhanced correctly."
[2025-11-04 20:06:02,166][utils.vip_c_dataset][ERROR] - Error loading data for sample index 1850 (ep: 7, t: 42). Error: "Modality 'goal_image_primary' not found in the index for episode 7. Please ensure the dataset was enhanced correctly."
[2025-11-04 20:06:02,166][utils.vip_c_dataset][ERROR] - Error loading data for sample index 1851 (ep: 7, t: 43). Error: "Modality 'goal_image_primary' not found in the index for episode 7. Please ensure the dataset was enhanced correctly."
[2025-11-04 20:06:02,167][utils.vip_c_dataset][ERROR] - Error loading data for sample index 1852 (ep: 7, t: 44). Error: "Modality 'goal_image_primary' not found in the index for episode 7. Please ensure the dataset was enhanced correctly."
[2025-11-04 20:06:02,167][utils.vip_c_dataset][ERROR] - Error loading data for sample index 1853 (ep: 7, t: 45). Error: "Modality 'goal_image_primary' not found in the index for episode 7. Please ensure the dataset was enhanced correctly."
[2025-11-04 20:06:02,168][utils.vip_c_dataset][ERROR] - Error loading data for sample index 1854 (ep: 7, t: 46). Error: "Modality 'goal_image_primary' not found in the index for episode 7. Please ensure the dataset was enhanced correctly."
[2025-11-04 20:06:02,168][utils.vip_c_dataset][ERROR] - Error loading data for sample index 1855 (ep: 7, t: 47). Error: "Modality 'goal_image_primary' not found in the index for episode 7. Please ensure the dataset was enhanced correctly."
[2025-11-04 20:06:02,168][utils.vip_c_dataset][WARNING] - An entire batch of data loading failed. Skipping batch.
[2025-11-04 20:06:02,169][utils.vip_c_dataset][ERROR] - Error loading data for sample index 1856 (ep: 7, t: 48). Error: "Modality 'goal_image_primary' not found in the index for episode 7. Please ensure the dataset was enhanced correctly."
[2025-11-04 20:06:02,170][utils.vip_c_dataset][ERROR] - Error loading data for sample index 1857 (ep: 7, t: 49). Error: "Modality 'goal_image_primary' not found in the index for episode 7. Please ensure the dataset was enhanced correctly."
[2025-11-04 20:06:02,171][utils.vip_c_dataset][ERROR] - Error loading data for sample index 1858 (ep: 7, t: 50). Error: "Modality 'goal_image_primary' not found in the index for episode 7. Please ensure the dataset was enhanced correctly."
[2025-11-04 20:06:02,171][utils.vip_c_dataset][ERROR] - Error loading data for sample index 1859 (ep: 7, t: 51). Error: "Modality 'goal_image_primary' not found in the index for episode 7. Please ensure the dataset was enhanced correctly."
[2025-11-04 20:06:02,172][utils.vip_c_dataset][ERROR] - Error loading data for sample index 1860 (ep: 7, t: 52). Error: "Modality 'goal_image_primary' not found in the index for episode 7. Please ensure the dataset was enhanced correctly."
[2025-11-04 20:06:02,173][utils.vip_c_dataset][ERROR] - Error loading data for sample index 1861 (ep: 7, t: 53). Error: "Modality 'goal_image_primary' not found in the index for episode 7. Please ensure the dataset was enhanced correctly."
[2025-11-04 20:06:02,173][utils.vip_c_dataset][ERROR] - Error loading data for sample index 1862 (ep: 7, t: 54). Error: "Modality 'goal_image_primary' not found in the index for episode 7. Please ensure the dataset was enhanced correctly."
[2025-11-04 20:06:02,174][utils.vip_c_dataset][ERROR] - Error loading data for sample index 1863 (ep: 7, t: 55). Error: "Modality 'goal_image_primary' not found in the index for episode 7. Please ensure the dataset was enhanced correctly."
[2025-11-04 20:06:02,174][utils.vip_c_dataset][ERROR] - Error loading data for sample index 1864 (ep: 7, t: 56). Error: "Modality 'goal_image_primary' not found in the index for episode 7. Please ensure the dataset was enhanced correctly."
[2025-11-04 20:06:02,175][utils.vip_c_dataset][ERROR] - Error loading data for sample index 1865 (ep: 7, t: 57). Error: "Modality 'goal_image_primary' not found in the index for episode 7. Please ensure the dataset was enhanced correctly."
[2025-11-04 20:06:02,176][utils.vip_c_dataset][ERROR] - Error loading data for sample index 1866 (ep: 7, t: 58). Error: "Modality 'goal_image_primary' not found in the index for episode 7. Please ensure the dataset was enhanced correctly."
[2025-11-04 20:06:02,176][utils.vip_c_dataset][ERROR] - Error loading data for sample index 1867 (ep: 7, t: 59). Error: "Modality 'goal_image_primary' not found in the index for episode 7. Please ensure the dataset was enhanced correctly."
[2025-11-04 20:06:02,177][utils.vip_c_dataset][ERROR] - Error loading data for sample index 1868 (ep: 7, t: 60). Error: "Modality 'goal_image_primary' not found in the index for episode 7. Please ensure the dataset was enhanced correctly."
[2025-11-04 20:06:02,177][utils.vip_c_dataset][ERROR] - Error loading data for sample index 1869 (ep: 7, t: 61). Error: "Modality 'goal_image_primary' not found in the index for episode 7. Please ensure the dataset was enhanced correctly."
[2025-11-04 20:06:02,178][utils.vip_c_dataset][ERROR] - Error loading data for sample index 1870 (ep: 7, t: 62). Error: "Modality 'goal_image_primary' not found in the index for episode 7. Please ensure the dataset was enhanced correctly."
[2025-11-04 20:06:02,178][utils.vip_c_dataset][ERROR] - Error loading data for sample index 1871 (ep: 7, t: 63). Error: "Modality 'goal_image_primary' not found in the index for episode 7. Please ensure the dataset was enhanced correctly."
[2025-11-04 20:06:02,179][utils.vip_c_dataset][ERROR] - Error loading data for sample index 1872 (ep: 7, t: 64). Error: "Modality 'goal_image_primary' not found in the index for episode 7. Please ensure the dataset was enhanced correctly."
[2025-11-04 20:06:02,179][utils.vip_c_dataset][ERROR] - Error loading data for sample index 1873 (ep: 7, t: 65). Error: "Modality 'goal_image_primary' not found in the index for episode 7. Please ensure the dataset was enhanced correctly."
[2025-11-04 20:06:02,180][utils.vip_c_dataset][ERROR] - Error loading data for sample index 1874 (ep: 7, t: 66). Error: "Modality 'goal_image_primary' not found in the index for episode 7. Please ensure the dataset was enhanced correctly."
[2025-11-04 20:06:02,180][utils.vip_c_dataset][ERROR] - Error loading data for sample index 1875 (ep: 7, t: 67). Error: "Modality 'goal_image_primary' not found in the index for episode 7. Please ensure the dataset was enhanced correctly."
[2025-11-04 20:06:02,181][utils.vip_c_dataset][ERROR] - Error loading data for sample index 1876 (ep: 7, t: 68). Error: "Modality 'goal_image_primary' not found in the index for episode 7. Please ensure the dataset was enhanced correctly."
[2025-11-04 20:06:02,181][utils.vip_c_dataset][ERROR] - Error loading data for sample index 1877 (ep: 7, t: 69). Error: "Modality 'goal_image_primary' not found in the index for episode 7. Please ensure the dataset was enhanced correctly."
[2025-11-04 20:06:02,182][utils.vip_c_dataset][ERROR] - Error loading data for sample index 1878 (ep: 7, t: 70). Error: "Modality 'goal_image_primary' not found in the index for episode 7. Please ensure the dataset was enhanced correctly."
[2025-11-04 20:06:02,182][utils.vip_c_dataset][ERROR] - Error loading data for sample index 1879 (ep: 7, t: 71). Error: "Modality 'goal_image_primary' not found in the index for episode 7. Please ensure the dataset was enhanced correctly."
[2025-11-04 20:06:02,183][utils.vip_c_dataset][ERROR] - Error loading data for sample index 1880 (ep: 7, t: 72). Error: "Modality 'goal_image_primary' not found in the index for episode 7. Please ensure the dataset was enhanced correctly."
[2025-11-04 20:06:02,183][utils.vip_c_dataset][ERROR] - Error loading data for sample index 1881 (ep: 7, t: 73). Error: "Modality 'goal_image_primary' not found in the index for episode 7. Please ensure the dataset was enhanced correctly."
[2025-11-04 20:06:02,184][utils.vip_c_dataset][ERROR] - Error loading data for sample index 1882 (ep: 7, t: 74). Error: "Modality 'goal_image_primary' not found in the index for episode 7. Please ensure the dataset was enhanced correctly."
[2025-11-04 20:06:02,184][utils.vip_c_dataset][ERROR] - Error loading data for sample index 1883 (ep: 7, t: 75). Error: "Modality 'goal_image_primary' not found in the index for episode 7. Please ensure the dataset was enhanced correctly."
[2025-11-04 20:06:02,185][utils.vip_c_dataset][ERROR] - Error loading data for sample index 1884 (ep: 7, t: 76). Error: "Modality 'goal_image_primary' not found in the index for episode 7. Please ensure the dataset was enhanced correctly."
[2025-11-04 20:06:02,185][utils.vip_c_dataset][ERROR] - Error loading data for sample index 1885 (ep: 7, t: 77). Error: "Modality 'goal_image_primary' not found in the index for episode 7. Please ensure the dataset was enhanced correctly."
[2025-11-04 20:06:02,186][utils.vip_c_dataset][ERROR] - Error loading data for sample index 1886 (ep: 7, t: 78). Error: "Modality 'goal_image_primary' not found in the index for episode 7. Please ensure the dataset was enhanced correctly."
[2025-11-04 20:06:02,186][utils.vip_c_dataset][ERROR] - Error loading data for sample index 1887 (ep: 7, t: 79). Error: "Modality 'goal_image_primary' not found in the index for episode 7. Please ensure the dataset was enhanced correctly."
[2025-11-04 20:06:02,187][utils.vip_c_dataset][WARNING] - An entire batch of data loading failed. Skipping batch.
[2025-11-04 20:06:02,188][utils.vip_c_dataset][ERROR] - Error loading data for sample index 1888 (ep: 7, t: 80). Error: "Modality 'goal_image_primary' not found in the index for episode 7. Please ensure the dataset was enhanced correctly."
[2025-11-04 20:06:02,189][utils.vip_c_dataset][ERROR] - Error loading data for sample index 1889 (ep: 7, t: 81). Error: "Modality 'goal_image_primary' not found in the index for episode 7. Please ensure the dataset was enhanced correctly."
[2025-11-04 20:06:02,189][utils.vip_c_dataset][ERROR] - Error loading data for sample index 1890 (ep: 7, t: 82). Error: "Modality 'goal_image_primary' not found in the index for episode 7. Please ensure the dataset was enhanced correctly."
[2025-11-04 20:06:02,190][utils.vip_c_dataset][ERROR] - Error loading data for sample index 1891 (ep: 7, t: 83). Error: "Modality 'goal_image_primary' not found in the index for episode 7. Please ensure the dataset was enhanced correctly."
[2025-11-04 20:06:02,190][utils.vip_c_dataset][ERROR] - Error loading data for sample index 1892 (ep: 7, t: 84). Error: "Modality 'goal_image_primary' not found in the index for episode 7. Please ensure the dataset was enhanced correctly."
[2025-11-04 20:06:02,191][utils.vip_c_dataset][ERROR] - Error loading data for sample index 1893 (ep: 7, t: 85). Error: "Modality 'goal_image_primary' not found in the index for episode 7. Please ensure the dataset was enhanced correctly."
[2025-11-04 20:06:02,191][utils.vip_c_dataset][ERROR] - Error loading data for sample index 1894 (ep: 7, t: 86). Error: "Modality 'goal_image_primary' not found in the index for episode 7. Please ensure the dataset was enhanced correctly."
[2025-11-04 20:06:02,192][utils.vip_c_dataset][ERROR] - Error loading data for sample index 1895 (ep: 7, t: 87). Error: "Modality 'goal_image_primary' not found in the index for episode 7. Please ensure the dataset was enhanced correctly."
[2025-11-04 20:06:02,193][utils.vip_c_dataset][ERROR] - Error loading data for sample index 1896 (ep: 7, t: 88). Error: "Modality 'goal_image_primary' not found in the index for episode 7. Please ensure the dataset was enhanced correctly."
[2025-11-04 20:06:02,193][utils.vip_c_dataset][ERROR] - Error loading data for sample index 1897 (ep: 7, t: 89). Error: "Modality 'goal_image_primary' not found in the index for episode 7. Please ensure the dataset was enhanced correctly."
[2025-11-04 20:06:02,194][utils.vip_c_dataset][ERROR] - Error loading data for sample index 1898 (ep: 7, t: 90). Error: "Modality 'goal_image_primary' not found in the index for episode 7. Please ensure the dataset was enhanced correctly."
[2025-11-04 20:06:02,194][utils.vip_c_dataset][ERROR] - Error loading data for sample index 1899 (ep: 7, t: 91). Error: "Modality 'goal_image_primary' not found in the index for episode 7. Please ensure the dataset was enhanced correctly."
[2025-11-04 20:06:02,195][utils.vip_c_dataset][ERROR] - Error loading data for sample index 1900 (ep: 7, t: 92). Error: "Modality 'goal_image_primary' not found in the index for episode 7. Please ensure the dataset was enhanced correctly."
[2025-11-04 20:06:02,195][utils.vip_c_dataset][ERROR] - Error loading data for sample index 1901 (ep: 7, t: 93). Error: "Modality 'goal_image_primary' not found in the index for episode 7. Please ensure the dataset was enhanced correctly."
[2025-11-04 20:06:02,196][utils.vip_c_dataset][ERROR] - Error loading data for sample index 1902 (ep: 7, t: 94). Error: "Modality 'goal_image_primary' not found in the index for episode 7. Please ensure the dataset was enhanced correctly."
[2025-11-04 20:06:02,196][utils.vip_c_dataset][ERROR] - Error loading data for sample index 1903 (ep: 7, t: 95). Error: "Modality 'goal_image_primary' not found in the index for episode 7. Please ensure the dataset was enhanced correctly."
[2025-11-04 20:06:02,197][utils.vip_c_dataset][ERROR] - Error loading data for sample index 1904 (ep: 7, t: 96). Error: "Modality 'goal_image_primary' not found in the index for episode 7. Please ensure the dataset was enhanced correctly."
[2025-11-04 20:06:02,197][utils.vip_c_dataset][ERROR] - Error loading data for sample index 1905 (ep: 7, t: 97). Error: "Modality 'goal_image_primary' not found in the index for episode 7. Please ensure the dataset was enhanced correctly."
[2025-11-04 20:06:02,198][utils.vip_c_dataset][ERROR] - Error loading data for sample index 1906 (ep: 7, t: 98). Error: "Modality 'goal_image_primary' not found in the index for episode 7. Please ensure the dataset was enhanced correctly."
[2025-11-04 20:06:02,198][utils.vip_c_dataset][ERROR] - Error loading data for sample index 1907 (ep: 7, t: 99). Error: "Modality 'goal_image_primary' not found in the index for episode 7. Please ensure the dataset was enhanced correctly."
[2025-11-04 20:06:02,199][utils.vip_c_dataset][ERROR] - Error loading data for sample index 1908 (ep: 7, t: 100). Error: "Modality 'goal_image_primary' not found in the index for episode 7. Please ensure the dataset was enhanced correctly."
[2025-11-04 20:06:02,199][utils.vip_c_dataset][ERROR] - Error loading data for sample index 1909 (ep: 7, t: 101). Error: "Modality 'goal_image_primary' not found in the index for episode 7. Please ensure the dataset was enhanced correctly."
[2025-11-04 20:06:02,200][utils.vip_c_dataset][ERROR] - Error loading data for sample index 1910 (ep: 7, t: 102). Error: "Modality 'goal_image_primary' not found in the index for episode 7. Please ensure the dataset was enhanced correctly."
[2025-11-04 20:06:02,200][utils.vip_c_dataset][ERROR] - Error loading data for sample index 1911 (ep: 7, t: 103). Error: "Modality 'goal_image_primary' not found in the index for episode 7. Please ensure the dataset was enhanced correctly."
[2025-11-04 20:06:02,201][utils.vip_c_dataset][ERROR] - Error loading data for sample index 1912 (ep: 7, t: 104). Error: "Modality 'goal_image_primary' not found in the index for episode 7. Please ensure the dataset was enhanced correctly."
[2025-11-04 20:06:02,201][utils.vip_c_dataset][ERROR] - Error loading data for sample index 1913 (ep: 7, t: 105). Error: "Modality 'goal_image_primary' not found in the index for episode 7. Please ensure the dataset was enhanced correctly."
[2025-11-04 20:06:02,202][utils.vip_c_dataset][ERROR] - Error loading data for sample index 1914 (ep: 7, t: 106). Error: "Modality 'goal_image_primary' not found in the index for episode 7. Please ensure the dataset was enhanced correctly."
[2025-11-04 20:06:02,202][utils.vip_c_dataset][ERROR] - Error loading data for sample index 1915 (ep: 7, t: 107). Error: "Modality 'goal_image_primary' not found in the index for episode 7. Please ensure the dataset was enhanced correctly."
[2025-11-04 20:06:02,203][utils.vip_c_dataset][ERROR] - Error loading data for sample index 1916 (ep: 7, t: 108). Error: "Modality 'goal_image_primary' not found in the index for episode 7. Please ensure the dataset was enhanced correctly."
[2025-11-04 20:06:02,203][utils.vip_c_dataset][ERROR] - Error loading data for sample index 1917 (ep: 7, t: 109). Error: "Modality 'goal_image_primary' not found in the index for episode 7. Please ensure the dataset was enhanced correctly."
[2025-11-04 20:06:02,204][utils.vip_c_dataset][ERROR] - Error loading data for sample index 1918 (ep: 7, t: 110). Error: "Modality 'goal_image_primary' not found in the index for episode 7. Please ensure the dataset was enhanced correctly."
[2025-11-04 20:06:02,204][utils.vip_c_dataset][ERROR] - Error loading data for sample index 1919 (ep: 7, t: 111). Error: "Modality 'goal_image_primary' not found in the index for episode 7. Please ensure the dataset was enhanced correctly."
[2025-11-04 20:06:02,205][utils.vip_c_dataset][WARNING] - An entire batch of data loading failed. Skipping batch.
[2025-11-04 20:06:02,206][utils.vip_c_dataset][ERROR] - Error loading data for sample index 1920 (ep: 7, t: 112). Error: "Modality 'goal_image_primary' not found in the index for episode 7. Please ensure the dataset was enhanced correctly."
[2025-11-04 20:06:02,206][utils.vip_c_dataset][ERROR] - Error loading data for sample index 1921 (ep: 7, t: 113). Error: "Modality 'goal_image_primary' not found in the index for episode 7. Please ensure the dataset was enhanced correctly."
[2025-11-04 20:06:02,207][utils.vip_c_dataset][ERROR] - Error loading data for sample index 1922 (ep: 7, t: 114). Error: "Modality 'goal_image_primary' not found in the index for episode 7. Please ensure the dataset was enhanced correctly."
[2025-11-04 20:06:02,207][utils.vip_c_dataset][ERROR] - Error loading data for sample index 1923 (ep: 7, t: 115). Error: "Modality 'goal_image_primary' not found in the index for episode 7. Please ensure the dataset was enhanced correctly."
[2025-11-04 20:06:02,208][utils.vip_c_dataset][ERROR] - Error loading data for sample index 1924 (ep: 7, t: 116). Error: "Modality 'goal_image_primary' not found in the index for episode 7. Please ensure the dataset was enhanced correctly."
[2025-11-04 20:06:02,208][utils.vip_c_dataset][ERROR] - Error loading data for sample index 1925 (ep: 7, t: 117). Error: "Modality 'goal_image_primary' not found in the index for episode 7. Please ensure the dataset was enhanced correctly."
[2025-11-04 20:06:02,209][utils.vip_c_dataset][ERROR] - Error loading data for sample index 1926 (ep: 7, t: 118). Error: "Modality 'goal_image_primary' not found in the index for episode 7. Please ensure the dataset was enhanced correctly."
[2025-11-04 20:06:02,209][utils.vip_c_dataset][ERROR] - Error loading data for sample index 1927 (ep: 7, t: 119). Error: "Modality 'goal_image_primary' not found in the index for episode 7. Please ensure the dataset was enhanced correctly."
[2025-11-04 20:06:02,210][utils.vip_c_dataset][ERROR] - Error loading data for sample index 1928 (ep: 7, t: 120). Error: "Modality 'goal_image_primary' not found in the index for episode 7. Please ensure the dataset was enhanced correctly."
[2025-11-04 20:06:02,210][utils.vip_c_dataset][ERROR] - Error loading data for sample index 1929 (ep: 7, t: 121). Error: "Modality 'goal_image_primary' not found in the index for episode 7. Please ensure the dataset was enhanced correctly."
[2025-11-04 20:06:02,211][utils.vip_c_dataset][ERROR] - Error loading data for sample index 1930 (ep: 7, t: 122). Error: "Modality 'goal_image_primary' not found in the index for episode 7. Please ensure the dataset was enhanced correctly."
[2025-11-04 20:06:02,211][utils.vip_c_dataset][ERROR] - Error loading data for sample index 1931 (ep: 7, t: 123). Error: "Modality 'goal_image_primary' not found in the index for episode 7. Please ensure the dataset was enhanced correctly."
[2025-11-04 20:06:02,212][utils.vip_c_dataset][ERROR] - Error loading data for sample index 1932 (ep: 7, t: 124). Error: "Modality 'goal_image_primary' not found in the index for episode 7. Please ensure the dataset was enhanced correctly."
[2025-11-04 20:06:02,212][utils.vip_c_dataset][ERROR] - Error loading data for sample index 1933 (ep: 7, t: 125). Error: "Modality 'goal_image_primary' not found in the index for episode 7. Please ensure the dataset was enhanced correctly."
[2025-11-04 20:06:02,213][utils.vip_c_dataset][ERROR] - Error loading data for sample index 1934 (ep: 7, t: 126). Error: "Modality 'goal_image_primary' not found in the index for episode 7. Please ensure the dataset was enhanced correctly."
[2025-11-04 20:06:02,213][utils.vip_c_dataset][ERROR] - Error loading data for sample index 1935 (ep: 7, t: 127). Error: "Modality 'goal_image_primary' not found in the index for episode 7. Please ensure the dataset was enhanced correctly."
[2025-11-04 20:06:02,214][utils.vip_c_dataset][ERROR] - Error loading data for sample index 1936 (ep: 7, t: 128). Error: "Modality 'goal_image_primary' not found in the index for episode 7. Please ensure the dataset was enhanced correctly."
[2025-11-04 20:06:02,214][utils.vip_c_dataset][ERROR] - Error loading data for sample index 1937 (ep: 7, t: 129). Error: "Modality 'goal_image_primary' not found in the index for episode 7. Please ensure the dataset was enhanced correctly."
[2025-11-04 20:06:02,215][utils.vip_c_dataset][ERROR] - Error loading data for sample index 1938 (ep: 7, t: 130). Error: "Modality 'goal_image_primary' not found in the index for episode 7. Please ensure the dataset was enhanced correctly."
[2025-11-04 20:06:02,215][utils.vip_c_dataset][ERROR] - Error loading data for sample index 1939 (ep: 7, t: 131). Error: "Modality 'goal_image_primary' not found in the index for episode 7. Please ensure the dataset was enhanced correctly."
[2025-11-04 20:06:02,216][utils.vip_c_dataset][ERROR] - Error loading data for sample index 1940 (ep: 7, t: 132). Error: "Modality 'goal_image_primary' not found in the index for episode 7. Please ensure the dataset was enhanced correctly."
[2025-11-04 20:06:02,216][utils.vip_c_dataset][ERROR] - Error loading data for sample index 1941 (ep: 7, t: 133). Error: "Modality 'goal_image_primary' not found in the index for episode 7. Please ensure the dataset was enhanced correctly."
[2025-11-04 20:06:02,216][utils.vip_c_dataset][ERROR] - Error loading data for sample index 1942 (ep: 7, t: 134). Error: "Modality 'goal_image_primary' not found in the index for episode 7. Please ensure the dataset was enhanced correctly."
[2025-11-04 20:06:02,217][utils.vip_c_dataset][ERROR] - Error loading data for sample index 1943 (ep: 7, t: 135). Error: "Modality 'goal_image_primary' not found in the index for episode 7. Please ensure the dataset was enhanced correctly."
[2025-11-04 20:06:02,217][utils.vip_c_dataset][ERROR] - Error loading data for sample index 1944 (ep: 7, t: 136). Error: "Modality 'goal_image_primary' not found in the index for episode 7. Please ensure the dataset was enhanced correctly."
[2025-11-04 20:06:02,218][utils.vip_c_dataset][ERROR] - Error loading data for sample index 1945 (ep: 7, t: 137). Error: "Modality 'goal_image_primary' not found in the index for episode 7. Please ensure the dataset was enhanced correctly."
[2025-11-04 20:06:02,218][utils.vip_c_dataset][ERROR] - Error loading data for sample index 1946 (ep: 7, t: 138). Error: "Modality 'goal_image_primary' not found in the index for episode 7. Please ensure the dataset was enhanced correctly."
[2025-11-04 20:06:02,219][utils.vip_c_dataset][ERROR] - Error loading data for sample index 1947 (ep: 7, t: 139). Error: "Modality 'goal_image_primary' not found in the index for episode 7. Please ensure the dataset was enhanced correctly."
[2025-11-04 20:06:02,219][utils.vip_c_dataset][ERROR] - Error loading data for sample index 1948 (ep: 7, t: 140). Error: "Modality 'goal_image_primary' not found in the index for episode 7. Please ensure the dataset was enhanced correctly."
[2025-11-04 20:06:02,220][utils.vip_c_dataset][ERROR] - Error loading data for sample index 1949 (ep: 7, t: 141). Error: "Modality 'goal_image_primary' not found in the index for episode 7. Please ensure the dataset was enhanced correctly."
[2025-11-04 20:06:02,220][utils.vip_c_dataset][ERROR] - Error loading data for sample index 1950 (ep: 7, t: 142). Error: "Modality 'goal_image_primary' not found in the index for episode 7. Please ensure the dataset was enhanced correctly."
[2025-11-04 20:06:02,221][utils.vip_c_dataset][ERROR] - Error loading data for sample index 1951 (ep: 7, t: 143). Error: "Modality 'goal_image_primary' not found in the index for episode 7. Please ensure the dataset was enhanced correctly."
[2025-11-04 20:06:02,221][utils.vip_c_dataset][WARNING] - An entire batch of data loading failed. Skipping batch.
[2025-11-04 20:06:02,222][utils.vip_c_dataset][ERROR] - Error loading data for sample index 1952 (ep: 7, t: 144). Error: "Modality 'goal_image_primary' not found in the index for episode 7. Please ensure the dataset was enhanced correctly."
[2025-11-04 20:06:02,223][utils.vip_c_dataset][ERROR] - Error loading data for sample index 1953 (ep: 7, t: 145). Error: "Modality 'goal_image_primary' not found in the index for episode 7. Please ensure the dataset was enhanced correctly."
[2025-11-04 20:06:02,223][utils.vip_c_dataset][ERROR] - Error loading data for sample index 1954 (ep: 7, t: 146). Error: "Modality 'goal_image_primary' not found in the index for episode 7. Please ensure the dataset was enhanced correctly."
[2025-11-04 20:06:02,224][utils.vip_c_dataset][ERROR] - Error loading data for sample index 1955 (ep: 7, t: 147). Error: "Modality 'goal_image_primary' not found in the index for episode 7. Please ensure the dataset was enhanced correctly."
[2025-11-04 20:06:02,224][utils.vip_c_dataset][ERROR] - Error loading data for sample index 1956 (ep: 7, t: 148). Error: "Modality 'goal_image_primary' not found in the index for episode 7. Please ensure the dataset was enhanced correctly."
[2025-11-04 20:06:02,225][utils.vip_c_dataset][ERROR] - Error loading data for sample index 1957 (ep: 7, t: 149). Error: "Modality 'goal_image_primary' not found in the index for episode 7. Please ensure the dataset was enhanced correctly."
[2025-11-04 20:06:02,225][utils.vip_c_dataset][ERROR] - Error loading data for sample index 1958 (ep: 7, t: 150). Error: "Modality 'goal_image_primary' not found in the index for episode 7. Please ensure the dataset was enhanced correctly."
[2025-11-04 20:06:02,226][utils.vip_c_dataset][ERROR] - Error loading data for sample index 1959 (ep: 7, t: 151). Error: "Modality 'goal_image_primary' not found in the index for episode 7. Please ensure the dataset was enhanced correctly."
[2025-11-04 20:06:02,226][utils.vip_c_dataset][ERROR] - Error loading data for sample index 1960 (ep: 7, t: 152). Error: "Modality 'goal_image_primary' not found in the index for episode 7. Please ensure the dataset was enhanced correctly."
[2025-11-04 20:06:02,226][utils.vip_c_dataset][ERROR] - Error loading data for sample index 1961 (ep: 7, t: 153). Error: "Modality 'goal_image_primary' not found in the index for episode 7. Please ensure the dataset was enhanced correctly."
[2025-11-04 20:06:02,227][utils.vip_c_dataset][ERROR] - Error loading data for sample index 1962 (ep: 7, t: 154). Error: "Modality 'goal_image_primary' not found in the index for episode 7. Please ensure the dataset was enhanced correctly."
[2025-11-04 20:06:02,228][utils.vip_c_dataset][ERROR] - Error loading data for sample index 1963 (ep: 7, t: 155). Error: "Modality 'goal_image_primary' not found in the index for episode 7. Please ensure the dataset was enhanced correctly."
[2025-11-04 20:06:02,228][utils.vip_c_dataset][ERROR] - Error loading data for sample index 1964 (ep: 7, t: 156). Error: "Modality 'goal_image_primary' not found in the index for episode 7. Please ensure the dataset was enhanced correctly."
[2025-11-04 20:06:02,229][utils.vip_c_dataset][ERROR] - Error loading data for sample index 1965 (ep: 7, t: 157). Error: "Modality 'goal_image_primary' not found in the index for episode 7. Please ensure the dataset was enhanced correctly."
[2025-11-04 20:06:02,229][utils.vip_c_dataset][ERROR] - Error loading data for sample index 1966 (ep: 7, t: 158). Error: "Modality 'goal_image_primary' not found in the index for episode 7. Please ensure the dataset was enhanced correctly."
[2025-11-04 20:06:02,229][utils.vip_c_dataset][ERROR] - Error loading data for sample index 1967 (ep: 7, t: 159). Error: "Modality 'goal_image_primary' not found in the index for episode 7. Please ensure the dataset was enhanced correctly."
[2025-11-04 20:06:02,230][utils.vip_c_dataset][ERROR] - Error loading data for sample index 1968 (ep: 7, t: 160). Error: "Modality 'goal_image_primary' not found in the index for episode 7. Please ensure the dataset was enhanced correctly."
[2025-11-04 20:06:02,230][utils.vip_c_dataset][ERROR] - Error loading data for sample index 1969 (ep: 7, t: 161). Error: "Modality 'goal_image_primary' not found in the index for episode 7. Please ensure the dataset was enhanced correctly."
[2025-11-04 20:06:02,231][utils.vip_c_dataset][ERROR] - Error loading data for sample index 1970 (ep: 7, t: 162). Error: "Modality 'goal_image_primary' not found in the index for episode 7. Please ensure the dataset was enhanced correctly."
[2025-11-04 20:06:02,231][utils.vip_c_dataset][ERROR] - Error loading data for sample index 1971 (ep: 7, t: 163). Error: "Modality 'goal_image_primary' not found in the index for episode 7. Please ensure the dataset was enhanced correctly."
[2025-11-04 20:06:02,232][utils.vip_c_dataset][ERROR] - Error loading data for sample index 1972 (ep: 7, t: 164). Error: "Modality 'goal_image_primary' not found in the index for episode 7. Please ensure the dataset was enhanced correctly."
[2025-11-04 20:06:02,232][utils.vip_c_dataset][ERROR] - Error loading data for sample index 1973 (ep: 7, t: 165). Error: "Modality 'goal_image_primary' not found in the index for episode 7. Please ensure the dataset was enhanced correctly."
[2025-11-04 20:06:02,233][utils.vip_c_dataset][ERROR] - Error loading data for sample index 1974 (ep: 7, t: 166). Error: "Modality 'goal_image_primary' not found in the index for episode 7. Please ensure the dataset was enhanced correctly."
[2025-11-04 20:06:02,233][utils.vip_c_dataset][ERROR] - Error loading data for sample index 1975 (ep: 7, t: 167). Error: "Modality 'goal_image_primary' not found in the index for episode 7. Please ensure the dataset was enhanced correctly."
[2025-11-04 20:06:02,234][utils.vip_c_dataset][ERROR] - Error loading data for sample index 1976 (ep: 7, t: 168). Error: "Modality 'goal_image_primary' not found in the index for episode 7. Please ensure the dataset was enhanced correctly."
[2025-11-04 20:06:02,234][utils.vip_c_dataset][ERROR] - Error loading data for sample index 1977 (ep: 7, t: 169). Error: "Modality 'goal_image_primary' not found in the index for episode 7. Please ensure the dataset was enhanced correctly."
[2025-11-04 20:06:02,235][utils.vip_c_dataset][ERROR] - Error loading data for sample index 1978 (ep: 7, t: 170). Error: "Modality 'goal_image_primary' not found in the index for episode 7. Please ensure the dataset was enhanced correctly."
[2025-11-04 20:06:02,235][utils.vip_c_dataset][ERROR] - Error loading data for sample index 1979 (ep: 7, t: 171). Error: "Modality 'goal_image_primary' not found in the index for episode 7. Please ensure the dataset was enhanced correctly."
[2025-11-04 20:06:02,236][utils.vip_c_dataset][ERROR] - Error loading data for sample index 1980 (ep: 7, t: 172). Error: "Modality 'goal_image_primary' not found in the index for episode 7. Please ensure the dataset was enhanced correctly."
[2025-11-04 20:06:02,236][utils.vip_c_dataset][ERROR] - Error loading data for sample index 1981 (ep: 7, t: 173). Error: "Modality 'goal_image_primary' not found in the index for episode 7. Please ensure the dataset was enhanced correctly."
[2025-11-04 20:06:02,237][utils.vip_c_dataset][ERROR] - Error loading data for sample index 1982 (ep: 7, t: 174). Error: "Modality 'goal_image_primary' not found in the index for episode 7. Please ensure the dataset was enhanced correctly."
[2025-11-04 20:06:02,237][utils.vip_c_dataset][ERROR] - Error loading data for sample index 1983 (ep: 7, t: 175). Error: "Modality 'goal_image_primary' not found in the index for episode 7. Please ensure the dataset was enhanced correctly."
[2025-11-04 20:06:02,238][utils.vip_c_dataset][WARNING] - An entire batch of data loading failed. Skipping batch.
[2025-11-04 20:06:02,239][utils.vip_c_dataset][ERROR] - Error loading data for sample index 1984 (ep: 7, t: 176). Error: "Modality 'goal_image_primary' not found in the index for episode 7. Please ensure the dataset was enhanced correctly."
[2025-11-04 20:06:02,239][utils.vip_c_dataset][ERROR] - Error loading data for sample index 1985 (ep: 7, t: 177). Error: "Modality 'goal_image_primary' not found in the index for episode 7. Please ensure the dataset was enhanced correctly."
[2025-11-04 20:06:02,240][utils.vip_c_dataset][ERROR] - Error loading data for sample index 1986 (ep: 7, t: 178). Error: "Modality 'goal_image_primary' not found in the index for episode 7. Please ensure the dataset was enhanced correctly."
[2025-11-04 20:06:02,240][utils.vip_c_dataset][ERROR] - Error loading data for sample index 1987 (ep: 7, t: 179). Error: "Modality 'goal_image_primary' not found in the index for episode 7. Please ensure the dataset was enhanced correctly."
[2025-11-04 20:06:02,241][utils.vip_c_dataset][ERROR] - Error loading data for sample index 1988 (ep: 7, t: 180). Error: "Modality 'goal_image_primary' not found in the index for episode 7. Please ensure the dataset was enhanced correctly."
[2025-11-04 20:06:02,241][utils.vip_c_dataset][ERROR] - Error loading data for sample index 1989 (ep: 7, t: 181). Error: "Modality 'goal_image_primary' not found in the index for episode 7. Please ensure the dataset was enhanced correctly."
[2025-11-04 20:06:02,242][utils.vip_c_dataset][ERROR] - Error loading data for sample index 1990 (ep: 7, t: 182). Error: "Modality 'goal_image_primary' not found in the index for episode 7. Please ensure the dataset was enhanced correctly."
[2025-11-04 20:06:02,242][utils.vip_c_dataset][ERROR] - Error loading data for sample index 1991 (ep: 7, t: 183). Error: "Modality 'goal_image_primary' not found in the index for episode 7. Please ensure the dataset was enhanced correctly."
[2025-11-04 20:06:02,243][utils.vip_c_dataset][ERROR] - Error loading data for sample index 1992 (ep: 7, t: 184). Error: "Modality 'goal_image_primary' not found in the index for episode 7. Please ensure the dataset was enhanced correctly."
[2025-11-04 20:06:02,243][utils.vip_c_dataset][ERROR] - Error loading data for sample index 1993 (ep: 7, t: 185). Error: "Modality 'goal_image_primary' not found in the index for episode 7. Please ensure the dataset was enhanced correctly."
[2025-11-04 20:06:02,244][utils.vip_c_dataset][ERROR] - Error loading data for sample index 1994 (ep: 7, t: 186). Error: "Modality 'goal_image_primary' not found in the index for episode 7. Please ensure the dataset was enhanced correctly."
[2025-11-04 20:06:02,244][utils.vip_c_dataset][ERROR] - Error loading data for sample index 1995 (ep: 7, t: 187). Error: "Modality 'goal_image_primary' not found in the index for episode 7. Please ensure the dataset was enhanced correctly."
[2025-11-04 20:06:02,245][utils.vip_c_dataset][ERROR] - Error loading data for sample index 1996 (ep: 7, t: 188). Error: "Modality 'goal_image_primary' not found in the index for episode 7. Please ensure the dataset was enhanced correctly."
[2025-11-04 20:06:02,245][utils.vip_c_dataset][ERROR] - Error loading data for sample index 1997 (ep: 7, t: 189). Error: "Modality 'goal_image_primary' not found in the index for episode 7. Please ensure the dataset was enhanced correctly."
[2025-11-04 20:06:02,246][utils.vip_c_dataset][ERROR] - Error loading data for sample index 1998 (ep: 7, t: 190). Error: "Modality 'goal_image_primary' not found in the index for episode 7. Please ensure the dataset was enhanced correctly."
[2025-11-04 20:06:02,246][utils.vip_c_dataset][ERROR] - Error loading data for sample index 1999 (ep: 7, t: 191). Error: "Modality 'goal_image_primary' not found in the index for episode 7. Please ensure the dataset was enhanced correctly."
[2025-11-04 20:06:02,247][utils.vip_c_dataset][ERROR] - Error loading data for sample index 2000 (ep: 7, t: 192). Error: "Modality 'goal_image_primary' not found in the index for episode 7. Please ensure the dataset was enhanced correctly."
[2025-11-04 20:06:02,247][utils.vip_c_dataset][ERROR] - Error loading data for sample index 2001 (ep: 7, t: 193). Error: "Modality 'goal_image_primary' not found in the index for episode 7. Please ensure the dataset was enhanced correctly."
[2025-11-04 20:06:02,247][utils.vip_c_dataset][ERROR] - Error loading data for sample index 2002 (ep: 7, t: 194). Error: "Modality 'goal_image_primary' not found in the index for episode 7. Please ensure the dataset was enhanced correctly."
[2025-11-04 20:06:02,248][utils.vip_c_dataset][ERROR] - Error loading data for sample index 2003 (ep: 7, t: 195). Error: "Modality 'goal_image_primary' not found in the index for episode 7. Please ensure the dataset was enhanced correctly."
[2025-11-04 20:06:02,248][utils.vip_c_dataset][ERROR] - Error loading data for sample index 2004 (ep: 7, t: 196). Error: "Modality 'goal_image_primary' not found in the index for episode 7. Please ensure the dataset was enhanced correctly."
[2025-11-04 20:06:02,249][utils.vip_c_dataset][ERROR] - Error loading data for sample index 2005 (ep: 7, t: 197). Error: "Modality 'goal_image_primary' not found in the index for episode 7. Please ensure the dataset was enhanced correctly."
[2025-11-04 20:06:02,249][utils.vip_c_dataset][ERROR] - Error loading data for sample index 2006 (ep: 7, t: 198). Error: "Modality 'goal_image_primary' not found in the index for episode 7. Please ensure the dataset was enhanced correctly."
[2025-11-04 20:06:02,250][utils.vip_c_dataset][ERROR] - Error loading data for sample index 2007 (ep: 7, t: 199). Error: "Modality 'goal_image_primary' not found in the index for episode 7. Please ensure the dataset was enhanced correctly."
[2025-11-04 20:06:02,250][utils.vip_c_dataset][ERROR] - Error loading data for sample index 2008 (ep: 7, t: 200). Error: "Modality 'goal_image_primary' not found in the index for episode 7. Please ensure the dataset was enhanced correctly."
[2025-11-04 20:06:02,251][utils.vip_c_dataset][ERROR] - Error loading data for sample index 2009 (ep: 7, t: 201). Error: "Modality 'goal_image_primary' not found in the index for episode 7. Please ensure the dataset was enhanced correctly."
[2025-11-04 20:06:02,251][utils.vip_c_dataset][ERROR] - Error loading data for sample index 2010 (ep: 7, t: 202). Error: "Modality 'goal_image_primary' not found in the index for episode 7. Please ensure the dataset was enhanced correctly."
[2025-11-04 20:06:02,252][utils.vip_c_dataset][ERROR] - Error loading data for sample index 2011 (ep: 7, t: 203). Error: "Modality 'goal_image_primary' not found in the index for episode 7. Please ensure the dataset was enhanced correctly."
[2025-11-04 20:06:02,252][utils.vip_c_dataset][ERROR] - Error loading data for sample index 2012 (ep: 7, t: 204). Error: "Modality 'goal_image_primary' not found in the index for episode 7. Please ensure the dataset was enhanced correctly."
[2025-11-04 20:06:02,253][utils.vip_c_dataset][ERROR] - Error loading data for sample index 2013 (ep: 7, t: 205). Error: "Modality 'goal_image_primary' not found in the index for episode 7. Please ensure the dataset was enhanced correctly."
[2025-11-04 20:06:02,253][utils.vip_c_dataset][ERROR] - Error loading data for sample index 2014 (ep: 7, t: 206). Error: "Modality 'goal_image_primary' not found in the index for episode 7. Please ensure the dataset was enhanced correctly."
[2025-11-04 20:06:02,254][utils.vip_c_dataset][ERROR] - Error loading data for sample index 2015 (ep: 7, t: 207). Error: "Modality 'goal_image_primary' not found in the index for episode 7. Please ensure the dataset was enhanced correctly."
[2025-11-04 20:06:02,255][utils.vip_c_dataset][WARNING] - An entire batch of data loading failed. Skipping batch.
[2025-11-04 20:06:02,255][utils.vip_c_dataset][ERROR] - Error loading data for sample index 2016 (ep: 7, t: 208). Error: "Modality 'goal_image_primary' not found in the index for episode 7. Please ensure the dataset was enhanced correctly."
[2025-11-04 20:06:02,256][utils.vip_c_dataset][ERROR] - Error loading data for sample index 2017 (ep: 7, t: 209). Error: "Modality 'goal_image_primary' not found in the index for episode 7. Please ensure the dataset was enhanced correctly."
[2025-11-04 20:06:02,256][utils.vip_c_dataset][ERROR] - Error loading data for sample index 2018 (ep: 7, t: 210). Error: "Modality 'goal_image_primary' not found in the index for episode 7. Please ensure the dataset was enhanced correctly."
[2025-11-04 20:06:02,257][utils.vip_c_dataset][ERROR] - Error loading data for sample index 2019 (ep: 7, t: 211). Error: "Modality 'goal_image_primary' not found in the index for episode 7. Please ensure the dataset was enhanced correctly."
[2025-11-04 20:06:02,257][utils.vip_c_dataset][ERROR] - Error loading data for sample index 2020 (ep: 7, t: 212). Error: "Modality 'goal_image_primary' not found in the index for episode 7. Please ensure the dataset was enhanced correctly."
[2025-11-04 20:06:02,258][utils.vip_c_dataset][ERROR] - Error loading data for sample index 2021 (ep: 7, t: 213). Error: "Modality 'goal_image_primary' not found in the index for episode 7. Please ensure the dataset was enhanced correctly."
[2025-11-04 20:06:02,259][utils.vip_c_dataset][ERROR] - Error loading data for sample index 2022 (ep: 7, t: 214). Error: "Modality 'goal_image_primary' not found in the index for episode 7. Please ensure the dataset was enhanced correctly."
[2025-11-04 20:06:02,259][utils.vip_c_dataset][ERROR] - Error loading data for sample index 2023 (ep: 7, t: 215). Error: "Modality 'goal_image_primary' not found in the index for episode 7. Please ensure the dataset was enhanced correctly."
[2025-11-04 20:06:02,260][utils.vip_c_dataset][ERROR] - Error loading data for sample index 2024 (ep: 7, t: 216). Error: "Modality 'goal_image_primary' not found in the index for episode 7. Please ensure the dataset was enhanced correctly."
[2025-11-04 20:06:02,260][utils.vip_c_dataset][ERROR] - Error loading data for sample index 2025 (ep: 7, t: 217). Error: "Modality 'goal_image_primary' not found in the index for episode 7. Please ensure the dataset was enhanced correctly."
[2025-11-04 20:06:02,261][utils.vip_c_dataset][ERROR] - Error loading data for sample index 2026 (ep: 7, t: 218). Error: "Modality 'goal_image_primary' not found in the index for episode 7. Please ensure the dataset was enhanced correctly."
[2025-11-04 20:06:02,261][utils.vip_c_dataset][ERROR] - Error loading data for sample index 2027 (ep: 7, t: 219). Error: "Modality 'goal_image_primary' not found in the index for episode 7. Please ensure the dataset was enhanced correctly."
[2025-11-04 20:06:02,262][utils.vip_c_dataset][ERROR] - Error loading data for sample index 2028 (ep: 7, t: 220). Error: "Modality 'goal_image_primary' not found in the index for episode 7. Please ensure the dataset was enhanced correctly."
[2025-11-04 20:06:02,262][utils.vip_c_dataset][ERROR] - Error loading data for sample index 2029 (ep: 7, t: 221). Error: "Modality 'goal_image_primary' not found in the index for episode 7. Please ensure the dataset was enhanced correctly."
[2025-11-04 20:06:02,263][utils.vip_c_dataset][ERROR] - Error loading data for sample index 2030 (ep: 7, t: 222). Error: "Modality 'goal_image_primary' not found in the index for episode 7. Please ensure the dataset was enhanced correctly."
[2025-11-04 20:06:02,263][utils.vip_c_dataset][ERROR] - Error loading data for sample index 2031 (ep: 7, t: 223). Error: "Modality 'goal_image_primary' not found in the index for episode 7. Please ensure the dataset was enhanced correctly."
[2025-11-04 20:06:02,264][utils.vip_c_dataset][ERROR] - Error loading data for sample index 2032 (ep: 7, t: 224). Error: "Modality 'goal_image_primary' not found in the index for episode 7. Please ensure the dataset was enhanced correctly."
[2025-11-04 20:06:02,264][utils.vip_c_dataset][ERROR] - Error loading data for sample index 2033 (ep: 7, t: 225). Error: "Modality 'goal_image_primary' not found in the index for episode 7. Please ensure the dataset was enhanced correctly."
[2025-11-04 20:06:02,265][utils.vip_c_dataset][ERROR] - Error loading data for sample index 2034 (ep: 7, t: 226). Error: "Modality 'goal_image_primary' not found in the index for episode 7. Please ensure the dataset was enhanced correctly."
[2025-11-04 20:06:02,265][utils.vip_c_dataset][ERROR] - Error loading data for sample index 2035 (ep: 7, t: 227). Error: "Modality 'goal_image_primary' not found in the index for episode 7. Please ensure the dataset was enhanced correctly."
[2025-11-04 20:06:02,266][utils.vip_c_dataset][ERROR] - Error loading data for sample index 2036 (ep: 7, t: 228). Error: "Modality 'goal_image_primary' not found in the index for episode 7. Please ensure the dataset was enhanced correctly."
[2025-11-04 20:06:02,266][utils.vip_c_dataset][ERROR] - Error loading data for sample index 2037 (ep: 7, t: 229). Error: "Modality 'goal_image_primary' not found in the index for episode 7. Please ensure the dataset was enhanced correctly."
[2025-11-04 20:06:02,266][utils.vip_c_dataset][ERROR] - Error loading data for sample index 2038 (ep: 7, t: 230). Error: "Modality 'goal_image_primary' not found in the index for episode 7. Please ensure the dataset was enhanced correctly."
[2025-11-04 20:06:02,267][utils.vip_c_dataset][ERROR] - Error loading data for sample index 2039 (ep: 7, t: 231). Error: "Modality 'goal_image_primary' not found in the index for episode 7. Please ensure the dataset was enhanced correctly."
[2025-11-04 20:06:02,268][utils.vip_c_dataset][ERROR] - Error loading data for sample index 2040 (ep: 7, t: 232). Error: "Modality 'goal_image_primary' not found in the index for episode 7. Please ensure the dataset was enhanced correctly."
[2025-11-04 20:06:02,268][utils.vip_c_dataset][ERROR] - Error loading data for sample index 2041 (ep: 7, t: 233). Error: "Modality 'goal_image_primary' not found in the index for episode 7. Please ensure the dataset was enhanced correctly."
[2025-11-04 20:06:02,269][utils.vip_c_dataset][ERROR] - Error loading data for sample index 2042 (ep: 7, t: 234). Error: "Modality 'goal_image_primary' not found in the index for episode 7. Please ensure the dataset was enhanced correctly."
[2025-11-04 20:06:02,269][utils.vip_c_dataset][ERROR] - Error loading data for sample index 2043 (ep: 7, t: 235). Error: "Modality 'goal_image_primary' not found in the index for episode 7. Please ensure the dataset was enhanced correctly."
[2025-11-04 20:06:02,270][utils.vip_c_dataset][ERROR] - Error loading data for sample index 2044 (ep: 7, t: 236). Error: "Modality 'goal_image_primary' not found in the index for episode 7. Please ensure the dataset was enhanced correctly."
[2025-11-04 20:06:02,271][utils.vip_c_dataset][ERROR] - Error loading data for sample index 2045 (ep: 7, t: 237). Error: "Modality 'goal_image_primary' not found in the index for episode 7. Please ensure the dataset was enhanced correctly."
[2025-11-04 20:06:02,271][utils.vip_c_dataset][ERROR] - Error loading data for sample index 2046 (ep: 7, t: 238). Error: "Modality 'goal_image_primary' not found in the index for episode 7. Please ensure the dataset was enhanced correctly."
[2025-11-04 20:06:02,272][utils.vip_c_dataset][ERROR] - Error loading data for sample index 2047 (ep: 7, t: 239). Error: "Modality 'goal_image_primary' not found in the index for episode 7. Please ensure the dataset was enhanced correctly."
[2025-11-04 20:06:02,272][utils.vip_c_dataset][WARNING] - An entire batch of data loading failed. Skipping batch.
[2025-11-04 20:06:02,273][utils.vip_c_dataset][ERROR] - Error loading data for sample index 2048 (ep: 7, t: 240). Error: "Modality 'goal_image_primary' not found in the index for episode 7. Please ensure the dataset was enhanced correctly."
[2025-11-04 20:06:02,274][utils.vip_c_dataset][ERROR] - Error loading data for sample index 2049 (ep: 7, t: 241). Error: "Modality 'goal_image_primary' not found in the index for episode 7. Please ensure the dataset was enhanced correctly."
[2025-11-04 20:06:02,274][utils.vip_c_dataset][ERROR] - Error loading data for sample index 2050 (ep: 7, t: 242). Error: "Modality 'goal_image_primary' not found in the index for episode 7. Please ensure the dataset was enhanced correctly."
[2025-11-04 20:06:02,275][utils.vip_c_dataset][ERROR] - Error loading data for sample index 2051 (ep: 7, t: 243). Error: "Modality 'goal_image_primary' not found in the index for episode 7. Please ensure the dataset was enhanced correctly."
[2025-11-04 20:06:02,276][utils.vip_c_dataset][ERROR] - Error loading data for sample index 2052 (ep: 7, t: 244). Error: "Modality 'goal_image_primary' not found in the index for episode 7. Please ensure the dataset was enhanced correctly."
[2025-11-04 20:06:02,276][utils.vip_c_dataset][ERROR] - Error loading data for sample index 2053 (ep: 7, t: 245). Error: "Modality 'goal_image_primary' not found in the index for episode 7. Please ensure the dataset was enhanced correctly."
[2025-11-04 20:06:02,277][utils.vip_c_dataset][ERROR] - Error loading data for sample index 2054 (ep: 7, t: 246). Error: "Modality 'goal_image_primary' not found in the index for episode 7. Please ensure the dataset was enhanced correctly."
[2025-11-04 20:06:02,277][utils.vip_c_dataset][ERROR] - Error loading data for sample index 2055 (ep: 7, t: 247). Error: "Modality 'goal_image_primary' not found in the index for episode 7. Please ensure the dataset was enhanced correctly."
[2025-11-04 20:06:02,278][utils.vip_c_dataset][ERROR] - Error loading data for sample index 2056 (ep: 7, t: 248). Error: "Modality 'goal_image_primary' not found in the index for episode 7. Please ensure the dataset was enhanced correctly."
[2025-11-04 20:06:02,278][utils.vip_c_dataset][ERROR] - Error loading data for sample index 2057 (ep: 7, t: 249). Error: "Modality 'goal_image_primary' not found in the index for episode 7. Please ensure the dataset was enhanced correctly."
[2025-11-04 20:06:02,279][utils.vip_c_dataset][ERROR] - Error loading data for sample index 2058 (ep: 7, t: 250). Error: "Modality 'goal_image_primary' not found in the index for episode 7. Please ensure the dataset was enhanced correctly."
[2025-11-04 20:06:02,279][utils.vip_c_dataset][ERROR] - Error loading data for sample index 2059 (ep: 7, t: 251). Error: "Modality 'goal_image_primary' not found in the index for episode 7. Please ensure the dataset was enhanced correctly."
[2025-11-04 20:06:02,280][utils.vip_c_dataset][ERROR] - Error loading data for sample index 2060 (ep: 7, t: 252). Error: "Modality 'goal_image_primary' not found in the index for episode 7. Please ensure the dataset was enhanced correctly."
[2025-11-04 20:06:02,280][utils.vip_c_dataset][ERROR] - Error loading data for sample index 2061 (ep: 7, t: 253). Error: "Modality 'goal_image_primary' not found in the index for episode 7. Please ensure the dataset was enhanced correctly."
[2025-11-04 20:06:02,281][utils.vip_c_dataset][ERROR] - Error loading data for sample index 2062 (ep: 7, t: 254). Error: "Modality 'goal_image_primary' not found in the index for episode 7. Please ensure the dataset was enhanced correctly."
[2025-11-04 20:06:02,281][utils.vip_c_dataset][ERROR] - Error loading data for sample index 2063 (ep: 7, t: 255). Error: "Modality 'goal_image_primary' not found in the index for episode 7. Please ensure the dataset was enhanced correctly."
[2025-11-04 20:06:02,282][utils.vip_c_dataset][ERROR] - Error loading data for sample index 2064 (ep: 7, t: 256). Error: "Modality 'goal_image_primary' not found in the index for episode 7. Please ensure the dataset was enhanced correctly."
[2025-11-04 20:06:02,282][utils.vip_c_dataset][ERROR] - Error loading data for sample index 2065 (ep: 7, t: 257). Error: "Modality 'goal_image_primary' not found in the index for episode 7. Please ensure the dataset was enhanced correctly."
[2025-11-04 20:06:02,283][utils.vip_c_dataset][ERROR] - Error loading data for sample index 2066 (ep: 7, t: 258). Error: "Modality 'goal_image_primary' not found in the index for episode 7. Please ensure the dataset was enhanced correctly."
[2025-11-04 20:06:02,284][utils.vip_c_dataset][ERROR] - Error loading data for sample index 2067 (ep: 7, t: 259). Error: "Modality 'goal_image_primary' not found in the index for episode 7. Please ensure the dataset was enhanced correctly."
[2025-11-04 20:06:02,284][utils.vip_c_dataset][ERROR] - Error loading data for sample index 2068 (ep: 7, t: 260). Error: "Modality 'goal_image_primary' not found in the index for episode 7. Please ensure the dataset was enhanced correctly."
[2025-11-04 20:06:02,284][utils.vip_c_dataset][ERROR] - Error loading data for sample index 2069 (ep: 7, t: 261). Error: "Modality 'goal_image_primary' not found in the index for episode 7. Please ensure the dataset was enhanced correctly."
[2025-11-04 20:06:02,285][utils.vip_c_dataset][ERROR] - Error loading data for sample index 2070 (ep: 7, t: 262). Error: "Modality 'goal_image_primary' not found in the index for episode 7. Please ensure the dataset was enhanced correctly."
[2025-11-04 20:06:02,450][utils.vip_c_dataset][ERROR] - Error loading data for sample index 2071 (ep: 8, t: 1). Error: "Modality 'goal_image_primary' not found in the index for episode 8. Please ensure the dataset was enhanced correctly."
[2025-11-04 20:06:02,451][utils.vip_c_dataset][ERROR] - Error loading data for sample index 2072 (ep: 8, t: 2). Error: "Modality 'goal_image_primary' not found in the index for episode 8. Please ensure the dataset was enhanced correctly."
[2025-11-04 20:06:02,452][utils.vip_c_dataset][ERROR] - Error loading data for sample index 2073 (ep: 8, t: 3). Error: "Modality 'goal_image_primary' not found in the index for episode 8. Please ensure the dataset was enhanced correctly."
[2025-11-04 20:06:02,452][utils.vip_c_dataset][ERROR] - Error loading data for sample index 2074 (ep: 8, t: 4). Error: "Modality 'goal_image_primary' not found in the index for episode 8. Please ensure the dataset was enhanced correctly."
[2025-11-04 20:06:02,453][utils.vip_c_dataset][ERROR] - Error loading data for sample index 2075 (ep: 8, t: 5). Error: "Modality 'goal_image_primary' not found in the index for episode 8. Please ensure the dataset was enhanced correctly."
[2025-11-04 20:06:02,453][utils.vip_c_dataset][ERROR] - Error loading data for sample index 2076 (ep: 8, t: 6). Error: "Modality 'goal_image_primary' not found in the index for episode 8. Please ensure the dataset was enhanced correctly."
[2025-11-04 20:06:02,454][utils.vip_c_dataset][ERROR] - Error loading data for sample index 2077 (ep: 8, t: 7). Error: "Modality 'goal_image_primary' not found in the index for episode 8. Please ensure the dataset was enhanced correctly."
[2025-11-04 20:06:02,455][utils.vip_c_dataset][ERROR] - Error loading data for sample index 2078 (ep: 8, t: 8). Error: "Modality 'goal_image_primary' not found in the index for episode 8. Please ensure the dataset was enhanced correctly."
[2025-11-04 20:06:02,455][utils.vip_c_dataset][ERROR] - Error loading data for sample index 2079 (ep: 8, t: 9). Error: "Modality 'goal_image_primary' not found in the index for episode 8. Please ensure the dataset was enhanced correctly."
[2025-11-04 20:06:02,456][utils.vip_c_dataset][WARNING] - An entire batch of data loading failed. Skipping batch.
[2025-11-04 20:06:02,457][utils.vip_c_dataset][ERROR] - Error loading data for sample index 2080 (ep: 8, t: 10). Error: "Modality 'goal_image_primary' not found in the index for episode 8. Please ensure the dataset was enhanced correctly."
[2025-11-04 20:06:02,458][utils.vip_c_dataset][ERROR] - Error loading data for sample index 2081 (ep: 8, t: 11). Error: "Modality 'goal_image_primary' not found in the index for episode 8. Please ensure the dataset was enhanced correctly."
[2025-11-04 20:06:02,458][utils.vip_c_dataset][ERROR] - Error loading data for sample index 2082 (ep: 8, t: 12). Error: "Modality 'goal_image_primary' not found in the index for episode 8. Please ensure the dataset was enhanced correctly."
[2025-11-04 20:06:02,459][utils.vip_c_dataset][ERROR] - Error loading data for sample index 2083 (ep: 8, t: 13). Error: "Modality 'goal_image_primary' not found in the index for episode 8. Please ensure the dataset was enhanced correctly."
[2025-11-04 20:06:02,459][utils.vip_c_dataset][ERROR] - Error loading data for sample index 2084 (ep: 8, t: 14). Error: "Modality 'goal_image_primary' not found in the index for episode 8. Please ensure the dataset was enhanced correctly."
[2025-11-04 20:06:02,460][utils.vip_c_dataset][ERROR] - Error loading data for sample index 2085 (ep: 8, t: 15). Error: "Modality 'goal_image_primary' not found in the index for episode 8. Please ensure the dataset was enhanced correctly."
[2025-11-04 20:06:02,460][utils.vip_c_dataset][ERROR] - Error loading data for sample index 2086 (ep: 8, t: 16). Error: "Modality 'goal_image_primary' not found in the index for episode 8. Please ensure the dataset was enhanced correctly."
[2025-11-04 20:06:02,461][utils.vip_c_dataset][ERROR] - Error loading data for sample index 2087 (ep: 8, t: 17). Error: "Modality 'goal_image_primary' not found in the index for episode 8. Please ensure the dataset was enhanced correctly."
[2025-11-04 20:06:02,461][utils.vip_c_dataset][ERROR] - Error loading data for sample index 2088 (ep: 8, t: 18). Error: "Modality 'goal_image_primary' not found in the index for episode 8. Please ensure the dataset was enhanced correctly."
[2025-11-04 20:06:02,462][utils.vip_c_dataset][ERROR] - Error loading data for sample index 2089 (ep: 8, t: 19). Error: "Modality 'goal_image_primary' not found in the index for episode 8. Please ensure the dataset was enhanced correctly."
[2025-11-04 20:06:02,462][utils.vip_c_dataset][ERROR] - Error loading data for sample index 2090 (ep: 8, t: 20). Error: "Modality 'goal_image_primary' not found in the index for episode 8. Please ensure the dataset was enhanced correctly."
[2025-11-04 20:06:02,463][utils.vip_c_dataset][ERROR] - Error loading data for sample index 2091 (ep: 8, t: 21). Error: "Modality 'goal_image_primary' not found in the index for episode 8. Please ensure the dataset was enhanced correctly."
[2025-11-04 20:06:02,463][utils.vip_c_dataset][ERROR] - Error loading data for sample index 2092 (ep: 8, t: 22). Error: "Modality 'goal_image_primary' not found in the index for episode 8. Please ensure the dataset was enhanced correctly."
[2025-11-04 20:06:02,464][utils.vip_c_dataset][ERROR] - Error loading data for sample index 2093 (ep: 8, t: 23). Error: "Modality 'goal_image_primary' not found in the index for episode 8. Please ensure the dataset was enhanced correctly."
[2025-11-04 20:06:02,465][utils.vip_c_dataset][ERROR] - Error loading data for sample index 2094 (ep: 8, t: 24). Error: "Modality 'goal_image_primary' not found in the index for episode 8. Please ensure the dataset was enhanced correctly."
[2025-11-04 20:06:02,465][utils.vip_c_dataset][ERROR] - Error loading data for sample index 2095 (ep: 8, t: 25). Error: "Modality 'goal_image_primary' not found in the index for episode 8. Please ensure the dataset was enhanced correctly."
[2025-11-04 20:06:02,465][utils.vip_c_dataset][ERROR] - Error loading data for sample index 2096 (ep: 8, t: 26). Error: "Modality 'goal_image_primary' not found in the index for episode 8. Please ensure the dataset was enhanced correctly."
[2025-11-04 20:06:02,466][utils.vip_c_dataset][ERROR] - Error loading data for sample index 2097 (ep: 8, t: 27). Error: "Modality 'goal_image_primary' not found in the index for episode 8. Please ensure the dataset was enhanced correctly."
[2025-11-04 20:06:02,467][utils.vip_c_dataset][ERROR] - Error loading data for sample index 2098 (ep: 8, t: 28). Error: "Modality 'goal_image_primary' not found in the index for episode 8. Please ensure the dataset was enhanced correctly."
[2025-11-04 20:06:02,467][utils.vip_c_dataset][ERROR] - Error loading data for sample index 2099 (ep: 8, t: 29). Error: "Modality 'goal_image_primary' not found in the index for episode 8. Please ensure the dataset was enhanced correctly."
[2025-11-04 20:06:02,468][utils.vip_c_dataset][ERROR] - Error loading data for sample index 2100 (ep: 8, t: 30). Error: "Modality 'goal_image_primary' not found in the index for episode 8. Please ensure the dataset was enhanced correctly."
[2025-11-04 20:06:02,468][utils.vip_c_dataset][ERROR] - Error loading data for sample index 2101 (ep: 8, t: 31). Error: "Modality 'goal_image_primary' not found in the index for episode 8. Please ensure the dataset was enhanced correctly."
[2025-11-04 20:06:02,469][utils.vip_c_dataset][ERROR] - Error loading data for sample index 2102 (ep: 8, t: 32). Error: "Modality 'goal_image_primary' not found in the index for episode 8. Please ensure the dataset was enhanced correctly."
[2025-11-04 20:06:02,469][utils.vip_c_dataset][ERROR] - Error loading data for sample index 2103 (ep: 8, t: 33). Error: "Modality 'goal_image_primary' not found in the index for episode 8. Please ensure the dataset was enhanced correctly."
[2025-11-04 20:06:02,470][utils.vip_c_dataset][ERROR] - Error loading data for sample index 2104 (ep: 8, t: 34). Error: "Modality 'goal_image_primary' not found in the index for episode 8. Please ensure the dataset was enhanced correctly."
[2025-11-04 20:06:02,470][utils.vip_c_dataset][ERROR] - Error loading data for sample index 2105 (ep: 8, t: 35). Error: "Modality 'goal_image_primary' not found in the index for episode 8. Please ensure the dataset was enhanced correctly."
[2025-11-04 20:06:02,471][utils.vip_c_dataset][ERROR] - Error loading data for sample index 2106 (ep: 8, t: 36). Error: "Modality 'goal_image_primary' not found in the index for episode 8. Please ensure the dataset was enhanced correctly."
[2025-11-04 20:06:02,471][utils.vip_c_dataset][ERROR] - Error loading data for sample index 2107 (ep: 8, t: 37). Error: "Modality 'goal_image_primary' not found in the index for episode 8. Please ensure the dataset was enhanced correctly."
[2025-11-04 20:06:02,472][utils.vip_c_dataset][ERROR] - Error loading data for sample index 2108 (ep: 8, t: 38). Error: "Modality 'goal_image_primary' not found in the index for episode 8. Please ensure the dataset was enhanced correctly."
[2025-11-04 20:06:02,472][utils.vip_c_dataset][ERROR] - Error loading data for sample index 2109 (ep: 8, t: 39). Error: "Modality 'goal_image_primary' not found in the index for episode 8. Please ensure the dataset was enhanced correctly."
[2025-11-04 20:06:02,473][utils.vip_c_dataset][ERROR] - Error loading data for sample index 2110 (ep: 8, t: 40). Error: "Modality 'goal_image_primary' not found in the index for episode 8. Please ensure the dataset was enhanced correctly."
[2025-11-04 20:06:02,474][utils.vip_c_dataset][ERROR] - Error loading data for sample index 2111 (ep: 8, t: 41). Error: "Modality 'goal_image_primary' not found in the index for episode 8. Please ensure the dataset was enhanced correctly."
[2025-11-04 20:06:02,474][utils.vip_c_dataset][WARNING] - An entire batch of data loading failed. Skipping batch.
[2025-11-04 20:06:02,475][utils.vip_c_dataset][ERROR] - Error loading data for sample index 2112 (ep: 8, t: 42). Error: "Modality 'goal_image_primary' not found in the index for episode 8. Please ensure the dataset was enhanced correctly."
[2025-11-04 20:06:02,475][utils.vip_c_dataset][ERROR] - Error loading data for sample index 2113 (ep: 8, t: 43). Error: "Modality 'goal_image_primary' not found in the index for episode 8. Please ensure the dataset was enhanced correctly."
[2025-11-04 20:06:02,476][utils.vip_c_dataset][ERROR] - Error loading data for sample index 2114 (ep: 8, t: 44). Error: "Modality 'goal_image_primary' not found in the index for episode 8. Please ensure the dataset was enhanced correctly."
[2025-11-04 20:06:02,476][utils.vip_c_dataset][ERROR] - Error loading data for sample index 2115 (ep: 8, t: 45). Error: "Modality 'goal_image_primary' not found in the index for episode 8. Please ensure the dataset was enhanced correctly."
[2025-11-04 20:06:02,477][utils.vip_c_dataset][ERROR] - Error loading data for sample index 2116 (ep: 8, t: 46). Error: "Modality 'goal_image_primary' not found in the index for episode 8. Please ensure the dataset was enhanced correctly."
[2025-11-04 20:06:02,477][utils.vip_c_dataset][ERROR] - Error loading data for sample index 2117 (ep: 8, t: 47). Error: "Modality 'goal_image_primary' not found in the index for episode 8. Please ensure the dataset was enhanced correctly."
[2025-11-04 20:06:02,478][utils.vip_c_dataset][ERROR] - Error loading data for sample index 2118 (ep: 8, t: 48). Error: "Modality 'goal_image_primary' not found in the index for episode 8. Please ensure the dataset was enhanced correctly."
[2025-11-04 20:06:02,479][utils.vip_c_dataset][ERROR] - Error loading data for sample index 2119 (ep: 8, t: 49). Error: "Modality 'goal_image_primary' not found in the index for episode 8. Please ensure the dataset was enhanced correctly."
[2025-11-04 20:06:02,479][utils.vip_c_dataset][ERROR] - Error loading data for sample index 2120 (ep: 8, t: 50). Error: "Modality 'goal_image_primary' not found in the index for episode 8. Please ensure the dataset was enhanced correctly."
[2025-11-04 20:06:02,480][utils.vip_c_dataset][ERROR] - Error loading data for sample index 2121 (ep: 8, t: 51). Error: "Modality 'goal_image_primary' not found in the index for episode 8. Please ensure the dataset was enhanced correctly."
[2025-11-04 20:06:02,480][utils.vip_c_dataset][ERROR] - Error loading data for sample index 2122 (ep: 8, t: 52). Error: "Modality 'goal_image_primary' not found in the index for episode 8. Please ensure the dataset was enhanced correctly."
[2025-11-04 20:06:02,481][utils.vip_c_dataset][ERROR] - Error loading data for sample index 2123 (ep: 8, t: 53). Error: "Modality 'goal_image_primary' not found in the index for episode 8. Please ensure the dataset was enhanced correctly."
[2025-11-04 20:06:02,481][utils.vip_c_dataset][ERROR] - Error loading data for sample index 2124 (ep: 8, t: 54). Error: "Modality 'goal_image_primary' not found in the index for episode 8. Please ensure the dataset was enhanced correctly."
[2025-11-04 20:06:02,482][utils.vip_c_dataset][ERROR] - Error loading data for sample index 2125 (ep: 8, t: 55). Error: "Modality 'goal_image_primary' not found in the index for episode 8. Please ensure the dataset was enhanced correctly."
[2025-11-04 20:06:02,482][utils.vip_c_dataset][ERROR] - Error loading data for sample index 2126 (ep: 8, t: 56). Error: "Modality 'goal_image_primary' not found in the index for episode 8. Please ensure the dataset was enhanced correctly."
[2025-11-04 20:06:02,483][utils.vip_c_dataset][ERROR] - Error loading data for sample index 2127 (ep: 8, t: 57). Error: "Modality 'goal_image_primary' not found in the index for episode 8. Please ensure the dataset was enhanced correctly."
[2025-11-04 20:06:02,483][utils.vip_c_dataset][ERROR] - Error loading data for sample index 2128 (ep: 8, t: 58). Error: "Modality 'goal_image_primary' not found in the index for episode 8. Please ensure the dataset was enhanced correctly."
[2025-11-04 20:06:02,484][utils.vip_c_dataset][ERROR] - Error loading data for sample index 2129 (ep: 8, t: 59). Error: "Modality 'goal_image_primary' not found in the index for episode 8. Please ensure the dataset was enhanced correctly."
[2025-11-04 20:06:02,485][utils.vip_c_dataset][ERROR] - Error loading data for sample index 2130 (ep: 8, t: 60). Error: "Modality 'goal_image_primary' not found in the index for episode 8. Please ensure the dataset was enhanced correctly."
[2025-11-04 20:06:02,485][utils.vip_c_dataset][ERROR] - Error loading data for sample index 2131 (ep: 8, t: 61). Error: "Modality 'goal_image_primary' not found in the index for episode 8. Please ensure the dataset was enhanced correctly."
[2025-11-04 20:06:02,486][utils.vip_c_dataset][ERROR] - Error loading data for sample index 2132 (ep: 8, t: 62). Error: "Modality 'goal_image_primary' not found in the index for episode 8. Please ensure the dataset was enhanced correctly."
[2025-11-04 20:06:02,486][utils.vip_c_dataset][ERROR] - Error loading data for sample index 2133 (ep: 8, t: 63). Error: "Modality 'goal_image_primary' not found in the index for episode 8. Please ensure the dataset was enhanced correctly."
[2025-11-04 20:06:02,487][utils.vip_c_dataset][ERROR] - Error loading data for sample index 2134 (ep: 8, t: 64). Error: "Modality 'goal_image_primary' not found in the index for episode 8. Please ensure the dataset was enhanced correctly."
[2025-11-04 20:06:02,487][utils.vip_c_dataset][ERROR] - Error loading data for sample index 2135 (ep: 8, t: 65). Error: "Modality 'goal_image_primary' not found in the index for episode 8. Please ensure the dataset was enhanced correctly."
[2025-11-04 20:06:02,488][utils.vip_c_dataset][ERROR] - Error loading data for sample index 2136 (ep: 8, t: 66). Error: "Modality 'goal_image_primary' not found in the index for episode 8. Please ensure the dataset was enhanced correctly."
[2025-11-04 20:06:02,489][utils.vip_c_dataset][ERROR] - Error loading data for sample index 2137 (ep: 8, t: 67). Error: "Modality 'goal_image_primary' not found in the index for episode 8. Please ensure the dataset was enhanced correctly."
[2025-11-04 20:06:02,489][utils.vip_c_dataset][ERROR] - Error loading data for sample index 2138 (ep: 8, t: 68). Error: "Modality 'goal_image_primary' not found in the index for episode 8. Please ensure the dataset was enhanced correctly."
[2025-11-04 20:06:02,490][utils.vip_c_dataset][ERROR] - Error loading data for sample index 2139 (ep: 8, t: 69). Error: "Modality 'goal_image_primary' not found in the index for episode 8. Please ensure the dataset was enhanced correctly."
[2025-11-04 20:06:02,490][utils.vip_c_dataset][ERROR] - Error loading data for sample index 2140 (ep: 8, t: 70). Error: "Modality 'goal_image_primary' not found in the index for episode 8. Please ensure the dataset was enhanced correctly."
[2025-11-04 20:06:02,491][utils.vip_c_dataset][ERROR] - Error loading data for sample index 2141 (ep: 8, t: 71). Error: "Modality 'goal_image_primary' not found in the index for episode 8. Please ensure the dataset was enhanced correctly."
[2025-11-04 20:06:02,492][utils.vip_c_dataset][ERROR] - Error loading data for sample index 2142 (ep: 8, t: 72). Error: "Modality 'goal_image_primary' not found in the index for episode 8. Please ensure the dataset was enhanced correctly."
[2025-11-04 20:06:02,492][utils.vip_c_dataset][ERROR] - Error loading data for sample index 2143 (ep: 8, t: 73). Error: "Modality 'goal_image_primary' not found in the index for episode 8. Please ensure the dataset was enhanced correctly."
[2025-11-04 20:06:02,493][utils.vip_c_dataset][WARNING] - An entire batch of data loading failed. Skipping batch.
[2025-11-04 20:06:02,493][utils.vip_c_dataset][ERROR] - Error loading data for sample index 2144 (ep: 8, t: 74). Error: "Modality 'goal_image_primary' not found in the index for episode 8. Please ensure the dataset was enhanced correctly."
[2025-11-04 20:06:02,494][utils.vip_c_dataset][ERROR] - Error loading data for sample index 2145 (ep: 8, t: 75). Error: "Modality 'goal_image_primary' not found in the index for episode 8. Please ensure the dataset was enhanced correctly."
[2025-11-04 20:06:02,494][utils.vip_c_dataset][ERROR] - Error loading data for sample index 2146 (ep: 8, t: 76). Error: "Modality 'goal_image_primary' not found in the index for episode 8. Please ensure the dataset was enhanced correctly."
[2025-11-04 20:06:02,495][utils.vip_c_dataset][ERROR] - Error loading data for sample index 2147 (ep: 8, t: 77). Error: "Modality 'goal_image_primary' not found in the index for episode 8. Please ensure the dataset was enhanced correctly."
[2025-11-04 20:06:02,495][utils.vip_c_dataset][ERROR] - Error loading data for sample index 2148 (ep: 8, t: 78). Error: "Modality 'goal_image_primary' not found in the index for episode 8. Please ensure the dataset was enhanced correctly."
[2025-11-04 20:06:02,496][utils.vip_c_dataset][ERROR] - Error loading data for sample index 2149 (ep: 8, t: 79). Error: "Modality 'goal_image_primary' not found in the index for episode 8. Please ensure the dataset was enhanced correctly."
[2025-11-04 20:06:02,496][utils.vip_c_dataset][ERROR] - Error loading data for sample index 2150 (ep: 8, t: 80). Error: "Modality 'goal_image_primary' not found in the index for episode 8. Please ensure the dataset was enhanced correctly."
[2025-11-04 20:06:02,497][utils.vip_c_dataset][ERROR] - Error loading data for sample index 2151 (ep: 8, t: 81). Error: "Modality 'goal_image_primary' not found in the index for episode 8. Please ensure the dataset was enhanced correctly."
[2025-11-04 20:06:02,497][utils.vip_c_dataset][ERROR] - Error loading data for sample index 2152 (ep: 8, t: 82). Error: "Modality 'goal_image_primary' not found in the index for episode 8. Please ensure the dataset was enhanced correctly."
[2025-11-04 20:06:02,498][utils.vip_c_dataset][ERROR] - Error loading data for sample index 2153 (ep: 8, t: 83). Error: "Modality 'goal_image_primary' not found in the index for episode 8. Please ensure the dataset was enhanced correctly."
[2025-11-04 20:06:02,498][utils.vip_c_dataset][ERROR] - Error loading data for sample index 2154 (ep: 8, t: 84). Error: "Modality 'goal_image_primary' not found in the index for episode 8. Please ensure the dataset was enhanced correctly."
[2025-11-04 20:06:02,499][utils.vip_c_dataset][ERROR] - Error loading data for sample index 2155 (ep: 8, t: 85). Error: "Modality 'goal_image_primary' not found in the index for episode 8. Please ensure the dataset was enhanced correctly."
[2025-11-04 20:06:02,499][utils.vip_c_dataset][ERROR] - Error loading data for sample index 2156 (ep: 8, t: 86). Error: "Modality 'goal_image_primary' not found in the index for episode 8. Please ensure the dataset was enhanced correctly."
[2025-11-04 20:06:02,500][utils.vip_c_dataset][ERROR] - Error loading data for sample index 2157 (ep: 8, t: 87). Error: "Modality 'goal_image_primary' not found in the index for episode 8. Please ensure the dataset was enhanced correctly."
[2025-11-04 20:06:02,500][utils.vip_c_dataset][ERROR] - Error loading data for sample index 2158 (ep: 8, t: 88). Error: "Modality 'goal_image_primary' not found in the index for episode 8. Please ensure the dataset was enhanced correctly."
[2025-11-04 20:06:02,501][utils.vip_c_dataset][ERROR] - Error loading data for sample index 2159 (ep: 8, t: 89). Error: "Modality 'goal_image_primary' not found in the index for episode 8. Please ensure the dataset was enhanced correctly."
[2025-11-04 20:06:02,501][utils.vip_c_dataset][ERROR] - Error loading data for sample index 2160 (ep: 8, t: 90). Error: "Modality 'goal_image_primary' not found in the index for episode 8. Please ensure the dataset was enhanced correctly."
[2025-11-04 20:06:02,502][utils.vip_c_dataset][ERROR] - Error loading data for sample index 2161 (ep: 8, t: 91). Error: "Modality 'goal_image_primary' not found in the index for episode 8. Please ensure the dataset was enhanced correctly."
[2025-11-04 20:06:02,502][utils.vip_c_dataset][ERROR] - Error loading data for sample index 2162 (ep: 8, t: 92). Error: "Modality 'goal_image_primary' not found in the index for episode 8. Please ensure the dataset was enhanced correctly."
[2025-11-04 20:06:02,503][utils.vip_c_dataset][ERROR] - Error loading data for sample index 2163 (ep: 8, t: 93). Error: "Modality 'goal_image_primary' not found in the index for episode 8. Please ensure the dataset was enhanced correctly."
[2025-11-04 20:06:02,503][utils.vip_c_dataset][ERROR] - Error loading data for sample index 2164 (ep: 8, t: 94). Error: "Modality 'goal_image_primary' not found in the index for episode 8. Please ensure the dataset was enhanced correctly."
[2025-11-04 20:06:02,504][utils.vip_c_dataset][ERROR] - Error loading data for sample index 2165 (ep: 8, t: 95). Error: "Modality 'goal_image_primary' not found in the index for episode 8. Please ensure the dataset was enhanced correctly."
[2025-11-04 20:06:02,504][utils.vip_c_dataset][ERROR] - Error loading data for sample index 2166 (ep: 8, t: 96). Error: "Modality 'goal_image_primary' not found in the index for episode 8. Please ensure the dataset was enhanced correctly."
[2025-11-04 20:06:02,505][utils.vip_c_dataset][ERROR] - Error loading data for sample index 2167 (ep: 8, t: 97). Error: "Modality 'goal_image_primary' not found in the index for episode 8. Please ensure the dataset was enhanced correctly."
[2025-11-04 20:06:02,505][utils.vip_c_dataset][ERROR] - Error loading data for sample index 2168 (ep: 8, t: 98). Error: "Modality 'goal_image_primary' not found in the index for episode 8. Please ensure the dataset was enhanced correctly."
[2025-11-04 20:06:02,506][utils.vip_c_dataset][ERROR] - Error loading data for sample index 2169 (ep: 8, t: 99). Error: "Modality 'goal_image_primary' not found in the index for episode 8. Please ensure the dataset was enhanced correctly."
[2025-11-04 20:06:02,506][utils.vip_c_dataset][ERROR] - Error loading data for sample index 2170 (ep: 8, t: 100). Error: "Modality 'goal_image_primary' not found in the index for episode 8. Please ensure the dataset was enhanced correctly."
[2025-11-04 20:06:02,506][utils.vip_c_dataset][ERROR] - Error loading data for sample index 2171 (ep: 8, t: 101). Error: "Modality 'goal_image_primary' not found in the index for episode 8. Please ensure the dataset was enhanced correctly."
[2025-11-04 20:06:02,507][utils.vip_c_dataset][ERROR] - Error loading data for sample index 2172 (ep: 8, t: 102). Error: "Modality 'goal_image_primary' not found in the index for episode 8. Please ensure the dataset was enhanced correctly."
[2025-11-04 20:06:02,508][utils.vip_c_dataset][ERROR] - Error loading data for sample index 2173 (ep: 8, t: 103). Error: "Modality 'goal_image_primary' not found in the index for episode 8. Please ensure the dataset was enhanced correctly."
[2025-11-04 20:06:02,508][utils.vip_c_dataset][ERROR] - Error loading data for sample index 2174 (ep: 8, t: 104). Error: "Modality 'goal_image_primary' not found in the index for episode 8. Please ensure the dataset was enhanced correctly."
[2025-11-04 20:06:02,509][utils.vip_c_dataset][ERROR] - Error loading data for sample index 2175 (ep: 8, t: 105). Error: "Modality 'goal_image_primary' not found in the index for episode 8. Please ensure the dataset was enhanced correctly."
[2025-11-04 20:06:02,509][utils.vip_c_dataset][WARNING] - An entire batch of data loading failed. Skipping batch.
[2025-11-04 20:06:02,509][utils.vip_c_dataset][ERROR] - Error loading data for sample index 2176 (ep: 8, t: 106). Error: "Modality 'goal_image_primary' not found in the index for episode 8. Please ensure the dataset was enhanced correctly."
[2025-11-04 20:06:02,510][utils.vip_c_dataset][ERROR] - Error loading data for sample index 2177 (ep: 8, t: 107). Error: "Modality 'goal_image_primary' not found in the index for episode 8. Please ensure the dataset was enhanced correctly."
[2025-11-04 20:06:02,510][utils.vip_c_dataset][ERROR] - Error loading data for sample index 2178 (ep: 8, t: 108). Error: "Modality 'goal_image_primary' not found in the index for episode 8. Please ensure the dataset was enhanced correctly."
[2025-11-04 20:06:02,511][utils.vip_c_dataset][ERROR] - Error loading data for sample index 2179 (ep: 8, t: 109). Error: "Modality 'goal_image_primary' not found in the index for episode 8. Please ensure the dataset was enhanced correctly."
[2025-11-04 20:06:02,511][utils.vip_c_dataset][ERROR] - Error loading data for sample index 2180 (ep: 8, t: 110). Error: "Modality 'goal_image_primary' not found in the index for episode 8. Please ensure the dataset was enhanced correctly."
[2025-11-04 20:06:02,512][utils.vip_c_dataset][ERROR] - Error loading data for sample index 2181 (ep: 8, t: 111). Error: "Modality 'goal_image_primary' not found in the index for episode 8. Please ensure the dataset was enhanced correctly."
[2025-11-04 20:06:02,512][utils.vip_c_dataset][ERROR] - Error loading data for sample index 2182 (ep: 8, t: 112). Error: "Modality 'goal_image_primary' not found in the index for episode 8. Please ensure the dataset was enhanced correctly."
[2025-11-04 20:06:02,512][utils.vip_c_dataset][ERROR] - Error loading data for sample index 2183 (ep: 8, t: 113). Error: "Modality 'goal_image_primary' not found in the index for episode 8. Please ensure the dataset was enhanced correctly."
[2025-11-04 20:06:02,512][utils.vip_c_dataset][ERROR] - Error loading data for sample index 2184 (ep: 8, t: 114). Error: "Modality 'goal_image_primary' not found in the index for episode 8. Please ensure the dataset was enhanced correctly."
[2025-11-04 20:06:02,513][utils.vip_c_dataset][ERROR] - Error loading data for sample index 2185 (ep: 8, t: 115). Error: "Modality 'goal_image_primary' not found in the index for episode 8. Please ensure the dataset was enhanced correctly."
[2025-11-04 20:06:02,514][utils.vip_c_dataset][ERROR] - Error loading data for sample index 2186 (ep: 8, t: 116). Error: "Modality 'goal_image_primary' not found in the index for episode 8. Please ensure the dataset was enhanced correctly."
[2025-11-04 20:06:02,514][utils.vip_c_dataset][ERROR] - Error loading data for sample index 2187 (ep: 8, t: 117). Error: "Modality 'goal_image_primary' not found in the index for episode 8. Please ensure the dataset was enhanced correctly."
[2025-11-04 20:06:02,514][utils.vip_c_dataset][ERROR] - Error loading data for sample index 2188 (ep: 8, t: 118). Error: "Modality 'goal_image_primary' not found in the index for episode 8. Please ensure the dataset was enhanced correctly."
[2025-11-04 20:06:02,515][utils.vip_c_dataset][ERROR] - Error loading data for sample index 2189 (ep: 8, t: 119). Error: "Modality 'goal_image_primary' not found in the index for episode 8. Please ensure the dataset was enhanced correctly."
[2025-11-04 20:06:02,515][utils.vip_c_dataset][ERROR] - Error loading data for sample index 2190 (ep: 8, t: 120). Error: "Modality 'goal_image_primary' not found in the index for episode 8. Please ensure the dataset was enhanced correctly."
[2025-11-04 20:06:02,515][utils.vip_c_dataset][ERROR] - Error loading data for sample index 2191 (ep: 8, t: 121). Error: "Modality 'goal_image_primary' not found in the index for episode 8. Please ensure the dataset was enhanced correctly."
[2025-11-04 20:06:02,515][utils.vip_c_dataset][ERROR] - Error loading data for sample index 2192 (ep: 8, t: 122). Error: "Modality 'goal_image_primary' not found in the index for episode 8. Please ensure the dataset was enhanced correctly."
[2025-11-04 20:06:02,516][utils.vip_c_dataset][ERROR] - Error loading data for sample index 2193 (ep: 8, t: 123). Error: "Modality 'goal_image_primary' not found in the index for episode 8. Please ensure the dataset was enhanced correctly."
[2025-11-04 20:06:02,516][utils.vip_c_dataset][ERROR] - Error loading data for sample index 2194 (ep: 8, t: 124). Error: "Modality 'goal_image_primary' not found in the index for episode 8. Please ensure the dataset was enhanced correctly."
[2025-11-04 20:06:02,517][utils.vip_c_dataset][ERROR] - Error loading data for sample index 2195 (ep: 8, t: 125). Error: "Modality 'goal_image_primary' not found in the index for episode 8. Please ensure the dataset was enhanced correctly."
[2025-11-04 20:06:02,517][utils.vip_c_dataset][ERROR] - Error loading data for sample index 2196 (ep: 8, t: 126). Error: "Modality 'goal_image_primary' not found in the index for episode 8. Please ensure the dataset was enhanced correctly."
[2025-11-04 20:06:02,518][utils.vip_c_dataset][ERROR] - Error loading data for sample index 2197 (ep: 8, t: 127). Error: "Modality 'goal_image_primary' not found in the index for episode 8. Please ensure the dataset was enhanced correctly."
[2025-11-04 20:06:02,518][utils.vip_c_dataset][ERROR] - Error loading data for sample index 2198 (ep: 8, t: 128). Error: "Modality 'goal_image_primary' not found in the index for episode 8. Please ensure the dataset was enhanced correctly."
[2025-11-04 20:06:02,518][utils.vip_c_dataset][ERROR] - Error loading data for sample index 2199 (ep: 8, t: 129). Error: "Modality 'goal_image_primary' not found in the index for episode 8. Please ensure the dataset was enhanced correctly."
[2025-11-04 20:06:02,519][utils.vip_c_dataset][ERROR] - Error loading data for sample index 2200 (ep: 8, t: 130). Error: "Modality 'goal_image_primary' not found in the index for episode 8. Please ensure the dataset was enhanced correctly."
[2025-11-04 20:06:02,520][utils.vip_c_dataset][ERROR] - Error loading data for sample index 2201 (ep: 8, t: 131). Error: "Modality 'goal_image_primary' not found in the index for episode 8. Please ensure the dataset was enhanced correctly."
[2025-11-04 20:06:02,520][utils.vip_c_dataset][ERROR] - Error loading data for sample index 2202 (ep: 8, t: 132). Error: "Modality 'goal_image_primary' not found in the index for episode 8. Please ensure the dataset was enhanced correctly."
[2025-11-04 20:06:02,520][utils.vip_c_dataset][ERROR] - Error loading data for sample index 2203 (ep: 8, t: 133). Error: "Modality 'goal_image_primary' not found in the index for episode 8. Please ensure the dataset was enhanced correctly."
[2025-11-04 20:06:02,521][utils.vip_c_dataset][ERROR] - Error loading data for sample index 2204 (ep: 8, t: 134). Error: "Modality 'goal_image_primary' not found in the index for episode 8. Please ensure the dataset was enhanced correctly."
[2025-11-04 20:06:02,521][utils.vip_c_dataset][ERROR] - Error loading data for sample index 2205 (ep: 8, t: 135). Error: "Modality 'goal_image_primary' not found in the index for episode 8. Please ensure the dataset was enhanced correctly."
[2025-11-04 20:06:02,522][utils.vip_c_dataset][ERROR] - Error loading data for sample index 2206 (ep: 8, t: 136). Error: "Modality 'goal_image_primary' not found in the index for episode 8. Please ensure the dataset was enhanced correctly."
[2025-11-04 20:06:02,522][utils.vip_c_dataset][ERROR] - Error loading data for sample index 2207 (ep: 8, t: 137). Error: "Modality 'goal_image_primary' not found in the index for episode 8. Please ensure the dataset was enhanced correctly."
[2025-11-04 20:06:02,522][utils.vip_c_dataset][WARNING] - An entire batch of data loading failed. Skipping batch.
[2025-11-04 20:06:02,523][utils.vip_c_dataset][ERROR] - Error loading data for sample index 2208 (ep: 8, t: 138). Error: "Modality 'goal_image_primary' not found in the index for episode 8. Please ensure the dataset was enhanced correctly."
[2025-11-04 20:06:02,524][utils.vip_c_dataset][ERROR] - Error loading data for sample index 2209 (ep: 8, t: 139). Error: "Modality 'goal_image_primary' not found in the index for episode 8. Please ensure the dataset was enhanced correctly."
[2025-11-04 20:06:02,524][utils.vip_c_dataset][ERROR] - Error loading data for sample index 2210 (ep: 8, t: 140). Error: "Modality 'goal_image_primary' not found in the index for episode 8. Please ensure the dataset was enhanced correctly."
[2025-11-04 20:06:02,524][utils.vip_c_dataset][ERROR] - Error loading data for sample index 2211 (ep: 8, t: 141). Error: "Modality 'goal_image_primary' not found in the index for episode 8. Please ensure the dataset was enhanced correctly."
[2025-11-04 20:06:02,525][utils.vip_c_dataset][ERROR] - Error loading data for sample index 2212 (ep: 8, t: 142). Error: "Modality 'goal_image_primary' not found in the index for episode 8. Please ensure the dataset was enhanced correctly."
[2025-11-04 20:06:02,525][utils.vip_c_dataset][ERROR] - Error loading data for sample index 2213 (ep: 8, t: 143). Error: "Modality 'goal_image_primary' not found in the index for episode 8. Please ensure the dataset was enhanced correctly."
[2025-11-04 20:06:02,526][utils.vip_c_dataset][ERROR] - Error loading data for sample index 2214 (ep: 8, t: 144). Error: "Modality 'goal_image_primary' not found in the index for episode 8. Please ensure the dataset was enhanced correctly."
[2025-11-04 20:06:02,526][utils.vip_c_dataset][ERROR] - Error loading data for sample index 2215 (ep: 8, t: 145). Error: "Modality 'goal_image_primary' not found in the index for episode 8. Please ensure the dataset was enhanced correctly."
[2025-11-04 20:06:02,526][utils.vip_c_dataset][ERROR] - Error loading data for sample index 2216 (ep: 8, t: 146). Error: "Modality 'goal_image_primary' not found in the index for episode 8. Please ensure the dataset was enhanced correctly."
[2025-11-04 20:06:02,527][utils.vip_c_dataset][ERROR] - Error loading data for sample index 2217 (ep: 8, t: 147). Error: "Modality 'goal_image_primary' not found in the index for episode 8. Please ensure the dataset was enhanced correctly."
[2025-11-04 20:06:02,527][utils.vip_c_dataset][ERROR] - Error loading data for sample index 2218 (ep: 8, t: 148). Error: "Modality 'goal_image_primary' not found in the index for episode 8. Please ensure the dataset was enhanced correctly."
[2025-11-04 20:06:02,528][utils.vip_c_dataset][ERROR] - Error loading data for sample index 2219 (ep: 8, t: 149). Error: "Modality 'goal_image_primary' not found in the index for episode 8. Please ensure the dataset was enhanced correctly."
[2025-11-04 20:06:02,528][utils.vip_c_dataset][ERROR] - Error loading data for sample index 2220 (ep: 8, t: 150). Error: "Modality 'goal_image_primary' not found in the index for episode 8. Please ensure the dataset was enhanced correctly."
[2025-11-04 20:06:02,528][utils.vip_c_dataset][ERROR] - Error loading data for sample index 2221 (ep: 8, t: 151). Error: "Modality 'goal_image_primary' not found in the index for episode 8. Please ensure the dataset was enhanced correctly."
[2025-11-04 20:06:02,529][utils.vip_c_dataset][ERROR] - Error loading data for sample index 2222 (ep: 8, t: 152). Error: "Modality 'goal_image_primary' not found in the index for episode 8. Please ensure the dataset was enhanced correctly."
[2025-11-04 20:06:02,529][utils.vip_c_dataset][ERROR] - Error loading data for sample index 2223 (ep: 8, t: 153). Error: "Modality 'goal_image_primary' not found in the index for episode 8. Please ensure the dataset was enhanced correctly."
[2025-11-04 20:06:02,530][utils.vip_c_dataset][ERROR] - Error loading data for sample index 2224 (ep: 8, t: 154). Error: "Modality 'goal_image_primary' not found in the index for episode 8. Please ensure the dataset was enhanced correctly."
[2025-11-04 20:06:02,530][utils.vip_c_dataset][ERROR] - Error loading data for sample index 2225 (ep: 8, t: 155). Error: "Modality 'goal_image_primary' not found in the index for episode 8. Please ensure the dataset was enhanced correctly."
[2025-11-04 20:06:02,530][utils.vip_c_dataset][ERROR] - Error loading data for sample index 2226 (ep: 8, t: 156). Error: "Modality 'goal_image_primary' not found in the index for episode 8. Please ensure the dataset was enhanced correctly."
[2025-11-04 20:06:02,531][utils.vip_c_dataset][ERROR] - Error loading data for sample index 2227 (ep: 8, t: 157). Error: "Modality 'goal_image_primary' not found in the index for episode 8. Please ensure the dataset was enhanced correctly."
[2025-11-04 20:06:02,531][utils.vip_c_dataset][ERROR] - Error loading data for sample index 2228 (ep: 8, t: 158). Error: "Modality 'goal_image_primary' not found in the index for episode 8. Please ensure the dataset was enhanced correctly."
[2025-11-04 20:06:02,532][utils.vip_c_dataset][ERROR] - Error loading data for sample index 2229 (ep: 8, t: 159). Error: "Modality 'goal_image_primary' not found in the index for episode 8. Please ensure the dataset was enhanced correctly."
[2025-11-04 20:06:02,532][utils.vip_c_dataset][ERROR] - Error loading data for sample index 2230 (ep: 8, t: 160). Error: "Modality 'goal_image_primary' not found in the index for episode 8. Please ensure the dataset was enhanced correctly."
[2025-11-04 20:06:02,532][utils.vip_c_dataset][ERROR] - Error loading data for sample index 2231 (ep: 8, t: 161). Error: "Modality 'goal_image_primary' not found in the index for episode 8. Please ensure the dataset was enhanced correctly."
[2025-11-04 20:06:02,532][utils.vip_c_dataset][ERROR] - Error loading data for sample index 2232 (ep: 8, t: 162). Error: "Modality 'goal_image_primary' not found in the index for episode 8. Please ensure the dataset was enhanced correctly."
[2025-11-04 20:06:02,533][utils.vip_c_dataset][ERROR] - Error loading data for sample index 2233 (ep: 8, t: 163). Error: "Modality 'goal_image_primary' not found in the index for episode 8. Please ensure the dataset was enhanced correctly."
[2025-11-04 20:06:02,534][utils.vip_c_dataset][ERROR] - Error loading data for sample index 2234 (ep: 8, t: 164). Error: "Modality 'goal_image_primary' not found in the index for episode 8. Please ensure the dataset was enhanced correctly."
[2025-11-04 20:06:02,534][utils.vip_c_dataset][ERROR] - Error loading data for sample index 2235 (ep: 8, t: 165). Error: "Modality 'goal_image_primary' not found in the index for episode 8. Please ensure the dataset was enhanced correctly."
[2025-11-04 20:06:02,534][utils.vip_c_dataset][ERROR] - Error loading data for sample index 2236 (ep: 8, t: 166). Error: "Modality 'goal_image_primary' not found in the index for episode 8. Please ensure the dataset was enhanced correctly."
[2025-11-04 20:06:02,534][utils.vip_c_dataset][ERROR] - Error loading data for sample index 2237 (ep: 8, t: 167). Error: "Modality 'goal_image_primary' not found in the index for episode 8. Please ensure the dataset was enhanced correctly."
[2025-11-04 20:06:02,535][utils.vip_c_dataset][ERROR] - Error loading data for sample index 2238 (ep: 8, t: 168). Error: "Modality 'goal_image_primary' not found in the index for episode 8. Please ensure the dataset was enhanced correctly."
[2025-11-04 20:06:02,535][utils.vip_c_dataset][ERROR] - Error loading data for sample index 2239 (ep: 8, t: 169). Error: "Modality 'goal_image_primary' not found in the index for episode 8. Please ensure the dataset was enhanced correctly."
[2025-11-04 20:06:02,536][utils.vip_c_dataset][WARNING] - An entire batch of data loading failed. Skipping batch.
[2025-11-04 20:06:02,536][utils.vip_c_dataset][ERROR] - Error loading data for sample index 2240 (ep: 8, t: 170). Error: "Modality 'goal_image_primary' not found in the index for episode 8. Please ensure the dataset was enhanced correctly."
[2025-11-04 20:06:02,537][utils.vip_c_dataset][ERROR] - Error loading data for sample index 2241 (ep: 8, t: 171). Error: "Modality 'goal_image_primary' not found in the index for episode 8. Please ensure the dataset was enhanced correctly."
[2025-11-04 20:06:02,537][utils.vip_c_dataset][ERROR] - Error loading data for sample index 2242 (ep: 8, t: 172). Error: "Modality 'goal_image_primary' not found in the index for episode 8. Please ensure the dataset was enhanced correctly."
[2025-11-04 20:06:02,538][utils.vip_c_dataset][ERROR] - Error loading data for sample index 2243 (ep: 8, t: 173). Error: "Modality 'goal_image_primary' not found in the index for episode 8. Please ensure the dataset was enhanced correctly."
[2025-11-04 20:06:02,538][utils.vip_c_dataset][ERROR] - Error loading data for sample index 2244 (ep: 8, t: 174). Error: "Modality 'goal_image_primary' not found in the index for episode 8. Please ensure the dataset was enhanced correctly."
[2025-11-04 20:06:02,539][utils.vip_c_dataset][ERROR] - Error loading data for sample index 2245 (ep: 8, t: 175). Error: "Modality 'goal_image_primary' not found in the index for episode 8. Please ensure the dataset was enhanced correctly."
[2025-11-04 20:06:02,539][utils.vip_c_dataset][ERROR] - Error loading data for sample index 2246 (ep: 8, t: 176). Error: "Modality 'goal_image_primary' not found in the index for episode 8. Please ensure the dataset was enhanced correctly."
[2025-11-04 20:06:02,540][utils.vip_c_dataset][ERROR] - Error loading data for sample index 2247 (ep: 8, t: 177). Error: "Modality 'goal_image_primary' not found in the index for episode 8. Please ensure the dataset was enhanced correctly."
[2025-11-04 20:06:02,540][utils.vip_c_dataset][ERROR] - Error loading data for sample index 2248 (ep: 8, t: 178). Error: "Modality 'goal_image_primary' not found in the index for episode 8. Please ensure the dataset was enhanced correctly."
[2025-11-04 20:06:02,541][utils.vip_c_dataset][ERROR] - Error loading data for sample index 2249 (ep: 8, t: 179). Error: "Modality 'goal_image_primary' not found in the index for episode 8. Please ensure the dataset was enhanced correctly."
[2025-11-04 20:06:02,541][utils.vip_c_dataset][ERROR] - Error loading data for sample index 2250 (ep: 8, t: 180). Error: "Modality 'goal_image_primary' not found in the index for episode 8. Please ensure the dataset was enhanced correctly."
[2025-11-04 20:06:02,541][utils.vip_c_dataset][ERROR] - Error loading data for sample index 2251 (ep: 8, t: 181). Error: "Modality 'goal_image_primary' not found in the index for episode 8. Please ensure the dataset was enhanced correctly."
[2025-11-04 20:06:02,542][utils.vip_c_dataset][ERROR] - Error loading data for sample index 2252 (ep: 8, t: 182). Error: "Modality 'goal_image_primary' not found in the index for episode 8. Please ensure the dataset was enhanced correctly."
[2025-11-04 20:06:02,542][utils.vip_c_dataset][ERROR] - Error loading data for sample index 2253 (ep: 8, t: 183). Error: "Modality 'goal_image_primary' not found in the index for episode 8. Please ensure the dataset was enhanced correctly."
[2025-11-04 20:06:02,543][utils.vip_c_dataset][ERROR] - Error loading data for sample index 2254 (ep: 8, t: 184). Error: "Modality 'goal_image_primary' not found in the index for episode 8. Please ensure the dataset was enhanced correctly."
[2025-11-04 20:06:02,543][utils.vip_c_dataset][ERROR] - Error loading data for sample index 2255 (ep: 8, t: 185). Error: "Modality 'goal_image_primary' not found in the index for episode 8. Please ensure the dataset was enhanced correctly."
[2025-11-04 20:06:02,543][utils.vip_c_dataset][ERROR] - Error loading data for sample index 2256 (ep: 8, t: 186). Error: "Modality 'goal_image_primary' not found in the index for episode 8. Please ensure the dataset was enhanced correctly."
[2025-11-04 20:06:02,544][utils.vip_c_dataset][ERROR] - Error loading data for sample index 2257 (ep: 8, t: 187). Error: "Modality 'goal_image_primary' not found in the index for episode 8. Please ensure the dataset was enhanced correctly."
[2025-11-04 20:06:02,544][utils.vip_c_dataset][ERROR] - Error loading data for sample index 2258 (ep: 8, t: 188). Error: "Modality 'goal_image_primary' not found in the index for episode 8. Please ensure the dataset was enhanced correctly."
[2025-11-04 20:06:02,544][utils.vip_c_dataset][ERROR] - Error loading data for sample index 2259 (ep: 8, t: 189). Error: "Modality 'goal_image_primary' not found in the index for episode 8. Please ensure the dataset was enhanced correctly."
[2025-11-04 20:06:02,545][utils.vip_c_dataset][ERROR] - Error loading data for sample index 2260 (ep: 8, t: 190). Error: "Modality 'goal_image_primary' not found in the index for episode 8. Please ensure the dataset was enhanced correctly."
[2025-11-04 20:06:02,545][utils.vip_c_dataset][ERROR] - Error loading data for sample index 2261 (ep: 8, t: 191). Error: "Modality 'goal_image_primary' not found in the index for episode 8. Please ensure the dataset was enhanced correctly."
[2025-11-04 20:06:02,546][utils.vip_c_dataset][ERROR] - Error loading data for sample index 2262 (ep: 8, t: 192). Error: "Modality 'goal_image_primary' not found in the index for episode 8. Please ensure the dataset was enhanced correctly."
[2025-11-04 20:06:02,546][utils.vip_c_dataset][ERROR] - Error loading data for sample index 2263 (ep: 8, t: 193). Error: "Modality 'goal_image_primary' not found in the index for episode 8. Please ensure the dataset was enhanced correctly."
[2025-11-04 20:06:02,546][utils.vip_c_dataset][ERROR] - Error loading data for sample index 2264 (ep: 8, t: 194). Error: "Modality 'goal_image_primary' not found in the index for episode 8. Please ensure the dataset was enhanced correctly."
[2025-11-04 20:06:02,547][utils.vip_c_dataset][ERROR] - Error loading data for sample index 2265 (ep: 8, t: 195). Error: "Modality 'goal_image_primary' not found in the index for episode 8. Please ensure the dataset was enhanced correctly."
[2025-11-04 20:06:02,547][utils.vip_c_dataset][ERROR] - Error loading data for sample index 2266 (ep: 8, t: 196). Error: "Modality 'goal_image_primary' not found in the index for episode 8. Please ensure the dataset was enhanced correctly."
[2025-11-04 20:06:02,547][utils.vip_c_dataset][ERROR] - Error loading data for sample index 2267 (ep: 8, t: 197). Error: "Modality 'goal_image_primary' not found in the index for episode 8. Please ensure the dataset was enhanced correctly."
[2025-11-04 20:06:02,547][utils.vip_c_dataset][ERROR] - Error loading data for sample index 2268 (ep: 8, t: 198). Error: "Modality 'goal_image_primary' not found in the index for episode 8. Please ensure the dataset was enhanced correctly."
[2025-11-04 20:06:02,548][utils.vip_c_dataset][ERROR] - Error loading data for sample index 2269 (ep: 8, t: 199). Error: "Modality 'goal_image_primary' not found in the index for episode 8. Please ensure the dataset was enhanced correctly."
[2025-11-04 20:06:02,549][utils.vip_c_dataset][ERROR] - Error loading data for sample index 2270 (ep: 8, t: 200). Error: "Modality 'goal_image_primary' not found in the index for episode 8. Please ensure the dataset was enhanced correctly."
[2025-11-04 20:06:02,549][utils.vip_c_dataset][ERROR] - Error loading data for sample index 2271 (ep: 8, t: 201). Error: "Modality 'goal_image_primary' not found in the index for episode 8. Please ensure the dataset was enhanced correctly."
[2025-11-04 20:06:02,550][utils.vip_c_dataset][WARNING] - An entire batch of data loading failed. Skipping batch.
[2025-11-04 20:06:02,550][utils.vip_c_dataset][ERROR] - Error loading data for sample index 2272 (ep: 8, t: 202). Error: "Modality 'goal_image_primary' not found in the index for episode 8. Please ensure the dataset was enhanced correctly."
[2025-11-04 20:06:02,551][utils.vip_c_dataset][ERROR] - Error loading data for sample index 2273 (ep: 8, t: 203). Error: "Modality 'goal_image_primary' not found in the index for episode 8. Please ensure the dataset was enhanced correctly."
[2025-11-04 20:06:02,551][utils.vip_c_dataset][ERROR] - Error loading data for sample index 2274 (ep: 8, t: 204). Error: "Modality 'goal_image_primary' not found in the index for episode 8. Please ensure the dataset was enhanced correctly."
[2025-11-04 20:06:02,551][utils.vip_c_dataset][ERROR] - Error loading data for sample index 2275 (ep: 8, t: 205). Error: "Modality 'goal_image_primary' not found in the index for episode 8. Please ensure the dataset was enhanced correctly."
[2025-11-04 20:06:02,552][utils.vip_c_dataset][ERROR] - Error loading data for sample index 2276 (ep: 8, t: 206). Error: "Modality 'goal_image_primary' not found in the index for episode 8. Please ensure the dataset was enhanced correctly."
[2025-11-04 20:06:02,552][utils.vip_c_dataset][ERROR] - Error loading data for sample index 2277 (ep: 8, t: 207). Error: "Modality 'goal_image_primary' not found in the index for episode 8. Please ensure the dataset was enhanced correctly."
[2025-11-04 20:06:02,553][utils.vip_c_dataset][ERROR] - Error loading data for sample index 2278 (ep: 8, t: 208). Error: "Modality 'goal_image_primary' not found in the index for episode 8. Please ensure the dataset was enhanced correctly."
[2025-11-04 20:06:02,553][utils.vip_c_dataset][ERROR] - Error loading data for sample index 2279 (ep: 8, t: 209). Error: "Modality 'goal_image_primary' not found in the index for episode 8. Please ensure the dataset was enhanced correctly."
[2025-11-04 20:06:02,553][utils.vip_c_dataset][ERROR] - Error loading data for sample index 2280 (ep: 8, t: 210). Error: "Modality 'goal_image_primary' not found in the index for episode 8. Please ensure the dataset was enhanced correctly."
[2025-11-04 20:06:02,554][utils.vip_c_dataset][ERROR] - Error loading data for sample index 2281 (ep: 8, t: 211). Error: "Modality 'goal_image_primary' not found in the index for episode 8. Please ensure the dataset was enhanced correctly."
[2025-11-04 20:06:02,554][utils.vip_c_dataset][ERROR] - Error loading data for sample index 2282 (ep: 8, t: 212). Error: "Modality 'goal_image_primary' not found in the index for episode 8. Please ensure the dataset was enhanced correctly."
[2025-11-04 20:06:02,555][utils.vip_c_dataset][ERROR] - Error loading data for sample index 2283 (ep: 8, t: 213). Error: "Modality 'goal_image_primary' not found in the index for episode 8. Please ensure the dataset was enhanced correctly."
[2025-11-04 20:06:02,555][utils.vip_c_dataset][ERROR] - Error loading data for sample index 2284 (ep: 8, t: 214). Error: "Modality 'goal_image_primary' not found in the index for episode 8. Please ensure the dataset was enhanced correctly."
[2025-11-04 20:06:02,556][utils.vip_c_dataset][ERROR] - Error loading data for sample index 2285 (ep: 8, t: 215). Error: "Modality 'goal_image_primary' not found in the index for episode 8. Please ensure the dataset was enhanced correctly."
[2025-11-04 20:06:02,556][utils.vip_c_dataset][ERROR] - Error loading data for sample index 2286 (ep: 8, t: 216). Error: "Modality 'goal_image_primary' not found in the index for episode 8. Please ensure the dataset was enhanced correctly."
[2025-11-04 20:06:02,557][utils.vip_c_dataset][ERROR] - Error loading data for sample index 2287 (ep: 8, t: 217). Error: "Modality 'goal_image_primary' not found in the index for episode 8. Please ensure the dataset was enhanced correctly."
[2025-11-04 20:06:02,557][utils.vip_c_dataset][ERROR] - Error loading data for sample index 2288 (ep: 8, t: 218). Error: "Modality 'goal_image_primary' not found in the index for episode 8. Please ensure the dataset was enhanced correctly."
[2025-11-04 20:06:02,558][utils.vip_c_dataset][ERROR] - Error loading data for sample index 2289 (ep: 8, t: 219). Error: "Modality 'goal_image_primary' not found in the index for episode 8. Please ensure the dataset was enhanced correctly."
[2025-11-04 20:06:02,558][utils.vip_c_dataset][ERROR] - Error loading data for sample index 2290 (ep: 8, t: 220). Error: "Modality 'goal_image_primary' not found in the index for episode 8. Please ensure the dataset was enhanced correctly."
[2025-11-04 20:06:02,558][utils.vip_c_dataset][ERROR] - Error loading data for sample index 2291 (ep: 8, t: 221). Error: "Modality 'goal_image_primary' not found in the index for episode 8. Please ensure the dataset was enhanced correctly."
[2025-11-04 20:06:02,559][utils.vip_c_dataset][ERROR] - Error loading data for sample index 2292 (ep: 8, t: 222). Error: "Modality 'goal_image_primary' not found in the index for episode 8. Please ensure the dataset was enhanced correctly."
[2025-11-04 20:06:02,559][utils.vip_c_dataset][ERROR] - Error loading data for sample index 2293 (ep: 8, t: 223). Error: "Modality 'goal_image_primary' not found in the index for episode 8. Please ensure the dataset was enhanced correctly."
[2025-11-04 20:06:02,560][utils.vip_c_dataset][ERROR] - Error loading data for sample index 2294 (ep: 8, t: 224). Error: "Modality 'goal_image_primary' not found in the index for episode 8. Please ensure the dataset was enhanced correctly."
[2025-11-04 20:06:02,560][utils.vip_c_dataset][ERROR] - Error loading data for sample index 2295 (ep: 8, t: 225). Error: "Modality 'goal_image_primary' not found in the index for episode 8. Please ensure the dataset was enhanced correctly."
[2025-11-04 20:06:02,560][utils.vip_c_dataset][ERROR] - Error loading data for sample index 2296 (ep: 8, t: 226). Error: "Modality 'goal_image_primary' not found in the index for episode 8. Please ensure the dataset was enhanced correctly."
[2025-11-04 20:06:02,561][utils.vip_c_dataset][ERROR] - Error loading data for sample index 2297 (ep: 8, t: 227). Error: "Modality 'goal_image_primary' not found in the index for episode 8. Please ensure the dataset was enhanced correctly."
[2025-11-04 20:06:02,561][utils.vip_c_dataset][ERROR] - Error loading data for sample index 2298 (ep: 8, t: 228). Error: "Modality 'goal_image_primary' not found in the index for episode 8. Please ensure the dataset was enhanced correctly."
[2025-11-04 20:06:02,561][utils.vip_c_dataset][ERROR] - Error loading data for sample index 2299 (ep: 8, t: 229). Error: "Modality 'goal_image_primary' not found in the index for episode 8. Please ensure the dataset was enhanced correctly."
[2025-11-04 20:06:02,561][utils.vip_c_dataset][ERROR] - Error loading data for sample index 2300 (ep: 8, t: 230). Error: "Modality 'goal_image_primary' not found in the index for episode 8. Please ensure the dataset was enhanced correctly."
[2025-11-04 20:06:02,562][utils.vip_c_dataset][ERROR] - Error loading data for sample index 2301 (ep: 8, t: 231). Error: "Modality 'goal_image_primary' not found in the index for episode 8. Please ensure the dataset was enhanced correctly."
[2025-11-04 20:06:02,563][utils.vip_c_dataset][ERROR] - Error loading data for sample index 2302 (ep: 8, t: 232). Error: "Modality 'goal_image_primary' not found in the index for episode 8. Please ensure the dataset was enhanced correctly."
[2025-11-04 20:06:02,563][utils.vip_c_dataset][ERROR] - Error loading data for sample index 2303 (ep: 8, t: 233). Error: "Modality 'goal_image_primary' not found in the index for episode 8. Please ensure the dataset was enhanced correctly."
[2025-11-04 20:06:02,564][utils.vip_c_dataset][WARNING] - An entire batch of data loading failed. Skipping batch.
[2025-11-04 20:06:02,565][utils.vip_c_dataset][ERROR] - Error loading data for sample index 2304 (ep: 8, t: 234). Error: "Modality 'goal_image_primary' not found in the index for episode 8. Please ensure the dataset was enhanced correctly."
[2025-11-04 20:06:02,565][utils.vip_c_dataset][ERROR] - Error loading data for sample index 2305 (ep: 8, t: 235). Error: "Modality 'goal_image_primary' not found in the index for episode 8. Please ensure the dataset was enhanced correctly."
[2025-11-04 20:06:02,566][utils.vip_c_dataset][ERROR] - Error loading data for sample index 2306 (ep: 8, t: 236). Error: "Modality 'goal_image_primary' not found in the index for episode 8. Please ensure the dataset was enhanced correctly."
[2025-11-04 20:06:02,567][utils.vip_c_dataset][ERROR] - Error loading data for sample index 2307 (ep: 8, t: 237). Error: "Modality 'goal_image_primary' not found in the index for episode 8. Please ensure the dataset was enhanced correctly."
[2025-11-04 20:06:02,753][utils.vip_c_dataset][ERROR] - Error loading data for sample index 2308 (ep: 9, t: 1). Error: "Modality 'goal_image_primary' not found in the index for episode 9. Please ensure the dataset was enhanced correctly."
[2025-11-04 20:06:02,754][utils.vip_c_dataset][ERROR] - Error loading data for sample index 2309 (ep: 9, t: 2). Error: "Modality 'goal_image_primary' not found in the index for episode 9. Please ensure the dataset was enhanced correctly."
[2025-11-04 20:06:02,755][utils.vip_c_dataset][ERROR] - Error loading data for sample index 2310 (ep: 9, t: 3). Error: "Modality 'goal_image_primary' not found in the index for episode 9. Please ensure the dataset was enhanced correctly."
[2025-11-04 20:06:02,756][utils.vip_c_dataset][ERROR] - Error loading data for sample index 2311 (ep: 9, t: 4). Error: "Modality 'goal_image_primary' not found in the index for episode 9. Please ensure the dataset was enhanced correctly."
[2025-11-04 20:06:02,756][utils.vip_c_dataset][ERROR] - Error loading data for sample index 2312 (ep: 9, t: 5). Error: "Modality 'goal_image_primary' not found in the index for episode 9. Please ensure the dataset was enhanced correctly."
[2025-11-04 20:06:02,757][utils.vip_c_dataset][ERROR] - Error loading data for sample index 2313 (ep: 9, t: 6). Error: "Modality 'goal_image_primary' not found in the index for episode 9. Please ensure the dataset was enhanced correctly."
[2025-11-04 20:06:02,757][utils.vip_c_dataset][ERROR] - Error loading data for sample index 2314 (ep: 9, t: 7). Error: "Modality 'goal_image_primary' not found in the index for episode 9. Please ensure the dataset was enhanced correctly."
[2025-11-04 20:06:02,758][utils.vip_c_dataset][ERROR] - Error loading data for sample index 2315 (ep: 9, t: 8). Error: "Modality 'goal_image_primary' not found in the index for episode 9. Please ensure the dataset was enhanced correctly."
[2025-11-04 20:06:02,758][utils.vip_c_dataset][ERROR] - Error loading data for sample index 2316 (ep: 9, t: 9). Error: "Modality 'goal_image_primary' not found in the index for episode 9. Please ensure the dataset was enhanced correctly."
[2025-11-04 20:06:02,759][utils.vip_c_dataset][ERROR] - Error loading data for sample index 2317 (ep: 9, t: 10). Error: "Modality 'goal_image_primary' not found in the index for episode 9. Please ensure the dataset was enhanced correctly."
[2025-11-04 20:06:02,760][utils.vip_c_dataset][ERROR] - Error loading data for sample index 2318 (ep: 9, t: 11). Error: "Modality 'goal_image_primary' not found in the index for episode 9. Please ensure the dataset was enhanced correctly."
[2025-11-04 20:06:02,760][utils.vip_c_dataset][ERROR] - Error loading data for sample index 2319 (ep: 9, t: 12). Error: "Modality 'goal_image_primary' not found in the index for episode 9. Please ensure the dataset was enhanced correctly."
[2025-11-04 20:06:02,761][utils.vip_c_dataset][ERROR] - Error loading data for sample index 2320 (ep: 9, t: 13). Error: "Modality 'goal_image_primary' not found in the index for episode 9. Please ensure the dataset was enhanced correctly."
[2025-11-04 20:06:02,761][utils.vip_c_dataset][ERROR] - Error loading data for sample index 2321 (ep: 9, t: 14). Error: "Modality 'goal_image_primary' not found in the index for episode 9. Please ensure the dataset was enhanced correctly."
[2025-11-04 20:06:02,762][utils.vip_c_dataset][ERROR] - Error loading data for sample index 2322 (ep: 9, t: 15). Error: "Modality 'goal_image_primary' not found in the index for episode 9. Please ensure the dataset was enhanced correctly."
[2025-11-04 20:06:02,762][utils.vip_c_dataset][ERROR] - Error loading data for sample index 2323 (ep: 9, t: 16). Error: "Modality 'goal_image_primary' not found in the index for episode 9. Please ensure the dataset was enhanced correctly."
[2025-11-04 20:06:02,763][utils.vip_c_dataset][ERROR] - Error loading data for sample index 2324 (ep: 9, t: 17). Error: "Modality 'goal_image_primary' not found in the index for episode 9. Please ensure the dataset was enhanced correctly."
[2025-11-04 20:06:02,763][utils.vip_c_dataset][ERROR] - Error loading data for sample index 2325 (ep: 9, t: 18). Error: "Modality 'goal_image_primary' not found in the index for episode 9. Please ensure the dataset was enhanced correctly."
[2025-11-04 20:06:02,764][utils.vip_c_dataset][ERROR] - Error loading data for sample index 2326 (ep: 9, t: 19). Error: "Modality 'goal_image_primary' not found in the index for episode 9. Please ensure the dataset was enhanced correctly."
[2025-11-04 20:06:02,764][utils.vip_c_dataset][ERROR] - Error loading data for sample index 2327 (ep: 9, t: 20). Error: "Modality 'goal_image_primary' not found in the index for episode 9. Please ensure the dataset was enhanced correctly."
[2025-11-04 20:06:02,765][utils.vip_c_dataset][ERROR] - Error loading data for sample index 2328 (ep: 9, t: 21). Error: "Modality 'goal_image_primary' not found in the index for episode 9. Please ensure the dataset was enhanced correctly."
[2025-11-04 20:06:02,765][utils.vip_c_dataset][ERROR] - Error loading data for sample index 2329 (ep: 9, t: 22). Error: "Modality 'goal_image_primary' not found in the index for episode 9. Please ensure the dataset was enhanced correctly."
[2025-11-04 20:06:02,766][utils.vip_c_dataset][ERROR] - Error loading data for sample index 2330 (ep: 9, t: 23). Error: "Modality 'goal_image_primary' not found in the index for episode 9. Please ensure the dataset was enhanced correctly."
[2025-11-04 20:06:02,766][utils.vip_c_dataset][ERROR] - Error loading data for sample index 2331 (ep: 9, t: 24). Error: "Modality 'goal_image_primary' not found in the index for episode 9. Please ensure the dataset was enhanced correctly."
[2025-11-04 20:06:02,767][utils.vip_c_dataset][ERROR] - Error loading data for sample index 2332 (ep: 9, t: 25). Error: "Modality 'goal_image_primary' not found in the index for episode 9. Please ensure the dataset was enhanced correctly."
[2025-11-04 20:06:02,767][utils.vip_c_dataset][ERROR] - Error loading data for sample index 2333 (ep: 9, t: 26). Error: "Modality 'goal_image_primary' not found in the index for episode 9. Please ensure the dataset was enhanced correctly."
[2025-11-04 20:06:02,768][utils.vip_c_dataset][ERROR] - Error loading data for sample index 2334 (ep: 9, t: 27). Error: "Modality 'goal_image_primary' not found in the index for episode 9. Please ensure the dataset was enhanced correctly."
[2025-11-04 20:06:02,768][utils.vip_c_dataset][ERROR] - Error loading data for sample index 2335 (ep: 9, t: 28). Error: "Modality 'goal_image_primary' not found in the index for episode 9. Please ensure the dataset was enhanced correctly."
[2025-11-04 20:06:02,769][utils.vip_c_dataset][WARNING] - An entire batch of data loading failed. Skipping batch.
[2025-11-04 20:06:02,769][utils.vip_c_dataset][ERROR] - Error loading data for sample index 2336 (ep: 9, t: 29). Error: "Modality 'goal_image_primary' not found in the index for episode 9. Please ensure the dataset was enhanced correctly."
[2025-11-04 20:06:02,770][utils.vip_c_dataset][ERROR] - Error loading data for sample index 2337 (ep: 9, t: 30). Error: "Modality 'goal_image_primary' not found in the index for episode 9. Please ensure the dataset was enhanced correctly."
[2025-11-04 20:06:02,771][utils.vip_c_dataset][ERROR] - Error loading data for sample index 2338 (ep: 9, t: 31). Error: "Modality 'goal_image_primary' not found in the index for episode 9. Please ensure the dataset was enhanced correctly."
[2025-11-04 20:06:02,771][utils.vip_c_dataset][ERROR] - Error loading data for sample index 2339 (ep: 9, t: 32). Error: "Modality 'goal_image_primary' not found in the index for episode 9. Please ensure the dataset was enhanced correctly."
[2025-11-04 20:06:02,772][utils.vip_c_dataset][ERROR] - Error loading data for sample index 2340 (ep: 9, t: 33). Error: "Modality 'goal_image_primary' not found in the index for episode 9. Please ensure the dataset was enhanced correctly."
[2025-11-04 20:06:02,772][utils.vip_c_dataset][ERROR] - Error loading data for sample index 2341 (ep: 9, t: 34). Error: "Modality 'goal_image_primary' not found in the index for episode 9. Please ensure the dataset was enhanced correctly."
[2025-11-04 20:06:02,773][utils.vip_c_dataset][ERROR] - Error loading data for sample index 2342 (ep: 9, t: 35). Error: "Modality 'goal_image_primary' not found in the index for episode 9. Please ensure the dataset was enhanced correctly."
[2025-11-04 20:06:02,774][utils.vip_c_dataset][ERROR] - Error loading data for sample index 2343 (ep: 9, t: 36). Error: "Modality 'goal_image_primary' not found in the index for episode 9. Please ensure the dataset was enhanced correctly."
[2025-11-04 20:06:02,774][utils.vip_c_dataset][ERROR] - Error loading data for sample index 2344 (ep: 9, t: 37). Error: "Modality 'goal_image_primary' not found in the index for episode 9. Please ensure the dataset was enhanced correctly."
[2025-11-04 20:06:02,775][utils.vip_c_dataset][ERROR] - Error loading data for sample index 2345 (ep: 9, t: 38). Error: "Modality 'goal_image_primary' not found in the index for episode 9. Please ensure the dataset was enhanced correctly."
[2025-11-04 20:06:02,775][utils.vip_c_dataset][ERROR] - Error loading data for sample index 2346 (ep: 9, t: 39). Error: "Modality 'goal_image_primary' not found in the index for episode 9. Please ensure the dataset was enhanced correctly."
[2025-11-04 20:06:02,776][utils.vip_c_dataset][ERROR] - Error loading data for sample index 2347 (ep: 9, t: 40). Error: "Modality 'goal_image_primary' not found in the index for episode 9. Please ensure the dataset was enhanced correctly."
[2025-11-04 20:06:02,776][utils.vip_c_dataset][ERROR] - Error loading data for sample index 2348 (ep: 9, t: 41). Error: "Modality 'goal_image_primary' not found in the index for episode 9. Please ensure the dataset was enhanced correctly."
[2025-11-04 20:06:02,777][utils.vip_c_dataset][ERROR] - Error loading data for sample index 2349 (ep: 9, t: 42). Error: "Modality 'goal_image_primary' not found in the index for episode 9. Please ensure the dataset was enhanced correctly."
[2025-11-04 20:06:02,777][utils.vip_c_dataset][ERROR] - Error loading data for sample index 2350 (ep: 9, t: 43). Error: "Modality 'goal_image_primary' not found in the index for episode 9. Please ensure the dataset was enhanced correctly."
[2025-11-04 20:06:02,778][utils.vip_c_dataset][ERROR] - Error loading data for sample index 2351 (ep: 9, t: 44). Error: "Modality 'goal_image_primary' not found in the index for episode 9. Please ensure the dataset was enhanced correctly."
[2025-11-04 20:06:02,778][utils.vip_c_dataset][ERROR] - Error loading data for sample index 2352 (ep: 9, t: 45). Error: "Modality 'goal_image_primary' not found in the index for episode 9. Please ensure the dataset was enhanced correctly."
[2025-11-04 20:06:02,779][utils.vip_c_dataset][ERROR] - Error loading data for sample index 2353 (ep: 9, t: 46). Error: "Modality 'goal_image_primary' not found in the index for episode 9. Please ensure the dataset was enhanced correctly."
[2025-11-04 20:06:02,780][utils.vip_c_dataset][ERROR] - Error loading data for sample index 2354 (ep: 9, t: 47). Error: "Modality 'goal_image_primary' not found in the index for episode 9. Please ensure the dataset was enhanced correctly."
[2025-11-04 20:06:02,780][utils.vip_c_dataset][ERROR] - Error loading data for sample index 2355 (ep: 9, t: 48). Error: "Modality 'goal_image_primary' not found in the index for episode 9. Please ensure the dataset was enhanced correctly."
[2025-11-04 20:06:02,781][utils.vip_c_dataset][ERROR] - Error loading data for sample index 2356 (ep: 9, t: 49). Error: "Modality 'goal_image_primary' not found in the index for episode 9. Please ensure the dataset was enhanced correctly."
[2025-11-04 20:06:02,781][utils.vip_c_dataset][ERROR] - Error loading data for sample index 2357 (ep: 9, t: 50). Error: "Modality 'goal_image_primary' not found in the index for episode 9. Please ensure the dataset was enhanced correctly."
[2025-11-04 20:06:02,782][utils.vip_c_dataset][ERROR] - Error loading data for sample index 2358 (ep: 9, t: 51). Error: "Modality 'goal_image_primary' not found in the index for episode 9. Please ensure the dataset was enhanced correctly."
[2025-11-04 20:06:02,782][utils.vip_c_dataset][ERROR] - Error loading data for sample index 2359 (ep: 9, t: 52). Error: "Modality 'goal_image_primary' not found in the index for episode 9. Please ensure the dataset was enhanced correctly."
[2025-11-04 20:06:02,783][utils.vip_c_dataset][ERROR] - Error loading data for sample index 2360 (ep: 9, t: 53). Error: "Modality 'goal_image_primary' not found in the index for episode 9. Please ensure the dataset was enhanced correctly."
[2025-11-04 20:06:02,783][utils.vip_c_dataset][ERROR] - Error loading data for sample index 2361 (ep: 9, t: 54). Error: "Modality 'goal_image_primary' not found in the index for episode 9. Please ensure the dataset was enhanced correctly."
[2025-11-04 20:06:02,784][utils.vip_c_dataset][ERROR] - Error loading data for sample index 2362 (ep: 9, t: 55). Error: "Modality 'goal_image_primary' not found in the index for episode 9. Please ensure the dataset was enhanced correctly."
[2025-11-04 20:06:02,784][utils.vip_c_dataset][ERROR] - Error loading data for sample index 2363 (ep: 9, t: 56). Error: "Modality 'goal_image_primary' not found in the index for episode 9. Please ensure the dataset was enhanced correctly."
[2025-11-04 20:06:02,785][utils.vip_c_dataset][ERROR] - Error loading data for sample index 2364 (ep: 9, t: 57). Error: "Modality 'goal_image_primary' not found in the index for episode 9. Please ensure the dataset was enhanced correctly."
[2025-11-04 20:06:02,785][utils.vip_c_dataset][ERROR] - Error loading data for sample index 2365 (ep: 9, t: 58). Error: "Modality 'goal_image_primary' not found in the index for episode 9. Please ensure the dataset was enhanced correctly."
[2025-11-04 20:06:02,786][utils.vip_c_dataset][ERROR] - Error loading data for sample index 2366 (ep: 9, t: 59). Error: "Modality 'goal_image_primary' not found in the index for episode 9. Please ensure the dataset was enhanced correctly."
[2025-11-04 20:06:02,786][utils.vip_c_dataset][ERROR] - Error loading data for sample index 2367 (ep: 9, t: 60). Error: "Modality 'goal_image_primary' not found in the index for episode 9. Please ensure the dataset was enhanced correctly."
[2025-11-04 20:06:02,787][utils.vip_c_dataset][WARNING] - An entire batch of data loading failed. Skipping batch.
[2025-11-04 20:06:02,788][utils.vip_c_dataset][ERROR] - Error loading data for sample index 2368 (ep: 9, t: 61). Error: "Modality 'goal_image_primary' not found in the index for episode 9. Please ensure the dataset was enhanced correctly."
[2025-11-04 20:06:02,788][utils.vip_c_dataset][ERROR] - Error loading data for sample index 2369 (ep: 9, t: 62). Error: "Modality 'goal_image_primary' not found in the index for episode 9. Please ensure the dataset was enhanced correctly."
[2025-11-04 20:06:02,789][utils.vip_c_dataset][ERROR] - Error loading data for sample index 2370 (ep: 9, t: 63). Error: "Modality 'goal_image_primary' not found in the index for episode 9. Please ensure the dataset was enhanced correctly."
[2025-11-04 20:06:02,790][utils.vip_c_dataset][ERROR] - Error loading data for sample index 2371 (ep: 9, t: 64). Error: "Modality 'goal_image_primary' not found in the index for episode 9. Please ensure the dataset was enhanced correctly."
[2025-11-04 20:06:02,790][utils.vip_c_dataset][ERROR] - Error loading data for sample index 2372 (ep: 9, t: 65). Error: "Modality 'goal_image_primary' not found in the index for episode 9. Please ensure the dataset was enhanced correctly."
[2025-11-04 20:06:02,791][utils.vip_c_dataset][ERROR] - Error loading data for sample index 2373 (ep: 9, t: 66). Error: "Modality 'goal_image_primary' not found in the index for episode 9. Please ensure the dataset was enhanced correctly."
[2025-11-04 20:06:02,791][utils.vip_c_dataset][ERROR] - Error loading data for sample index 2374 (ep: 9, t: 67). Error: "Modality 'goal_image_primary' not found in the index for episode 9. Please ensure the dataset was enhanced correctly."
[2025-11-04 20:06:02,792][utils.vip_c_dataset][ERROR] - Error loading data for sample index 2375 (ep: 9, t: 68). Error: "Modality 'goal_image_primary' not found in the index for episode 9. Please ensure the dataset was enhanced correctly."
[2025-11-04 20:06:02,792][utils.vip_c_dataset][ERROR] - Error loading data for sample index 2376 (ep: 9, t: 69). Error: "Modality 'goal_image_primary' not found in the index for episode 9. Please ensure the dataset was enhanced correctly."
[2025-11-04 20:06:02,793][utils.vip_c_dataset][ERROR] - Error loading data for sample index 2377 (ep: 9, t: 70). Error: "Modality 'goal_image_primary' not found in the index for episode 9. Please ensure the dataset was enhanced correctly."
[2025-11-04 20:06:02,793][utils.vip_c_dataset][ERROR] - Error loading data for sample index 2378 (ep: 9, t: 71). Error: "Modality 'goal_image_primary' not found in the index for episode 9. Please ensure the dataset was enhanced correctly."
[2025-11-04 20:06:02,794][utils.vip_c_dataset][ERROR] - Error loading data for sample index 2379 (ep: 9, t: 72). Error: "Modality 'goal_image_primary' not found in the index for episode 9. Please ensure the dataset was enhanced correctly."
[2025-11-04 20:06:02,794][utils.vip_c_dataset][ERROR] - Error loading data for sample index 2380 (ep: 9, t: 73). Error: "Modality 'goal_image_primary' not found in the index for episode 9. Please ensure the dataset was enhanced correctly."
[2025-11-04 20:06:02,795][utils.vip_c_dataset][ERROR] - Error loading data for sample index 2381 (ep: 9, t: 74). Error: "Modality 'goal_image_primary' not found in the index for episode 9. Please ensure the dataset was enhanced correctly."
[2025-11-04 20:06:02,796][utils.vip_c_dataset][ERROR] - Error loading data for sample index 2382 (ep: 9, t: 75). Error: "Modality 'goal_image_primary' not found in the index for episode 9. Please ensure the dataset was enhanced correctly."
[2025-11-04 20:06:02,796][utils.vip_c_dataset][ERROR] - Error loading data for sample index 2383 (ep: 9, t: 76). Error: "Modality 'goal_image_primary' not found in the index for episode 9. Please ensure the dataset was enhanced correctly."
[2025-11-04 20:06:02,797][utils.vip_c_dataset][ERROR] - Error loading data for sample index 2384 (ep: 9, t: 77). Error: "Modality 'goal_image_primary' not found in the index for episode 9. Please ensure the dataset was enhanced correctly."
[2025-11-04 20:06:02,797][utils.vip_c_dataset][ERROR] - Error loading data for sample index 2385 (ep: 9, t: 78). Error: "Modality 'goal_image_primary' not found in the index for episode 9. Please ensure the dataset was enhanced correctly."
[2025-11-04 20:06:02,798][utils.vip_c_dataset][ERROR] - Error loading data for sample index 2386 (ep: 9, t: 79). Error: "Modality 'goal_image_primary' not found in the index for episode 9. Please ensure the dataset was enhanced correctly."
[2025-11-04 20:06:02,798][utils.vip_c_dataset][ERROR] - Error loading data for sample index 2387 (ep: 9, t: 80). Error: "Modality 'goal_image_primary' not found in the index for episode 9. Please ensure the dataset was enhanced correctly."
[2025-11-04 20:06:02,799][utils.vip_c_dataset][ERROR] - Error loading data for sample index 2388 (ep: 9, t: 81). Error: "Modality 'goal_image_primary' not found in the index for episode 9. Please ensure the dataset was enhanced correctly."
[2025-11-04 20:06:02,799][utils.vip_c_dataset][ERROR] - Error loading data for sample index 2389 (ep: 9, t: 82). Error: "Modality 'goal_image_primary' not found in the index for episode 9. Please ensure the dataset was enhanced correctly."
[2025-11-04 20:06:02,800][utils.vip_c_dataset][ERROR] - Error loading data for sample index 2390 (ep: 9, t: 83). Error: "Modality 'goal_image_primary' not found in the index for episode 9. Please ensure the dataset was enhanced correctly."
[2025-11-04 20:06:02,801][utils.vip_c_dataset][ERROR] - Error loading data for sample index 2391 (ep: 9, t: 84). Error: "Modality 'goal_image_primary' not found in the index for episode 9. Please ensure the dataset was enhanced correctly."
[2025-11-04 20:06:02,801][utils.vip_c_dataset][ERROR] - Error loading data for sample index 2392 (ep: 9, t: 85). Error: "Modality 'goal_image_primary' not found in the index for episode 9. Please ensure the dataset was enhanced correctly."
[2025-11-04 20:06:02,802][utils.vip_c_dataset][ERROR] - Error loading data for sample index 2393 (ep: 9, t: 86). Error: "Modality 'goal_image_primary' not found in the index for episode 9. Please ensure the dataset was enhanced correctly."
[2025-11-04 20:06:02,802][utils.vip_c_dataset][ERROR] - Error loading data for sample index 2394 (ep: 9, t: 87). Error: "Modality 'goal_image_primary' not found in the index for episode 9. Please ensure the dataset was enhanced correctly."
[2025-11-04 20:06:02,803][utils.vip_c_dataset][ERROR] - Error loading data for sample index 2395 (ep: 9, t: 88). Error: "Modality 'goal_image_primary' not found in the index for episode 9. Please ensure the dataset was enhanced correctly."
[2025-11-04 20:06:02,803][utils.vip_c_dataset][ERROR] - Error loading data for sample index 2396 (ep: 9, t: 89). Error: "Modality 'goal_image_primary' not found in the index for episode 9. Please ensure the dataset was enhanced correctly."
[2025-11-04 20:06:02,804][utils.vip_c_dataset][ERROR] - Error loading data for sample index 2397 (ep: 9, t: 90). Error: "Modality 'goal_image_primary' not found in the index for episode 9. Please ensure the dataset was enhanced correctly."
[2025-11-04 20:06:02,805][utils.vip_c_dataset][ERROR] - Error loading data for sample index 2398 (ep: 9, t: 91). Error: "Modality 'goal_image_primary' not found in the index for episode 9. Please ensure the dataset was enhanced correctly."
[2025-11-04 20:06:02,805][utils.vip_c_dataset][ERROR] - Error loading data for sample index 2399 (ep: 9, t: 92). Error: "Modality 'goal_image_primary' not found in the index for episode 9. Please ensure the dataset was enhanced correctly."
[2025-11-04 20:06:02,806][utils.vip_c_dataset][WARNING] - An entire batch of data loading failed. Skipping batch.
[2025-11-04 20:06:02,806][utils.vip_c_dataset][ERROR] - Error loading data for sample index 2400 (ep: 9, t: 93). Error: "Modality 'goal_image_primary' not found in the index for episode 9. Please ensure the dataset was enhanced correctly."
[2025-11-04 20:06:02,807][utils.vip_c_dataset][ERROR] - Error loading data for sample index 2401 (ep: 9, t: 94). Error: "Modality 'goal_image_primary' not found in the index for episode 9. Please ensure the dataset was enhanced correctly."
[2025-11-04 20:06:02,808][utils.vip_c_dataset][ERROR] - Error loading data for sample index 2402 (ep: 9, t: 95). Error: "Modality 'goal_image_primary' not found in the index for episode 9. Please ensure the dataset was enhanced correctly."
[2025-11-04 20:06:02,808][utils.vip_c_dataset][ERROR] - Error loading data for sample index 2403 (ep: 9, t: 96). Error: "Modality 'goal_image_primary' not found in the index for episode 9. Please ensure the dataset was enhanced correctly."
[2025-11-04 20:06:02,809][utils.vip_c_dataset][ERROR] - Error loading data for sample index 2404 (ep: 9, t: 97). Error: "Modality 'goal_image_primary' not found in the index for episode 9. Please ensure the dataset was enhanced correctly."
[2025-11-04 20:06:02,809][utils.vip_c_dataset][ERROR] - Error loading data for sample index 2405 (ep: 9, t: 98). Error: "Modality 'goal_image_primary' not found in the index for episode 9. Please ensure the dataset was enhanced correctly."
[2025-11-04 20:06:02,810][utils.vip_c_dataset][ERROR] - Error loading data for sample index 2406 (ep: 9, t: 99). Error: "Modality 'goal_image_primary' not found in the index for episode 9. Please ensure the dataset was enhanced correctly."
[2025-11-04 20:06:02,810][utils.vip_c_dataset][ERROR] - Error loading data for sample index 2407 (ep: 9, t: 100). Error: "Modality 'goal_image_primary' not found in the index for episode 9. Please ensure the dataset was enhanced correctly."
[2025-11-04 20:06:02,811][utils.vip_c_dataset][ERROR] - Error loading data for sample index 2408 (ep: 9, t: 101). Error: "Modality 'goal_image_primary' not found in the index for episode 9. Please ensure the dataset was enhanced correctly."
[2025-11-04 20:06:02,811][utils.vip_c_dataset][ERROR] - Error loading data for sample index 2409 (ep: 9, t: 102). Error: "Modality 'goal_image_primary' not found in the index for episode 9. Please ensure the dataset was enhanced correctly."
[2025-11-04 20:06:02,812][utils.vip_c_dataset][ERROR] - Error loading data for sample index 2410 (ep: 9, t: 103). Error: "Modality 'goal_image_primary' not found in the index for episode 9. Please ensure the dataset was enhanced correctly."
[2025-11-04 20:06:02,812][utils.vip_c_dataset][ERROR] - Error loading data for sample index 2411 (ep: 9, t: 104). Error: "Modality 'goal_image_primary' not found in the index for episode 9. Please ensure the dataset was enhanced correctly."
[2025-11-04 20:06:02,813][utils.vip_c_dataset][ERROR] - Error loading data for sample index 2412 (ep: 9, t: 105). Error: "Modality 'goal_image_primary' not found in the index for episode 9. Please ensure the dataset was enhanced correctly."
[2025-11-04 20:06:02,813][utils.vip_c_dataset][ERROR] - Error loading data for sample index 2413 (ep: 9, t: 106). Error: "Modality 'goal_image_primary' not found in the index for episode 9. Please ensure the dataset was enhanced correctly."
[2025-11-04 20:06:02,814][utils.vip_c_dataset][ERROR] - Error loading data for sample index 2414 (ep: 9, t: 107). Error: "Modality 'goal_image_primary' not found in the index for episode 9. Please ensure the dataset was enhanced correctly."
[2025-11-04 20:06:02,814][utils.vip_c_dataset][ERROR] - Error loading data for sample index 2415 (ep: 9, t: 108). Error: "Modality 'goal_image_primary' not found in the index for episode 9. Please ensure the dataset was enhanced correctly."
[2025-11-04 20:06:02,815][utils.vip_c_dataset][ERROR] - Error loading data for sample index 2416 (ep: 9, t: 109). Error: "Modality 'goal_image_primary' not found in the index for episode 9. Please ensure the dataset was enhanced correctly."
[2025-11-04 20:06:02,815][utils.vip_c_dataset][ERROR] - Error loading data for sample index 2417 (ep: 9, t: 110). Error: "Modality 'goal_image_primary' not found in the index for episode 9. Please ensure the dataset was enhanced correctly."
[2025-11-04 20:06:02,816][utils.vip_c_dataset][ERROR] - Error loading data for sample index 2418 (ep: 9, t: 111). Error: "Modality 'goal_image_primary' not found in the index for episode 9. Please ensure the dataset was enhanced correctly."
[2025-11-04 20:06:02,817][utils.vip_c_dataset][ERROR] - Error loading data for sample index 2419 (ep: 9, t: 112). Error: "Modality 'goal_image_primary' not found in the index for episode 9. Please ensure the dataset was enhanced correctly."
[2025-11-04 20:06:02,817][utils.vip_c_dataset][ERROR] - Error loading data for sample index 2420 (ep: 9, t: 113). Error: "Modality 'goal_image_primary' not found in the index for episode 9. Please ensure the dataset was enhanced correctly."
[2025-11-04 20:06:02,818][utils.vip_c_dataset][ERROR] - Error loading data for sample index 2421 (ep: 9, t: 114). Error: "Modality 'goal_image_primary' not found in the index for episode 9. Please ensure the dataset was enhanced correctly."
[2025-11-04 20:06:02,818][utils.vip_c_dataset][ERROR] - Error loading data for sample index 2422 (ep: 9, t: 115). Error: "Modality 'goal_image_primary' not found in the index for episode 9. Please ensure the dataset was enhanced correctly."
[2025-11-04 20:06:02,819][utils.vip_c_dataset][ERROR] - Error loading data for sample index 2423 (ep: 9, t: 116). Error: "Modality 'goal_image_primary' not found in the index for episode 9. Please ensure the dataset was enhanced correctly."
[2025-11-04 20:06:02,819][utils.vip_c_dataset][ERROR] - Error loading data for sample index 2424 (ep: 9, t: 117). Error: "Modality 'goal_image_primary' not found in the index for episode 9. Please ensure the dataset was enhanced correctly."
[2025-11-04 20:06:02,820][utils.vip_c_dataset][ERROR] - Error loading data for sample index 2425 (ep: 9, t: 118). Error: "Modality 'goal_image_primary' not found in the index for episode 9. Please ensure the dataset was enhanced correctly."
[2025-11-04 20:06:02,820][utils.vip_c_dataset][ERROR] - Error loading data for sample index 2426 (ep: 9, t: 119). Error: "Modality 'goal_image_primary' not found in the index for episode 9. Please ensure the dataset was enhanced correctly."
[2025-11-04 20:06:02,821][utils.vip_c_dataset][ERROR] - Error loading data for sample index 2427 (ep: 9, t: 120). Error: "Modality 'goal_image_primary' not found in the index for episode 9. Please ensure the dataset was enhanced correctly."
[2025-11-04 20:06:02,821][utils.vip_c_dataset][ERROR] - Error loading data for sample index 2428 (ep: 9, t: 121). Error: "Modality 'goal_image_primary' not found in the index for episode 9. Please ensure the dataset was enhanced correctly."
[2025-11-04 20:06:02,822][utils.vip_c_dataset][ERROR] - Error loading data for sample index 2429 (ep: 9, t: 122). Error: "Modality 'goal_image_primary' not found in the index for episode 9. Please ensure the dataset was enhanced correctly."
[2025-11-04 20:06:02,822][utils.vip_c_dataset][ERROR] - Error loading data for sample index 2430 (ep: 9, t: 123). Error: "Modality 'goal_image_primary' not found in the index for episode 9. Please ensure the dataset was enhanced correctly."
[2025-11-04 20:06:02,823][utils.vip_c_dataset][ERROR] - Error loading data for sample index 2431 (ep: 9, t: 124). Error: "Modality 'goal_image_primary' not found in the index for episode 9. Please ensure the dataset was enhanced correctly."
[2025-11-04 20:06:02,824][utils.vip_c_dataset][WARNING] - An entire batch of data loading failed. Skipping batch.
[2025-11-04 20:06:02,825][utils.vip_c_dataset][ERROR] - Error loading data for sample index 2432 (ep: 9, t: 125). Error: "Modality 'goal_image_primary' not found in the index for episode 9. Please ensure the dataset was enhanced correctly."
[2025-11-04 20:06:02,825][utils.vip_c_dataset][ERROR] - Error loading data for sample index 2433 (ep: 9, t: 126). Error: "Modality 'goal_image_primary' not found in the index for episode 9. Please ensure the dataset was enhanced correctly."
[2025-11-04 20:06:02,826][utils.vip_c_dataset][ERROR] - Error loading data for sample index 2434 (ep: 9, t: 127). Error: "Modality 'goal_image_primary' not found in the index for episode 9. Please ensure the dataset was enhanced correctly."
[2025-11-04 20:06:02,826][utils.vip_c_dataset][ERROR] - Error loading data for sample index 2435 (ep: 9, t: 128). Error: "Modality 'goal_image_primary' not found in the index for episode 9. Please ensure the dataset was enhanced correctly."
[2025-11-04 20:06:02,827][utils.vip_c_dataset][ERROR] - Error loading data for sample index 2436 (ep: 9, t: 129). Error: "Modality 'goal_image_primary' not found in the index for episode 9. Please ensure the dataset was enhanced correctly."
[2025-11-04 20:06:02,827][utils.vip_c_dataset][ERROR] - Error loading data for sample index 2437 (ep: 9, t: 130). Error: "Modality 'goal_image_primary' not found in the index for episode 9. Please ensure the dataset was enhanced correctly."
[2025-11-04 20:06:02,828][utils.vip_c_dataset][ERROR] - Error loading data for sample index 2438 (ep: 9, t: 131). Error: "Modality 'goal_image_primary' not found in the index for episode 9. Please ensure the dataset was enhanced correctly."
[2025-11-04 20:06:02,828][utils.vip_c_dataset][ERROR] - Error loading data for sample index 2439 (ep: 9, t: 132). Error: "Modality 'goal_image_primary' not found in the index for episode 9. Please ensure the dataset was enhanced correctly."
[2025-11-04 20:06:02,829][utils.vip_c_dataset][ERROR] - Error loading data for sample index 2440 (ep: 9, t: 133). Error: "Modality 'goal_image_primary' not found in the index for episode 9. Please ensure the dataset was enhanced correctly."
[2025-11-04 20:06:02,830][utils.vip_c_dataset][ERROR] - Error loading data for sample index 2441 (ep: 9, t: 134). Error: "Modality 'goal_image_primary' not found in the index for episode 9. Please ensure the dataset was enhanced correctly."
[2025-11-04 20:06:02,830][utils.vip_c_dataset][ERROR] - Error loading data for sample index 2442 (ep: 9, t: 135). Error: "Modality 'goal_image_primary' not found in the index for episode 9. Please ensure the dataset was enhanced correctly."
[2025-11-04 20:06:02,831][utils.vip_c_dataset][ERROR] - Error loading data for sample index 2443 (ep: 9, t: 136). Error: "Modality 'goal_image_primary' not found in the index for episode 9. Please ensure the dataset was enhanced correctly."
[2025-11-04 20:06:02,831][utils.vip_c_dataset][ERROR] - Error loading data for sample index 2444 (ep: 9, t: 137). Error: "Modality 'goal_image_primary' not found in the index for episode 9. Please ensure the dataset was enhanced correctly."
[2025-11-04 20:06:02,832][utils.vip_c_dataset][ERROR] - Error loading data for sample index 2445 (ep: 9, t: 138). Error: "Modality 'goal_image_primary' not found in the index for episode 9. Please ensure the dataset was enhanced correctly."
[2025-11-04 20:06:02,832][utils.vip_c_dataset][ERROR] - Error loading data for sample index 2446 (ep: 9, t: 139). Error: "Modality 'goal_image_primary' not found in the index for episode 9. Please ensure the dataset was enhanced correctly."
[2025-11-04 20:06:02,833][utils.vip_c_dataset][ERROR] - Error loading data for sample index 2447 (ep: 9, t: 140). Error: "Modality 'goal_image_primary' not found in the index for episode 9. Please ensure the dataset was enhanced correctly."
[2025-11-04 20:06:02,833][utils.vip_c_dataset][ERROR] - Error loading data for sample index 2448 (ep: 9, t: 141). Error: "Modality 'goal_image_primary' not found in the index for episode 9. Please ensure the dataset was enhanced correctly."
[2025-11-04 20:06:02,834][utils.vip_c_dataset][ERROR] - Error loading data for sample index 2449 (ep: 9, t: 142). Error: "Modality 'goal_image_primary' not found in the index for episode 9. Please ensure the dataset was enhanced correctly."
[2025-11-04 20:06:02,834][utils.vip_c_dataset][ERROR] - Error loading data for sample index 2450 (ep: 9, t: 143). Error: "Modality 'goal_image_primary' not found in the index for episode 9. Please ensure the dataset was enhanced correctly."
[2025-11-04 20:06:02,835][utils.vip_c_dataset][ERROR] - Error loading data for sample index 2451 (ep: 9, t: 144). Error: "Modality 'goal_image_primary' not found in the index for episode 9. Please ensure the dataset was enhanced correctly."
[2025-11-04 20:06:02,835][utils.vip_c_dataset][ERROR] - Error loading data for sample index 2452 (ep: 9, t: 145). Error: "Modality 'goal_image_primary' not found in the index for episode 9. Please ensure the dataset was enhanced correctly."
[2025-11-04 20:06:02,836][utils.vip_c_dataset][ERROR] - Error loading data for sample index 2453 (ep: 9, t: 146). Error: "Modality 'goal_image_primary' not found in the index for episode 9. Please ensure the dataset was enhanced correctly."
[2025-11-04 20:06:02,837][utils.vip_c_dataset][ERROR] - Error loading data for sample index 2454 (ep: 9, t: 147). Error: "Modality 'goal_image_primary' not found in the index for episode 9. Please ensure the dataset was enhanced correctly."
[2025-11-04 20:06:02,837][utils.vip_c_dataset][ERROR] - Error loading data for sample index 2455 (ep: 9, t: 148). Error: "Modality 'goal_image_primary' not found in the index for episode 9. Please ensure the dataset was enhanced correctly."
[2025-11-04 20:06:02,838][utils.vip_c_dataset][ERROR] - Error loading data for sample index 2456 (ep: 9, t: 149). Error: "Modality 'goal_image_primary' not found in the index for episode 9. Please ensure the dataset was enhanced correctly."
[2025-11-04 20:06:02,839][utils.vip_c_dataset][ERROR] - Error loading data for sample index 2457 (ep: 9, t: 150). Error: "Modality 'goal_image_primary' not found in the index for episode 9. Please ensure the dataset was enhanced correctly."
[2025-11-04 20:06:02,840][utils.vip_c_dataset][ERROR] - Error loading data for sample index 2458 (ep: 9, t: 151). Error: "Modality 'goal_image_primary' not found in the index for episode 9. Please ensure the dataset was enhanced correctly."
[2025-11-04 20:06:02,840][utils.vip_c_dataset][ERROR] - Error loading data for sample index 2459 (ep: 9, t: 152). Error: "Modality 'goal_image_primary' not found in the index for episode 9. Please ensure the dataset was enhanced correctly."
[2025-11-04 20:06:02,841][utils.vip_c_dataset][ERROR] - Error loading data for sample index 2460 (ep: 9, t: 153). Error: "Modality 'goal_image_primary' not found in the index for episode 9. Please ensure the dataset was enhanced correctly."
[2025-11-04 20:06:02,841][utils.vip_c_dataset][ERROR] - Error loading data for sample index 2461 (ep: 9, t: 154). Error: "Modality 'goal_image_primary' not found in the index for episode 9. Please ensure the dataset was enhanced correctly."
[2025-11-04 20:06:02,842][utils.vip_c_dataset][ERROR] - Error loading data for sample index 2462 (ep: 9, t: 155). Error: "Modality 'goal_image_primary' not found in the index for episode 9. Please ensure the dataset was enhanced correctly."
[2025-11-04 20:06:02,842][utils.vip_c_dataset][ERROR] - Error loading data for sample index 2463 (ep: 9, t: 156). Error: "Modality 'goal_image_primary' not found in the index for episode 9. Please ensure the dataset was enhanced correctly."
[2025-11-04 20:06:02,843][utils.vip_c_dataset][WARNING] - An entire batch of data loading failed. Skipping batch.
[2025-11-04 20:06:02,843][utils.vip_c_dataset][ERROR] - Error loading data for sample index 2464 (ep: 9, t: 157). Error: "Modality 'goal_image_primary' not found in the index for episode 9. Please ensure the dataset was enhanced correctly."
[2025-11-04 20:06:02,844][utils.vip_c_dataset][ERROR] - Error loading data for sample index 2465 (ep: 9, t: 158). Error: "Modality 'goal_image_primary' not found in the index for episode 9. Please ensure the dataset was enhanced correctly."
[2025-11-04 20:06:02,845][utils.vip_c_dataset][ERROR] - Error loading data for sample index 2466 (ep: 9, t: 159). Error: "Modality 'goal_image_primary' not found in the index for episode 9. Please ensure the dataset was enhanced correctly."
[2025-11-04 20:06:02,845][utils.vip_c_dataset][ERROR] - Error loading data for sample index 2467 (ep: 9, t: 160). Error: "Modality 'goal_image_primary' not found in the index for episode 9. Please ensure the dataset was enhanced correctly."
[2025-11-04 20:06:02,846][utils.vip_c_dataset][ERROR] - Error loading data for sample index 2468 (ep: 9, t: 161). Error: "Modality 'goal_image_primary' not found in the index for episode 9. Please ensure the dataset was enhanced correctly."
[2025-11-04 20:06:02,846][utils.vip_c_dataset][ERROR] - Error loading data for sample index 2469 (ep: 9, t: 162). Error: "Modality 'goal_image_primary' not found in the index for episode 9. Please ensure the dataset was enhanced correctly."
[2025-11-04 20:06:02,847][utils.vip_c_dataset][ERROR] - Error loading data for sample index 2470 (ep: 9, t: 163). Error: "Modality 'goal_image_primary' not found in the index for episode 9. Please ensure the dataset was enhanced correctly."
[2025-11-04 20:06:02,848][utils.vip_c_dataset][ERROR] - Error loading data for sample index 2471 (ep: 9, t: 164). Error: "Modality 'goal_image_primary' not found in the index for episode 9. Please ensure the dataset was enhanced correctly."
[2025-11-04 20:06:02,848][utils.vip_c_dataset][ERROR] - Error loading data for sample index 2472 (ep: 9, t: 165). Error: "Modality 'goal_image_primary' not found in the index for episode 9. Please ensure the dataset was enhanced correctly."
[2025-11-04 20:06:02,849][utils.vip_c_dataset][ERROR] - Error loading data for sample index 2473 (ep: 9, t: 166). Error: "Modality 'goal_image_primary' not found in the index for episode 9. Please ensure the dataset was enhanced correctly."
[2025-11-04 20:06:02,849][utils.vip_c_dataset][ERROR] - Error loading data for sample index 2474 (ep: 9, t: 167). Error: "Modality 'goal_image_primary' not found in the index for episode 9. Please ensure the dataset was enhanced correctly."
[2025-11-04 20:06:02,850][utils.vip_c_dataset][ERROR] - Error loading data for sample index 2475 (ep: 9, t: 168). Error: "Modality 'goal_image_primary' not found in the index for episode 9. Please ensure the dataset was enhanced correctly."
[2025-11-04 20:06:02,850][utils.vip_c_dataset][ERROR] - Error loading data for sample index 2476 (ep: 9, t: 169). Error: "Modality 'goal_image_primary' not found in the index for episode 9. Please ensure the dataset was enhanced correctly."
[2025-11-04 20:06:02,851][utils.vip_c_dataset][ERROR] - Error loading data for sample index 2477 (ep: 9, t: 170). Error: "Modality 'goal_image_primary' not found in the index for episode 9. Please ensure the dataset was enhanced correctly."
[2025-11-04 20:06:02,851][utils.vip_c_dataset][ERROR] - Error loading data for sample index 2478 (ep: 9, t: 171). Error: "Modality 'goal_image_primary' not found in the index for episode 9. Please ensure the dataset was enhanced correctly."
[2025-11-04 20:06:02,852][utils.vip_c_dataset][ERROR] - Error loading data for sample index 2479 (ep: 9, t: 172). Error: "Modality 'goal_image_primary' not found in the index for episode 9. Please ensure the dataset was enhanced correctly."
[2025-11-04 20:06:02,852][utils.vip_c_dataset][ERROR] - Error loading data for sample index 2480 (ep: 9, t: 173). Error: "Modality 'goal_image_primary' not found in the index for episode 9. Please ensure the dataset was enhanced correctly."
[2025-11-04 20:06:02,853][utils.vip_c_dataset][ERROR] - Error loading data for sample index 2481 (ep: 9, t: 174). Error: "Modality 'goal_image_primary' not found in the index for episode 9. Please ensure the dataset was enhanced correctly."
[2025-11-04 20:06:02,854][utils.vip_c_dataset][ERROR] - Error loading data for sample index 2482 (ep: 9, t: 175). Error: "Modality 'goal_image_primary' not found in the index for episode 9. Please ensure the dataset was enhanced correctly."
[2025-11-04 20:06:02,854][utils.vip_c_dataset][ERROR] - Error loading data for sample index 2483 (ep: 9, t: 176). Error: "Modality 'goal_image_primary' not found in the index for episode 9. Please ensure the dataset was enhanced correctly."
[2025-11-04 20:06:02,855][utils.vip_c_dataset][ERROR] - Error loading data for sample index 2484 (ep: 9, t: 177). Error: "Modality 'goal_image_primary' not found in the index for episode 9. Please ensure the dataset was enhanced correctly."
[2025-11-04 20:06:02,855][utils.vip_c_dataset][ERROR] - Error loading data for sample index 2485 (ep: 9, t: 178). Error: "Modality 'goal_image_primary' not found in the index for episode 9. Please ensure the dataset was enhanced correctly."
[2025-11-04 20:06:02,856][utils.vip_c_dataset][ERROR] - Error loading data for sample index 2486 (ep: 9, t: 179). Error: "Modality 'goal_image_primary' not found in the index for episode 9. Please ensure the dataset was enhanced correctly."
[2025-11-04 20:06:02,857][utils.vip_c_dataset][ERROR] - Error loading data for sample index 2487 (ep: 9, t: 180). Error: "Modality 'goal_image_primary' not found in the index for episode 9. Please ensure the dataset was enhanced correctly."
[2025-11-04 20:06:02,857][utils.vip_c_dataset][ERROR] - Error loading data for sample index 2488 (ep: 9, t: 181). Error: "Modality 'goal_image_primary' not found in the index for episode 9. Please ensure the dataset was enhanced correctly."
[2025-11-04 20:06:02,857][utils.vip_c_dataset][ERROR] - Error loading data for sample index 2489 (ep: 9, t: 182). Error: "Modality 'goal_image_primary' not found in the index for episode 9. Please ensure the dataset was enhanced correctly."
[2025-11-04 20:06:02,858][utils.vip_c_dataset][ERROR] - Error loading data for sample index 2490 (ep: 9, t: 183). Error: "Modality 'goal_image_primary' not found in the index for episode 9. Please ensure the dataset was enhanced correctly."
[2025-11-04 20:06:02,859][utils.vip_c_dataset][ERROR] - Error loading data for sample index 2491 (ep: 9, t: 184). Error: "Modality 'goal_image_primary' not found in the index for episode 9. Please ensure the dataset was enhanced correctly."
[2025-11-04 20:06:02,859][utils.vip_c_dataset][ERROR] - Error loading data for sample index 2492 (ep: 9, t: 185). Error: "Modality 'goal_image_primary' not found in the index for episode 9. Please ensure the dataset was enhanced correctly."
[2025-11-04 20:06:02,860][utils.vip_c_dataset][ERROR] - Error loading data for sample index 2493 (ep: 9, t: 186). Error: "Modality 'goal_image_primary' not found in the index for episode 9. Please ensure the dataset was enhanced correctly."
[2025-11-04 20:06:02,860][utils.vip_c_dataset][ERROR] - Error loading data for sample index 2494 (ep: 9, t: 187). Error: "Modality 'goal_image_primary' not found in the index for episode 9. Please ensure the dataset was enhanced correctly."
[2025-11-04 20:06:02,860][utils.vip_c_dataset][ERROR] - Error loading data for sample index 2495 (ep: 9, t: 188). Error: "Modality 'goal_image_primary' not found in the index for episode 9. Please ensure the dataset was enhanced correctly."
[2025-11-04 20:06:02,861][utils.vip_c_dataset][WARNING] - An entire batch of data loading failed. Skipping batch.
[2025-11-04 20:06:02,861][utils.vip_c_dataset][ERROR] - Error loading data for sample index 2496 (ep: 9, t: 189). Error: "Modality 'goal_image_primary' not found in the index for episode 9. Please ensure the dataset was enhanced correctly."
[2025-11-04 20:06:02,862][utils.vip_c_dataset][ERROR] - Error loading data for sample index 2497 (ep: 9, t: 190). Error: "Modality 'goal_image_primary' not found in the index for episode 9. Please ensure the dataset was enhanced correctly."
[2025-11-04 20:06:02,862][utils.vip_c_dataset][ERROR] - Error loading data for sample index 2498 (ep: 9, t: 191). Error: "Modality 'goal_image_primary' not found in the index for episode 9. Please ensure the dataset was enhanced correctly."
[2025-11-04 20:06:02,863][utils.vip_c_dataset][ERROR] - Error loading data for sample index 2499 (ep: 9, t: 192). Error: "Modality 'goal_image_primary' not found in the index for episode 9. Please ensure the dataset was enhanced correctly."
[2025-11-04 20:06:02,863][utils.vip_c_dataset][ERROR] - Error loading data for sample index 2500 (ep: 9, t: 193). Error: "Modality 'goal_image_primary' not found in the index for episode 9. Please ensure the dataset was enhanced correctly."
[2025-11-04 20:06:02,863][utils.vip_c_dataset][ERROR] - Error loading data for sample index 2501 (ep: 9, t: 194). Error: "Modality 'goal_image_primary' not found in the index for episode 9. Please ensure the dataset was enhanced correctly."
[2025-11-04 20:06:02,864][utils.vip_c_dataset][ERROR] - Error loading data for sample index 2502 (ep: 9, t: 195). Error: "Modality 'goal_image_primary' not found in the index for episode 9. Please ensure the dataset was enhanced correctly."
[2025-11-04 20:06:02,864][utils.vip_c_dataset][ERROR] - Error loading data for sample index 2503 (ep: 9, t: 196). Error: "Modality 'goal_image_primary' not found in the index for episode 9. Please ensure the dataset was enhanced correctly."
[2025-11-04 20:06:02,865][utils.vip_c_dataset][ERROR] - Error loading data for sample index 2504 (ep: 9, t: 197). Error: "Modality 'goal_image_primary' not found in the index for episode 9. Please ensure the dataset was enhanced correctly."
[2025-11-04 20:06:02,865][utils.vip_c_dataset][ERROR] - Error loading data for sample index 2505 (ep: 9, t: 198). Error: "Modality 'goal_image_primary' not found in the index for episode 9. Please ensure the dataset was enhanced correctly."
[2025-11-04 20:06:02,866][utils.vip_c_dataset][ERROR] - Error loading data for sample index 2506 (ep: 9, t: 199). Error: "Modality 'goal_image_primary' not found in the index for episode 9. Please ensure the dataset was enhanced correctly."
[2025-11-04 20:06:02,866][utils.vip_c_dataset][ERROR] - Error loading data for sample index 2507 (ep: 9, t: 200). Error: "Modality 'goal_image_primary' not found in the index for episode 9. Please ensure the dataset was enhanced correctly."
[2025-11-04 20:06:02,866][utils.vip_c_dataset][ERROR] - Error loading data for sample index 2508 (ep: 9, t: 201). Error: "Modality 'goal_image_primary' not found in the index for episode 9. Please ensure the dataset was enhanced correctly."
[2025-11-04 20:06:02,866][utils.vip_c_dataset][ERROR] - Error loading data for sample index 2509 (ep: 9, t: 202). Error: "Modality 'goal_image_primary' not found in the index for episode 9. Please ensure the dataset was enhanced correctly."
[2025-11-04 20:06:02,867][utils.vip_c_dataset][ERROR] - Error loading data for sample index 2510 (ep: 9, t: 203). Error: "Modality 'goal_image_primary' not found in the index for episode 9. Please ensure the dataset was enhanced correctly."
[2025-11-04 20:06:02,868][utils.vip_c_dataset][ERROR] - Error loading data for sample index 2511 (ep: 9, t: 204). Error: "Modality 'goal_image_primary' not found in the index for episode 9. Please ensure the dataset was enhanced correctly."
[2025-11-04 20:06:02,868][utils.vip_c_dataset][ERROR] - Error loading data for sample index 2512 (ep: 9, t: 205). Error: "Modality 'goal_image_primary' not found in the index for episode 9. Please ensure the dataset was enhanced correctly."
[2025-11-04 20:06:02,868][utils.vip_c_dataset][ERROR] - Error loading data for sample index 2513 (ep: 9, t: 206). Error: "Modality 'goal_image_primary' not found in the index for episode 9. Please ensure the dataset was enhanced correctly."
[2025-11-04 20:06:02,869][utils.vip_c_dataset][ERROR] - Error loading data for sample index 2514 (ep: 9, t: 207). Error: "Modality 'goal_image_primary' not found in the index for episode 9. Please ensure the dataset was enhanced correctly."
[2025-11-04 20:06:02,869][utils.vip_c_dataset][ERROR] - Error loading data for sample index 2515 (ep: 9, t: 208). Error: "Modality 'goal_image_primary' not found in the index for episode 9. Please ensure the dataset was enhanced correctly."
[2025-11-04 20:06:02,869][utils.vip_c_dataset][ERROR] - Error loading data for sample index 2516 (ep: 9, t: 209). Error: "Modality 'goal_image_primary' not found in the index for episode 9. Please ensure the dataset was enhanced correctly."
[2025-11-04 20:06:02,869][utils.vip_c_dataset][ERROR] - Error loading data for sample index 2517 (ep: 9, t: 210). Error: "Modality 'goal_image_primary' not found in the index for episode 9. Please ensure the dataset was enhanced correctly."
[2025-11-04 20:06:02,870][utils.vip_c_dataset][ERROR] - Error loading data for sample index 2518 (ep: 9, t: 211). Error: "Modality 'goal_image_primary' not found in the index for episode 9. Please ensure the dataset was enhanced correctly."
[2025-11-04 20:06:02,871][utils.vip_c_dataset][ERROR] - Error loading data for sample index 2519 (ep: 9, t: 212). Error: "Modality 'goal_image_primary' not found in the index for episode 9. Please ensure the dataset was enhanced correctly."
[2025-11-04 20:06:02,871][utils.vip_c_dataset][ERROR] - Error loading data for sample index 2520 (ep: 9, t: 213). Error: "Modality 'goal_image_primary' not found in the index for episode 9. Please ensure the dataset was enhanced correctly."
[2025-11-04 20:06:02,872][utils.vip_c_dataset][ERROR] - Error loading data for sample index 2521 (ep: 9, t: 214). Error: "Modality 'goal_image_primary' not found in the index for episode 9. Please ensure the dataset was enhanced correctly."
[2025-11-04 20:06:02,872][utils.vip_c_dataset][ERROR] - Error loading data for sample index 2522 (ep: 9, t: 215). Error: "Modality 'goal_image_primary' not found in the index for episode 9. Please ensure the dataset was enhanced correctly."
[2025-11-04 20:06:02,873][utils.vip_c_dataset][ERROR] - Error loading data for sample index 2523 (ep: 9, t: 216). Error: "Modality 'goal_image_primary' not found in the index for episode 9. Please ensure the dataset was enhanced correctly."
[2025-11-04 20:06:02,873][utils.vip_c_dataset][ERROR] - Error loading data for sample index 2524 (ep: 9, t: 217). Error: "Modality 'goal_image_primary' not found in the index for episode 9. Please ensure the dataset was enhanced correctly."
[2025-11-04 20:06:02,873][utils.vip_c_dataset][ERROR] - Error loading data for sample index 2525 (ep: 9, t: 218). Error: "Modality 'goal_image_primary' not found in the index for episode 9. Please ensure the dataset was enhanced correctly."
[2025-11-04 20:06:02,874][utils.vip_c_dataset][ERROR] - Error loading data for sample index 2526 (ep: 9, t: 219). Error: "Modality 'goal_image_primary' not found in the index for episode 9. Please ensure the dataset was enhanced correctly."
[2025-11-04 20:06:02,874][utils.vip_c_dataset][ERROR] - Error loading data for sample index 2527 (ep: 9, t: 220). Error: "Modality 'goal_image_primary' not found in the index for episode 9. Please ensure the dataset was enhanced correctly."
[2025-11-04 20:06:02,875][utils.vip_c_dataset][WARNING] - An entire batch of data loading failed. Skipping batch.
[2025-11-04 20:06:02,875][utils.vip_c_dataset][ERROR] - Error loading data for sample index 2528 (ep: 9, t: 221). Error: "Modality 'goal_image_primary' not found in the index for episode 9. Please ensure the dataset was enhanced correctly."
[2025-11-04 20:06:02,876][utils.vip_c_dataset][ERROR] - Error loading data for sample index 2529 (ep: 9, t: 222). Error: "Modality 'goal_image_primary' not found in the index for episode 9. Please ensure the dataset was enhanced correctly."
[2025-11-04 20:06:02,876][utils.vip_c_dataset][ERROR] - Error loading data for sample index 2530 (ep: 9, t: 223). Error: "Modality 'goal_image_primary' not found in the index for episode 9. Please ensure the dataset was enhanced correctly."
[2025-11-04 20:06:02,876][utils.vip_c_dataset][ERROR] - Error loading data for sample index 2531 (ep: 9, t: 224). Error: "Modality 'goal_image_primary' not found in the index for episode 9. Please ensure the dataset was enhanced correctly."
[2025-11-04 20:06:02,876][utils.vip_c_dataset][ERROR] - Error loading data for sample index 2532 (ep: 9, t: 225). Error: "Modality 'goal_image_primary' not found in the index for episode 9. Please ensure the dataset was enhanced correctly."
[2025-11-04 20:06:02,877][utils.vip_c_dataset][ERROR] - Error loading data for sample index 2533 (ep: 9, t: 226). Error: "Modality 'goal_image_primary' not found in the index for episode 9. Please ensure the dataset was enhanced correctly."
[2025-11-04 20:06:02,878][utils.vip_c_dataset][ERROR] - Error loading data for sample index 2534 (ep: 9, t: 227). Error: "Modality 'goal_image_primary' not found in the index for episode 9. Please ensure the dataset was enhanced correctly."
[2025-11-04 20:06:02,878][utils.vip_c_dataset][ERROR] - Error loading data for sample index 2535 (ep: 9, t: 228). Error: "Modality 'goal_image_primary' not found in the index for episode 9. Please ensure the dataset was enhanced correctly."
[2025-11-04 20:06:02,879][utils.vip_c_dataset][ERROR] - Error loading data for sample index 2536 (ep: 9, t: 229). Error: "Modality 'goal_image_primary' not found in the index for episode 9. Please ensure the dataset was enhanced correctly."
[2025-11-04 20:06:02,879][utils.vip_c_dataset][ERROR] - Error loading data for sample index 2537 (ep: 9, t: 230). Error: "Modality 'goal_image_primary' not found in the index for episode 9. Please ensure the dataset was enhanced correctly."
[2025-11-04 20:06:02,879][utils.vip_c_dataset][ERROR] - Error loading data for sample index 2538 (ep: 9, t: 231). Error: "Modality 'goal_image_primary' not found in the index for episode 9. Please ensure the dataset was enhanced correctly."
[2025-11-04 20:06:02,880][utils.vip_c_dataset][ERROR] - Error loading data for sample index 2539 (ep: 9, t: 232). Error: "Modality 'goal_image_primary' not found in the index for episode 9. Please ensure the dataset was enhanced correctly."
[2025-11-04 20:06:02,880][utils.vip_c_dataset][ERROR] - Error loading data for sample index 2540 (ep: 9, t: 233). Error: "Modality 'goal_image_primary' not found in the index for episode 9. Please ensure the dataset was enhanced correctly."
[2025-11-04 20:06:02,881][utils.vip_c_dataset][ERROR] - Error loading data for sample index 2541 (ep: 9, t: 234). Error: "Modality 'goal_image_primary' not found in the index for episode 9. Please ensure the dataset was enhanced correctly."
[2025-11-04 20:06:02,881][utils.vip_c_dataset][ERROR] - Error loading data for sample index 2542 (ep: 9, t: 235). Error: "Modality 'goal_image_primary' not found in the index for episode 9. Please ensure the dataset was enhanced correctly."
[2025-11-04 20:06:02,881][utils.vip_c_dataset][ERROR] - Error loading data for sample index 2543 (ep: 9, t: 236). Error: "Modality 'goal_image_primary' not found in the index for episode 9. Please ensure the dataset was enhanced correctly."
[2025-11-04 20:06:02,882][utils.vip_c_dataset][ERROR] - Error loading data for sample index 2544 (ep: 9, t: 237). Error: "Modality 'goal_image_primary' not found in the index for episode 9. Please ensure the dataset was enhanced correctly."
[2025-11-04 20:06:02,882][utils.vip_c_dataset][ERROR] - Error loading data for sample index 2545 (ep: 9, t: 238). Error: "Modality 'goal_image_primary' not found in the index for episode 9. Please ensure the dataset was enhanced correctly."
[2025-11-04 20:06:02,883][utils.vip_c_dataset][ERROR] - Error loading data for sample index 2546 (ep: 9, t: 239). Error: "Modality 'goal_image_primary' not found in the index for episode 9. Please ensure the dataset was enhanced correctly."
[2025-11-04 20:06:02,883][utils.vip_c_dataset][ERROR] - Error loading data for sample index 2547 (ep: 9, t: 240). Error: "Modality 'goal_image_primary' not found in the index for episode 9. Please ensure the dataset was enhanced correctly."
[2025-11-04 20:06:02,883][utils.vip_c_dataset][ERROR] - Error loading data for sample index 2548 (ep: 9, t: 241). Error: "Modality 'goal_image_primary' not found in the index for episode 9. Please ensure the dataset was enhanced correctly."
[2025-11-04 20:06:02,884][utils.vip_c_dataset][ERROR] - Error loading data for sample index 2549 (ep: 9, t: 242). Error: "Modality 'goal_image_primary' not found in the index for episode 9. Please ensure the dataset was enhanced correctly."
[2025-11-04 20:06:02,884][utils.vip_c_dataset][ERROR] - Error loading data for sample index 2550 (ep: 9, t: 243). Error: "Modality 'goal_image_primary' not found in the index for episode 9. Please ensure the dataset was enhanced correctly."
[2025-11-04 20:06:02,885][utils.vip_c_dataset][ERROR] - Error loading data for sample index 2551 (ep: 9, t: 244). Error: "Modality 'goal_image_primary' not found in the index for episode 9. Please ensure the dataset was enhanced correctly."
[2025-11-04 20:06:02,885][utils.vip_c_dataset][ERROR] - Error loading data for sample index 2552 (ep: 9, t: 245). Error: "Modality 'goal_image_primary' not found in the index for episode 9. Please ensure the dataset was enhanced correctly."
[2025-11-04 20:06:02,885][utils.vip_c_dataset][ERROR] - Error loading data for sample index 2553 (ep: 9, t: 246). Error: "Modality 'goal_image_primary' not found in the index for episode 9. Please ensure the dataset was enhanced correctly."
[2025-11-04 20:06:02,886][utils.vip_c_dataset][ERROR] - Error loading data for sample index 2554 (ep: 9, t: 247). Error: "Modality 'goal_image_primary' not found in the index for episode 9. Please ensure the dataset was enhanced correctly."
[2025-11-04 20:06:02,886][utils.vip_c_dataset][ERROR] - Error loading data for sample index 2555 (ep: 9, t: 248). Error: "Modality 'goal_image_primary' not found in the index for episode 9. Please ensure the dataset was enhanced correctly."
[2025-11-04 20:06:02,886][utils.vip_c_dataset][ERROR] - Error loading data for sample index 2556 (ep: 9, t: 249). Error: "Modality 'goal_image_primary' not found in the index for episode 9. Please ensure the dataset was enhanced correctly."
[2025-11-04 20:06:02,887][utils.vip_c_dataset][ERROR] - Error loading data for sample index 2557 (ep: 9, t: 250). Error: "Modality 'goal_image_primary' not found in the index for episode 9. Please ensure the dataset was enhanced correctly."
[2025-11-04 20:06:02,887][utils.vip_c_dataset][ERROR] - Error loading data for sample index 2558 (ep: 9, t: 251). Error: "Modality 'goal_image_primary' not found in the index for episode 9. Please ensure the dataset was enhanced correctly."
[2025-11-04 20:06:02,888][utils.vip_c_dataset][ERROR] - Error loading data for sample index 2559 (ep: 9, t: 252). Error: "Modality 'goal_image_primary' not found in the index for episode 9. Please ensure the dataset was enhanced correctly."
[2025-11-04 20:06:02,888][utils.vip_c_dataset][WARNING] - An entire batch of data loading failed. Skipping batch.
[2025-11-04 20:06:02,889][utils.vip_c_dataset][ERROR] - Error loading data for sample index 2560 (ep: 9, t: 253). Error: "Modality 'goal_image_primary' not found in the index for episode 9. Please ensure the dataset was enhanced correctly."
[2025-11-04 20:06:02,889][utils.vip_c_dataset][ERROR] - Error loading data for sample index 2561 (ep: 9, t: 254). Error: "Modality 'goal_image_primary' not found in the index for episode 9. Please ensure the dataset was enhanced correctly."
[2025-11-04 20:06:02,890][utils.vip_c_dataset][ERROR] - Error loading data for sample index 2562 (ep: 9, t: 255). Error: "Modality 'goal_image_primary' not found in the index for episode 9. Please ensure the dataset was enhanced correctly."
[2025-11-04 20:06:02,891][utils.vip_c_dataset][ERROR] - Error loading data for sample index 2563 (ep: 9, t: 256). Error: "Modality 'goal_image_primary' not found in the index for episode 9. Please ensure the dataset was enhanced correctly."
[2025-11-04 20:06:02,891][utils.vip_c_dataset][ERROR] - Error loading data for sample index 2564 (ep: 9, t: 257). Error: "Modality 'goal_image_primary' not found in the index for episode 9. Please ensure the dataset was enhanced correctly."
[2025-11-04 20:06:02,891][utils.vip_c_dataset][ERROR] - Error loading data for sample index 2565 (ep: 9, t: 258). Error: "Modality 'goal_image_primary' not found in the index for episode 9. Please ensure the dataset was enhanced correctly."
[2025-11-04 20:06:02,892][utils.vip_c_dataset][ERROR] - Error loading data for sample index 2566 (ep: 9, t: 259). Error: "Modality 'goal_image_primary' not found in the index for episode 9. Please ensure the dataset was enhanced correctly."
[2025-11-04 20:06:02,892][utils.vip_c_dataset][ERROR] - Error loading data for sample index 2567 (ep: 9, t: 260). Error: "Modality 'goal_image_primary' not found in the index for episode 9. Please ensure the dataset was enhanced correctly."
[2025-11-04 20:06:02,892][utils.vip_c_dataset][ERROR] - Error loading data for sample index 2568 (ep: 9, t: 261). Error: "Modality 'goal_image_primary' not found in the index for episode 9. Please ensure the dataset was enhanced correctly."
[2025-11-04 20:06:02,893][utils.vip_c_dataset][ERROR] - Error loading data for sample index 2569 (ep: 9, t: 262). Error: "Modality 'goal_image_primary' not found in the index for episode 9. Please ensure the dataset was enhanced correctly."
[2025-11-04 20:06:02,896][utils.vip_c_dataset][ERROR] - Error loading data for sample index 2570 (ep: 9, t: 263). Error: "Modality 'goal_image_primary' not found in the index for episode 9. Please ensure the dataset was enhanced correctly."
[2025-11-04 20:06:02,897][utils.vip_c_dataset][ERROR] - Error loading data for sample index 2571 (ep: 9, t: 264). Error: "Modality 'goal_image_primary' not found in the index for episode 9. Please ensure the dataset was enhanced correctly."
[2025-11-04 20:06:02,897][utils.vip_c_dataset][ERROR] - Error loading data for sample index 2572 (ep: 9, t: 265). Error: "Modality 'goal_image_primary' not found in the index for episode 9. Please ensure the dataset was enhanced correctly."
[2025-11-04 20:06:02,898][utils.vip_c_dataset][ERROR] - Error loading data for sample index 2573 (ep: 9, t: 266). Error: "Modality 'goal_image_primary' not found in the index for episode 9. Please ensure the dataset was enhanced correctly."
[2025-11-04 20:06:02,898][utils.vip_c_dataset][ERROR] - Error loading data for sample index 2574 (ep: 9, t: 267). Error: "Modality 'goal_image_primary' not found in the index for episode 9. Please ensure the dataset was enhanced correctly."
[2025-11-04 20:06:02,899][utils.vip_c_dataset][ERROR] - Error loading data for sample index 2575 (ep: 9, t: 268). Error: "Modality 'goal_image_primary' not found in the index for episode 9. Please ensure the dataset was enhanced correctly."
[2025-11-04 20:06:02,899][utils.vip_c_dataset][ERROR] - Error loading data for sample index 2576 (ep: 9, t: 269). Error: "Modality 'goal_image_primary' not found in the index for episode 9. Please ensure the dataset was enhanced correctly."
[2025-11-04 20:06:02,900][utils.vip_c_dataset][ERROR] - Error loading data for sample index 2577 (ep: 9, t: 270). Error: "Modality 'goal_image_primary' not found in the index for episode 9. Please ensure the dataset was enhanced correctly."
[2025-11-04 20:06:02,900][utils.vip_c_dataset][ERROR] - Error loading data for sample index 2578 (ep: 9, t: 271). Error: "Modality 'goal_image_primary' not found in the index for episode 9. Please ensure the dataset was enhanced correctly."
[2025-11-04 20:06:02,901][utils.vip_c_dataset][ERROR] - Error loading data for sample index 2579 (ep: 9, t: 272). Error: "Modality 'goal_image_primary' not found in the index for episode 9. Please ensure the dataset was enhanced correctly."
[2025-11-04 20:06:02,901][utils.vip_c_dataset][WARNING] - An entire batch of data loading failed. Skipping batch.
[2025-11-04 20:06:02,917][train_vip_c][ERROR] - Training was interrupted by an exception: need at least one array to concatenate
Traceback (most recent call last):
  File "C:\Users\Hellx\Documents\Programming\python\Project\redhot\train\train_vip_c.py", line 646, in main
    trainer.fit(model, datamodule=datamodule, ckpt_path=cfg.training.resume_from_checkpoint)
  File "C:\Users\Hellx\Documents\Programming\python\Project\dgpo_project\venv\lib\site-packages\pytorch_lightning\trainer\trainer.py", line 560, in fit
    call._call_and_handle_interrupt(
  File "C:\Users\Hellx\Documents\Programming\python\Project\dgpo_project\venv\lib\site-packages\pytorch_lightning\trainer\call.py", line 49, in _call_and_handle_interrupt
    return trainer_fn(*args, **kwargs)
  File "C:\Users\Hellx\Documents\Programming\python\Project\dgpo_project\venv\lib\site-packages\pytorch_lightning\trainer\trainer.py", line 598, in _fit_impl
    self._run(model, ckpt_path=ckpt_path)
  File "C:\Users\Hellx\Documents\Programming\python\Project\dgpo_project\venv\lib\site-packages\pytorch_lightning\trainer\trainer.py", line 973, in _run
    call._call_setup_hook(self)  # allow user to set up LightningModule in accelerator environment
  File "C:\Users\Hellx\Documents\Programming\python\Project\dgpo_project\venv\lib\site-packages\pytorch_lightning\trainer\call.py", line 108, in _call_setup_hook
    _call_lightning_datamodule_hook(trainer, "setup", stage=fn)
  File "C:\Users\Hellx\Documents\Programming\python\Project\dgpo_project\venv\lib\site-packages\pytorch_lightning\trainer\call.py", line 199, in _call_lightning_datamodule_hook
    return fn(*args, **kwargs)
  File "C:\Users\Hellx\Documents\Programming\python\Project\redhot\train\train_vip_c.py", line 95, in setup
    self.action_normalizer.fit(np.concatenate(all_actions).reshape(-1, self.cfg.model.controller_cfg.action_dim))
ValueError: need at least one array to concatenate
[2025-11-04 20:06:02,927][train_vip_c][INFO] - W&B run finalized.
